start	end	text
600	7300	Eh ben c'est vendredi et on appelle l'hôte Grand Jig, c'est parti !
7300	14000	Est-ce que je vais tenir cette voix longtemps ? Je crois pas, je me prends une petite gorgée de bibille, une petite gorgée de bibille tranquillou !
15540	20620	Quoi ? Qu'est-ce qu'il se passe ?
20620	22360	Qu'est-ce qu'il y a déjà ?
22360	25180	Qu'est-ce que tu me veux encore ? Pourquoi tu m'appelles ?
25180	29300	Attends, déjà, je vérifie, il n'y a pas de VPN, il n'y a pas de saloperie ?
29300	32520	Là, écoute, tu m'as répondu dans l'instant, donc je pense qu'on est bon.
32820	33820	Normalement, on est pas mal.
34620	34940	Voilà.
35360	38300	Alors, qu'est-ce qu'il dit, la grande carcasse ?
39920	42020	Premièrement, il dit qu'il a merdé.
42540	43460	Qu'est-ce que tu as fait ?
43460	44020	Il dit qu'il a merdé.
45020	46560	Disons que je suis en train de me verser une bière.
47240	50180	Ah ben moi aussi, elle est déjà versée, elle est déjà en train d'être bue.
50380	55640	Ben oui, ben oui, mais bon, moi, voilà, elle ne m'appartient pas, donc je vais la boire avec des larmes.
55760	57320	Voilà ce qu'il va se passer.
57320	59280	Ah ça y est, tu ouvres le...
59280	61040	Les bières interdites ?
61040	62760	Oui, ben ça, j'en prendrai qu'une, voilà.
63740	64340	Mais tu sais quoi ?
64340	66720	J'ai eu une dure journée, j'en prendrai qu'une.
67280	69260	Ouais, ouais, on dit ça, mais tu sais quoi ?
69260	70020	Il t'en a pas parlé.
70300	71440	Pourquoi il t'en a pas parlé ?
71440	72660	Parce qu'il a pas écouté le podcast.
72820	73260	Et s'il a pas écouté...
73260	74500	Si, il m'en a parlé, il m'en a parlé.
75360	76160	Et il t'a dit quoi ?
76160	77560	Bien sûr que si, il m'en a parlé.
78400	83000	Il était mort de rire et qu'il avait dit à sa meuf, je suis persuadé qu'il va boire mes bières, voilà.
83600	84660	Parce qu'il me connaît, cet enculé.
84660	89620	Donc il savait que j'allais craquer et que l'alcool c'est plus fort que l'amitié, voilà, bon ben c'est dit.
89800	96760	Mais est-ce qu'il avait entendu l'épisode où tu dis que tu vas le faire ?
96760	97000	Non.
97720	99440	Donc il écoute pas le podcast ?
99440	100200	Il le savait avant.
100460	102020	Donc il écoute pas le podcast ?
102020	102740	Si, il écoute.
102800	104000	Non, non, mais il le savait depuis longtemps.
104080	106600	Non, mais là, il a pas écouté, si t'as pas entendu dire ça.
109500	110660	Ah, euh...
110660	112060	Si, si, là, il a écouté.
112540	113000	Ah, d'accord.
113000	113080	D'accord.
114400	114640	Mais il savait.
114660	115660	Il savait avant et après.
115700	119680	Mais après, quand t'as dit que t'allais le faire, il t'a dit après, t'as ma bénédiction ?
119680	123100	Ben disons qu'après, ça a confirmé ses doutes.
123180	124180	Ah non, non, il est loin de là.
124800	126600	Il m'a pas dit du tout qu'il était d'accord.
127120	130160	Il m'a juste dit, bon, je savais que t'allais craquer, j'en ai parlé à ma meuf, voilà.
130840	134180	Et écoute, en même temps, parce que c'est pas un bon ami, il a pensé que t'allais être une merde.
134300	136660	Qu'est-ce que t'as fait ? T'as été une merde comme quoi il te connaît bien ?
137600	140140	C'est ça, mais c'est ça, c'est ça, c'est ça.
140140	144560	C'est pour ça que moi-même, là, je me dis, ben finalement, écoute, t'as été qu'une merde, voilà.
145020	146960	Tu vois, tous les deux, on a déjà fait de la bière ensemble.
148160	149060	Avec le bureau, là.
149100	150360	Tu te rappelles quand on avait mangé beaucoup trop de bière ?
150360	150960	C'est vrai, oui.
151460	153320	Si t'avais mes bières, ben tu pourrais les boire.
153320	154500	Oui, je me souviens.
154660	155320	Tu pourrais les boire.
156120	156380	Ben oui.
156980	157580	C'est vrai ?
157580	157900	Ben oui.
159160	160720	Oh, ça, ça, c'est chic.
161000	161140	Ça.
161920	162360	Alors ça.
162520	163040	Sauf que nous...
163040	165040	Bon, je les ai pas, du coup, ça sert à rien de dire ça.
165040	167920	Et d'ailleurs, si j'avais une Ferrari, je te la prêterais.
170140	170460	Mais...
170460	171620	Putain.
172080	174060	Bon, tu vois, ça, c'est l'esprit caustique.
174100	178520	Et si j'avais une maison de vacances dans le sud de la France, je t'inviterais.
179440	181240	Ah non, parce qu'il se trouve qu'en fait, ça, j'ai.
181380	182140	Ben t'en as une, non ?
182140	183480	Ouais, et en fait, non.
183480	183860	Ben ouais ?
183860	185520	Non, ça marche pas, ce truc, en fait.
185860	186180	Parce que...
186180	186420	Merde.
186840	187000	Ouais.
187840	188740	J'ai tendance à...
188740	189440	Ah, ça a failli...
189440	190440	J'ai failli te piéger.
190760	192760	J'ai tendance à être plus généreux avec les trucs que j'ai pas.
196200	197200	Ah oui, alors, je comprends bien.
197280	197820	Oui, moi, c'est pareil.
198300	200120	Mais t'es sûr que t'as pas ton VPN ?
200140	202460	Putain, ça réussit, ça fait chier.
202960	203880	Non, je comprends pas.
204500	204940	Non, non.
206620	208440	Parce qu'il y a ce petit moment de latence.
209140	210220	Ah, c'est relou, hein.
210280	210920	Parce que...
210920	212260	Parce que pourtant, j'ai coupé, hein.
214020	215840	Ouais, t'as l'air vraiment énervé, en plus.
216040	218040	Ah, ben non, mais ça m'agace vraiment.
218840	219640	Parce que c'est chiant.
220280	221740	Des fois, je le veux, des fois, je le veux pas.
221800	222600	Mais il se met automatiquement.
223460	224900	Non, mais là, je l'ai enlevé, hein.
225360	225940	Écoute, attends.
226340	227680	Hop, tu sais quoi ?
227680	228560	Je raccroche, je te rappelle.
228880	229120	Hop.
229980	230120	Hop.
230140	231380	Hop, la grande gigue, dans sa gueule.
231500	232340	Vous y attendez pas, là, ça.
233100	234320	Hop, je recompose le numéro.
237800	238440	Allô ?
238440	238680	Hey.
239160	239320	Ouais.
240160	241460	Oh, tu robotes, tu robotes.
241480	242940	Qu'est-ce que vous me voulez ?
242940	243880	Qu'est-ce que je veux ?
243880	246120	Je veux amuser la galerie, c'est ça que je veux.
247300	249340	C'est ça, c'est ça, tu veux te marrer, c'est ça que tu veux.
249480	250440	Ouais, je veux du rire, ouais.
251800	252300	Ouais, OK.
253500	254480	Ouais, ouais, ouais.
254720	255760	Bah ouais, bah je le dis, ouais.
255920	256720	Ouais, j'assume, ouais.
256720	257020	Bah ouais.
257400	258280	Qu'est-ce que tu veux ?
258280	259100	Je suis franco de port.
259100	259220	Ouais.
259440	259980	Je te le dis, je veux...
259980	260600	Je veux me marrer.
261080	261880	J'en ai marre.
262200	262960	Les infos.
263000	263420	T'es cash.
263580	264080	T'es cash.
264680	266980	La tristounette, tous les jours, les gens, voilà.
267120	269080	Moi, je veux me marrer, moi.
269520	270220	Parle-moi, tiens.
270340	272520	Parle-moi, dis-moi un truc marrant.
275180	277860	Écoute, un truc marrant, en tant que...
277860	286100	Alors, si j'ai entendu une imitation de Kali aujourd'hui,
286200	287360	ça m'a fait mourir de rire, voilà.
288120	289280	Augustin ?
289280	289820	Oui, je l'ai...
289820	289840	Je l'ai...
289840	289880	Je l'ai...
289880	289960	Je l'ai...
289960	289980	Je l'ai...
289980	290760	Et j'avoue que...
290760	291380	Exactement.
291500	293460	Le début de la vidéo est incroyable.
294820	295860	Toute la vidéo est incroyable.
295860	297620	Je conseille à tout le monde d'aller voir
297620	301920	Augustin Chacalpopoulos de Dava sur son compte Twitter
301920	305060	qui a imité Kali à la perfection.
306100	307780	Pour aucune raison, en plus.
308220	310140	Vraiment, comme ça, au pif.
310320	314100	Non, non, mais c'était mon petit rayon de soleil de la semaine, tu vois.
314640	315900	Moi, c'est...
315900	317940	J'ai revu des bloopers de Anchorman.
318080	319100	Je te les ai envoyés, d'ailleurs,
319100	319960	le moment où...
319960	320380	Où Will Ferrell...
320380	321700	Oui, bien sûr, oui, oui, incroyable.
321880	324600	Fait craquer Paul Rudd en lui disant qu'il se branle
324600	326640	et qu'il comprend ce que...
326640	327740	Quand il a vu...
327740	330320	Ce large...
330320	332820	Cette large somme de sperme sortir de son pénis,
332900	335700	il comprend ce qu'ont ressenti les villageois à Pompéi.
336360	338720	Et Paul Rudd s'est improvisé,
338800	340360	donc Paul Rudd essaye de ne pas rire,
340660	341740	mais il n'y arrive pas du tout.
342120	343740	Et lui, il continue, quel enfoiré.
344060	346240	Je me suis fait 20 minutes de Will Ferrell
346240	348080	qui, en fait, ruine des films, en fait.
348180	348380	C'est ça qu'il fait.
348380	349100	Il est très, très fort.
349100	349120	Il est très, très fort.
349480	349800	Parce qu'en fait,
349800	352800	son but, c'est de faire marrer les mecs
352800	354300	et donc que ça ne soit pas dans le film.
354860	355800	Et donc...
356480	357780	Mais...
357780	358740	Mais c'est excellent.
358840	360440	C'est peut-être mon acteur comique préféré.
360740	361380	J'ai jamais réfléchi.
361480	362800	C'est quoi ton acteur comique préféré, toi ?
363620	364800	Bon, alors...
365740	367560	Mon acteur comique préféré...
367560	369540	Non, là, je suis trop fatigué pour...
369540	371800	Je te dirai ça lundi, si tu me permets.
371900	372520	D'accord, réfléchis-y.
374080	375020	Parce que...
375020	375660	Je vais réfléchir.
376160	377400	Parce que figure-toi que
377400	379000	notre premier ministre,
379000	380360	il a fait mettre cette adresse à la France.
380680	381280	Ah merde !
381280	382000	Quand ?
383340	383580	Eh oui.
383840	385140	Là, je ne sais pas.
385540	386520	Il n'a prévenu personne.
386720	388660	Donc, c'était en sortie du Conseil des ministres.
389300	391000	Et donc, on est prolongé de 15 jours.
391300	393120	Le podcast est prolongé pour...
393120	394060	Donc, plutôt confiné.
395180	397260	Il est prolongé de 15 jours de plus.
397460	398020	C'est une bonne nouvelle.
398220	399120	Oui, c'est une bonne nouvelle.
399180	399780	Mais ça, on le savait.
399880	401700	Mais on était prolongé d'au moins un mois.
401840	402940	Pourquoi il prolonge de 15 jours ?
402940	403780	On sait que ça va être un mois.
404260	404420	Oui.
406740	408000	Parce qu'il pense que...
408000	408860	J'imagine que les Français
408860	409400	sont trop cons
409400	411260	pour comprendre 6 semaines tout de suite.
411420	412180	Donc, il va dire 2,
412300	413420	puis 2, puis 2, tu vois.
414520	415320	Oui, pour ne pas paniquer,
415420	415820	il dit 15 jours.
415820	417320	C'est le petit problème.
417640	418660	On le sait que c'est 6 semaines.
419040	419360	C'est ça.
419960	420440	Donc, bon.
421240	421920	Bon, OK.
422020	422280	C'est ça.
422540	423840	Moi, j'étais parti pour 6 semaines.
424040	424840	Donc, tes 15 jours,
424920	425700	ils me font marrer.
425960	426740	Là, tu me fais marrer.
427120	427900	Là, tu me fais marrer.
428480	429240	Parce que ça me fait marrer.
429420	430540	Oui, mais en fait,
430640	432340	j'imaginais ça comme...
432340	434080	Bon, tu vois.
435480	436340	Comme quoi ?
436340	440260	Comme un producteur
440260	441580	qui nous signait notre 2e saison.
442580	443320	Ah, oui, oui, oui.
443340	443980	Non, non, mais voilà.
444100	444700	On est parti.
444880	445940	On est parti plutôt confiné.
446020	446700	Et je t'annonce même
446700	447700	que 6 semaines, c'est de la merde.
447800	449160	Il y aura une autre crise très grave.
449500	450640	Non, mais il faut bien comprendre un truc.
451060	452520	Cette crise en France,
453740	454860	ça ne va pas finir
454860	456120	par un aplanissement de la courbe.
456260	457860	Ça va finir par un...
457860	459060	Bon, c'est trop tard.
459180	459980	De toute façon, c'est baisé.
460060	460500	Sortez tous.
461040	461680	Mais c'est comme ça.
461880	463780	On n'aplanira jamais cette courbe.
463860	464420	Ah oui ?
464420	465140	Ah, mais j'en suis sûr.
466340	467520	C'est impossible.
468220	469020	Le début...
469020	470000	Donc, tu crois que ça ne sert à rien,
470060	470920	ce qu'on fait ?
470920	472160	Ah ben non, ça sert à me reposer.
472240	472820	Moi, je suis très content.
472920	474320	J'espère que ça va durer des années.
475080	476420	Mais en vrai,
477420	479900	je pense que tout ce truc finira
479900	481840	globalement, mondialement,
481940	482340	par un...
482340	483100	Bon, ben, tant pis.
486560	487520	Mais là, c'est très dangereux,
487540	487900	ce que tu dis.
489060	490340	Oui, oui, ça fait peur,
490420	491480	mais de toute façon...
491480	492420	C'est presque...
492420	493600	C'est terrible,
493860	494500	ce que vous venez de dire.
494780	495020	Terrible.
496340	498060	Oui, je sais, mais j'ai...
498060	499040	Après, je vois tout au noir.
499480	501380	Mais je pense que ça finira comme ça
501380	502220	parce que...
502220	503380	Parce que...
503380	504720	Comment tu veux contrôler ce truc
504720	506380	si la chaleur ne le tue pas ?
506380	507980	Si le vaccin met encore un an ?
507980	509240	Et si les gens...
509240	510980	Si les frontières s'ouvrent ?
510980	512240	On ne va jamais le tuer, ce truc.
512360	513880	À moins d'arriver...
513880	515940	Ce que les mecs ont l'air de dire,
516040	516860	c'est qu'en fait, là,
516920	517600	le vrai problème,
517780	520100	c'est ce que ça va donner aux États-Unis,
520320	520980	qui est en train de...
520980	522060	Qui est devenu le number one.
523400	525180	Qui sont clairement les plus forts.
525180	526720	Et que donc,
526880	527600	plus de voyages,
527740	528400	plus de commerces
528400	531540	sur une période bien plus longue
531540	533280	que ce qu'ils imaginaient.
535040	535600	Et voilà.
535780	536560	Mais les États-Unis,
536720	538240	ils ont déjà commencé à parler.
539240	541700	Ils sont en train de peut-être
541700	542980	être les premiers du fuck it.
543400	544500	Il y a déjà un mec qui a parlé.
544700	545960	Trump, ça se dit encore.
546080	546760	Il est possible
546760	548460	qu'ils finissent par faire...
548460	548960	Bon, les gars,
549920	551580	eh ben, on y va.
552000	552920	On fait circuler le truc
552920	554340	jusqu'à 70% des gens l'est.
554820	555160	Et on compte pas.
555160	555700	On compte pas les morts,
555800	556960	mais on peut pas tuer le pays, quoi.
557220	557840	C'est possible, hein.
558360	559020	En mode guerrier,
559100	560280	les États-Unis sont capables de le faire.
561880	562960	Moi, j'ai du mal à y croire,
563080	565480	mais ce serait assez...
565480	567560	Ce serait assez beau à voir,
567740	568060	je pense,
568180	570040	en termes de spectacle
570040	571240	pour raconter plus tard
571240	573260	à nos petits-enfants.
574300	576160	Je pense qu'il y a quelque chose à...
576160	576280	Tu vois,
576340	577340	ils se sont laissés crever.
577680	578580	C'était assez dingue,
578780	579040	tu vois.
579280	580300	Je pense qu'il y a un truc comme ça.
580520	581040	Ah non, mais par contre,
581120	581780	ils peuvent le dire,
581840	583060	mais est-ce que les gens le feraient ?
583060	584600	Est-ce que si vraiment les gens...
584600	584940	Déjà,
584940	585620	toi, si demain,
585700	586380	on t'autorise à...
586380	586800	Parce que moi, si demain...
586800	588960	Ça va dépendre des États, non ?
588960	589560	Moi, par exemple,
589640	590420	si demain, on me dit
590420	591180	tu peux sortir,
591580	592000	je sors pas.
594740	595600	Non, mais c'est sûr.
596060	596920	On n'a clairement pas,
597020	597820	mais non, mais c'est sûr.
598480	599500	Moi, si on me dit...
599500	600840	Même à la fin d'avril,
600940	601200	si on me dit
601200	602180	que le confinement est terminé,
602640	603720	tant que les spectacles de stand-up
603720	604240	n'ont pas repris,
604420	605060	s'il y a encore moyen
605060	605940	de bosser à distance,
606080	607180	moi, je sors pas de chez moi
607180	608940	jusqu'à mi-août, quoi.
610120	610560	Je ressors pas.
610560	611540	Mais quel est pour toi
611540	613580	le truc qui te fait dire
613580	614320	ah ok, c'est bon,
614940	617540	quand c'est officiel,
617780	618740	qu'on a tellement de gens
618740	619220	qui l'ont eu,
619680	620760	qu'on fait quoi
620760	621440	avec les autres virus ?
621440	622120	Soit on est vacciné,
622220	623640	soit ils circulent librement,
624040	624920	et tellement de gens l'ont
624920	626060	que c'est plus très grave,
626140	627040	ça touche plus autant de gens.
628480	629080	Oui, mais tu vois,
629160	630440	ça peut être un truc
630440	631080	comme la grippe
631080	632500	qui reviendra tous les hivers.
633100	633640	T'as eu une grippe
633640	634360	ou un corona ?
634360	635620	J'ai eu un corona, tu vois.
636880	637680	J'ai pas du tout envie
637680	639100	de vivre dans un monde coronesque.
639220	639640	Non, moi, j'ai envie
639640	640460	de vivre dans un monde
640460	642420	où je me...
642420	643400	Déjà, la grippe aviaire,
643460	644280	ma mère, elle avait flippé.
644440	644920	Hop !
644920	645640	Vaccin ?
645640	646840	Moi, je suis le gars du vaccin.
649040	649360	Écoute,
649680	651060	j'ai une question pour toi.
651240	654260	Est-ce que tu en veux à la Chine ?
654260	657220	Non, ça aurait pu partir
657220	657800	de n'importe où.
658260	659280	Franchement, vu ce qu'on bouffe
659280	659740	en Auvergne,
659820	660900	ça aurait pu partir d'un fromage.
661260	662220	Je peux pas leur en vouloir.
662800	663320	Ça aurait pu...
663320	664960	Non, mais ça aurait pu partir...
664960	666440	Là, c'est parti d'un pongo.
666880	668000	C'est parti d'un pongo,
668260	669940	mais ça aurait pu partir
669940	670680	de n'importe quoi.
672920	673960	D'accord, d'accord.
673960	674300	Donc,
674540	674900	qu'est-ce qu'il y a ?
674900	676260	Une relation plutôt apaisée
676260	676820	avec la Chine.
677120	677980	Mais c'est pas avec la Chine.
678120	679080	En fait, je pense que ça,
679260	680360	pour de vrai, historiquement,
680580	682020	ça va être le premier truc
682020	684380	vers le fait de se dire
684380	686800	que les décisions doivent être mondiales
686800	687620	maintenant, en gros.
688240	689180	Je pense que ça va être
689180	691300	une étape charnière
691300	693080	vers les frontières
693080	694300	n'ont aucun sens.
694600	695620	Il va falloir un jour
695620	697320	des règles mondiales.
699140	699780	Voilà, écoute,
700240	701940	là, déjà, le premier pas,
702220	703620	toi, tu vois à long terme,
703620	704520	le premier pas, ça a été
704520	705920	que les Chinois ont interdit
705920	707040	officiellement de bouffer
707040	707840	des animaux sauvages.
711380	712600	Ça va être chaud à tenir,
712760	713860	mais ouais, en même temps,
714120	715480	ils ont réussi à dire...
715480	717900	C'est vrai qu'il faut pouvoir dire non
717900	719580	à une petite chauve-souris,
719660	720360	comme ça, l'été.
721360	723780	Après, d'où je remets en cause
723780	725340	la capacité des Chinois
725340	726600	à imposer des trucs
726600	727340	à leur population.
727820	728580	C'est des gars qui ont dit
728580	729060	à tout le monde
729060	730720	qu'un gamin !
730720	731380	Et ils l'ont fait.
731940	732800	C'est quand même fou.
733360	733840	Donc, voilà,
733960	734360	si tu peux,
734360	734840	si tu peux imposer
734840	736440	faire qu'un enfant à des gens,
736780	737540	tu peux leur imposer
737540	737960	de ne pas bouffer
737960	738680	de la chauve-souris
738680	740360	ou de...
740900	742040	Ils ont quand même fait
742040	743820	le confinement au tout début.
744560	745080	Bon, voilà.
745360	746900	Donc, oui, je pense qu'en fait...
746900	748280	Tu sais qu'au final,
748760	749480	ils ont moins de morts
749480	750080	que...
750080	750960	Pas moins de morts.
751460	752140	Enfin, c'est moins de morts
752140	752660	que l'Italie
752660	753360	et surtout,
753900	754760	d'après leurs chiffres,
755220	755820	moins de cas
755820	756960	que les États-Unis, déjà.
757600	758140	Moins de cas
758140	758760	que les États-Unis,
758900	759860	c'est incroyable
759860	760600	et moins de morts
760600	761000	que l'Italie.
761120	761940	Tu te rends compte
761940	762900	que par rapport...
762900	763660	Parce qu'imagine
763660	764340	si eux,
764360	766360	ils prenaient 1%.
766360	769360	Ils sont 1,7 milliard ?
769360	769600	Ouais.
770040	770460	Bon, ben,
770980	771720	ça fait quoi ?
771720	772920	160 millions ?
772920	773440	Non, moins.
774220	775360	17 millions ?
776100	776740	Attends,
776860	777760	tu parles des États-Unis
777760	778220	ou de la Chine ?
778220	779040	Non, mais si les Chinois
779040	779880	avaient perdu 1%
779880	780460	de leur population,
780660	781100	c'est quoi ?
781100	782360	17 millions de morts ?
783320	784500	Ben, ils sont...
784500	785020	On a dit quoi ?
785020	786200	1,3 million ?
786200	787420	1,3 milliard, je veux dire.
787440	788140	1,7 milliard, je crois.
788980	789680	J'en sais rien, en fait.
789920	790340	Un peu moins,
790380	790800	un peu moins,
790900	791300	un peu moins.
791460	791960	Non, mais c'est ça,
791960	792500	c'est à peu près ça.
792640	793160	1 milliard...
793160	794160	Moi, j'avais 1,3 milliard
794160	794820	ou 4 en tête.
795440	795880	Ben, du coup,
796060	797860	voilà, tu fais un produit en croix.
798200	798660	Pas du tout.
798800	799820	Là, tu divises juste par 100
799820	800640	pour trouver 1%.
800640	802380	Alors, attends,
802540	803600	putain, je suis vraiment trop nul.
805120	806640	Alors, désolé,
806780	807420	putain, il y a des gens
807420	807660	qui...
807660	808060	Urbain.
809080	809400	Urbain,
809560	810460	1 milliard
810460	812760	divisé par 100.
813140	813380	Ouais.
814340	814820	Ben, c'est dur.
815220	816020	J'y arrive pas comme ça.
816380	817180	Ben non, c'est pas dur.
817340	818340	C'est une histoire de zéro.
818900	820080	1 milliard,
820160	820720	9 zéros
820720	821660	divisé par 100.
823860	824140	T'as un...
824140	825120	Ça fait 10 millions,
825280	825560	mon vieux.
826620	826900	Ah, voilà.
827140	827860	Donc, c'était bien ça,
827900	828160	1 milliard,
828200	828840	7, 17 millions,
828920	829520	c'est bien ce que je disais.
833020	834280	Non, c'est pas ça ?
834280	834820	Oh, putain.
835040	835700	Si, si, c'est ça.
835800	836180	C'est ça.
836180	836980	C'est ce que je disais,
837020	837560	à la base.
837860	838100	Ouais, ouais,
838140	838380	mais toi,
838460	839660	t'as même pas besoin de compter,
839780	840640	toi, c'est du feeling.
840940	841340	Ben oui,
841560	842000	le calcul,
842100	842480	de toute façon...
842480	842880	Eh, le calcul,
842980	843860	si c'était un truc précis,
843940	844840	ça se saurait déjà.
845180	845400	Déjà.
845420	846460	Bien sûr, bien sûr.
846820	847840	Ça se fait aux doigts mouillés,
848080	848840	c'est comme ça, quoi.
848840	849900	Voilà, tu l'as ressenti,
850040	850460	tu l'as dit.
850800	851780	Putain, mais j'avais pas calculé,
851840	851920	ouais.
852060	852740	Si, après,
853040	853540	c'est vrai que
853540	854440	j'en veux pas aux Chinois,
854560	855280	mais si, au final,
855540	856220	ça part d'eux
856220	857780	et que ça devient les gars
857780	858480	les moins touchés,
859200	860180	c'est un peu chiant.
860860	861220	Faudra...
861220	861520	Faudra...
861520	863560	Faudra leur dire...
863560	864780	Non, mais c'est un peu chiant.
864860	865760	On peut considérer ça
865760	866860	comme un peu chiant.
867620	868340	Mais toi, en plus,
868560	869480	t'es parti de...
869480	869960	T'as dit quoi ?
869960	871260	1% ?
871260	872620	Ouais, je me disais,
872700	872960	en plus,
873100	873640	en étant cool,
873700	874300	1%.
874300	875240	Mais non,
875560	876460	c'est plutôt 3-4,
876620	876920	en vrai.
878840	881120	Donc, partons plutôt,
881180	881440	par exemple,
881500	882080	des États-Unis
882080	882540	où ils sont,
883440	884140	contrairement aux Chinois,
884840	885960	beaucoup en surpoids,
886240	888260	beaucoup avec des comorbidités horribles,
888880	889580	des asthmatiques,
889680	890320	des allergiques,
890420	890920	des gros.
891160	891840	Donc, t'imagines
891840	892760	des diabétiques et tout.
893740	895400	T'imagines le fléau
895400	896160	que ça peut être là-bas.
896760	897320	Ah ouais, non, non,
897320	898440	je pense que ça peut être...
898440	900360	ça peut être incroyable, ouais.
900520	901340	Non, non, mais c'est vrai.
901520	902400	Surtout que...
902400	903880	Surtout que là,
904040	905060	ils sont vachement en retard.
905220	906280	Ils vont avoir énormément de cas.
906340	906760	Alors après,
906840	907320	les États-Unis,
907420	908820	c'est quand même un pays...
908840	909200	Bon, alors,
909280	910520	il y a forcément New York
910520	914500	et quelques mégalopoles
914500	915060	très peuplés,
915180	915780	mais le reste,
915840	916360	c'est quand même des gens,
916480	917420	ils se croisent pas tous les jours,
917500	917600	quoi.
917660	917860	Je veux dire,
917900	918580	entre deux maisons,
919240	920060	tu vois ce que je veux dire ?
920060	920380	Ouais, ouais,
920380	920920	mais bizarrement,
921040	921540	bizarrement,
922260	923020	enfin, non, pas bizarrement,
923060	923260	du coup,
923260	923960	mais tu vois,
924040	925440	on se dit que les méthodes
925440	926360	sont pas les mêmes,
926520	927160	que du coup,
927240	928980	les États réagissent différemment
928980	931160	selon s'ils suivent
931160	931760	ou pas les consignes,
931840	932420	s'ils en appliquent d'autres.
932540	933220	Le plus gros foyer,
933300	933580	en ce moment,
933660	934120	c'est New York,
934240	935260	qui a quand même été...
935260	935620	Oui, voilà,
935620	936300	mais ça, c'est normal.
937040	937640	Ça, c'est normal.
938480	939160	Parce que New York,
939320	940240	c'est justement un truc
940240	941300	où les gens se croisent à fond,
941360	941780	comme Paris.
942280	943140	Et Los Angeles,
943280	944160	ça te dit quoi ?
944160	944880	Los Angeles,
945360	946240	c'est pas mal.
946360	946900	La Californie,
946940	947580	ça a été les premiers
947580	948500	à faire le lockdown.
948800	949460	Là, j'ai quelqu'un
949460	951500	en lockdown en Californie
951500	951780	et ouais,
951880	952680	ça bouge plus, quoi.
952760	953460	Ils ont fait les courses
953460	953920	et depuis,
953980	954380	ça bouge plus.
955580	955900	Ah, donc,
956000	956180	eux,
956320	957680	ils ont pris assez tôt, quoi.
957880	958240	Ouais, ouais,
958500	959480	c'est les plus tôt,
959560	960400	c'est les plus tôt.
960580	960880	Mais bon,
960880	962880	ça va quand même être la merde, hein ?
963680	964280	Bah ouais, ouais,
964320	964700	mais bon,
965620	966720	nous, on est déjà loin,
966780	967840	nous, de notre pic.
968320	969560	C'était, je crois,
969620	971500	365 morts hier en France.
972760	973580	Oui, donc, ouais.
974180	976180	Donc, on va voir ce soir,
976300	976520	tu vois,
976640	977700	mais a priori.
977920	978640	Et sans compter
978640	980420	tous les vieux dans les Ehpad
980420	982440	qui sont pas encore ajoutés
982440	982980	au décompte
982980	984000	et qui vont être ajoutés
984000	984540	la semaine prochaine,
984620	984760	je crois.
984880	985220	Ouais, mais après,
985260	985740	il y a d'autres manières
985740	986440	de compter aussi
986440	988060	parce qu'en vrai,
988540	989580	on compte le corona,
989740	991020	mais on compte pas
991020	991760	le...
991760	992540	Enfin, il y a des vieux
992540	993380	qui seraient passés
993380	994240	de toute façon en vrai
994240	995400	pendant cette période.
995620	996600	Il y a beaucoup,
996760	998200	beaucoup de vieux qui meurent.
998240	999080	Je crois que c'était très...
999080	1000500	Certes, mais bon...
1000500	1001400	Non, on est autour
1001400	1002560	des 13 000 sur la période,
1002660	1003660	normalement, j'avais vu.
1004040	1006040	Bref, faudra voir...
1006040	1006960	En fait, ce que je voudrais voir
1006960	1008060	après cette année,
1008260	1009960	c'est combien de morts de plus
1009960	1010660	dans la saison
1010660	1011760	par rapport à l'année dernière
1011760	1012180	parce que là,
1012220	1013020	on compte tous les morts,
1013640	1014760	mais genre,
1015540	1016380	il y a des morts...
1016380	1016760	Tous les jours,
1016820	1017520	il y a des morts en France,
1017620	1017780	en fait.
1018100	1019160	Des vrais morts et tout.
1019160	1019280	Oui.
1019860	1020800	Et là, il y a peut-être
1020800	1021560	des gens qui seraient morts
1021560	1022140	de toute façon,
1022380	1023400	d'une grippe ou d'autre chose.
1023400	1025440	Oui, d'accord,
1025560	1025980	mais bon, là,
1025980	1027180	je pense que ce n'est pas
1027180	1027760	tant la question.
1028020	1028720	C'est évidemment
1028720	1029880	qu'un mec
1029880	1030740	qui a une pneumonie
1030740	1031760	de 95 ans
1031760	1032980	est un peu plus...
1032980	1035920	un peu plus exposé, quoi.
1036140	1038180	Mais ce qui est intéressant,
1038300	1038980	c'est de voir aussi,
1039100	1039620	tu vois,
1040360	1041120	à quel point ça fait
1041120	1043440	une différence dans les stats
1043440	1046160	par rapport à un hiver classique
1046160	1047380	avec juste la grippe.
1047720	1048340	C'est ça,
1048480	1049320	exactement ce que je dis.
1049660	1050840	Et j'en ai un peu marre
1050840	1051400	de ce décompte.
1051500	1051800	C'est pour ça
1051800	1052640	que je ne regarde jamais les infos.
1052960	1053380	C'est un support
1053380	1053700	portable.
1054040	1054620	Il faut arrêter
1054620	1055660	de compter tous les morts.
1055760	1055920	Maintenant,
1055980	1056620	les morts en Europe,
1057100	1058220	ce décompte des morts,
1058880	1060040	il faut arrêter, quoi.
1060280	1060800	En fait,
1061000	1061880	c'est comme le décompte
1061880	1062340	des malades.
1063040	1063720	Il n'a aucun sens.
1064220	1065040	Nous, il n'a aucun sens
1065040	1066180	parce qu'on ne teste personne.
1066760	1067940	Donc, tu vois,
1068760	1070020	moi, j'ai trois potes
1070020	1070360	qui me disent
1070360	1070920	qu'ils ont perdu
1070920	1071800	le goût et l'odorat
1071800	1072520	et qu'ils n'ont pas
1072520	1073660	d'autres symptômes.
1074120	1075500	Mais ils ont perdu
1075500	1076100	le goût et l'odorat.
1076260	1076600	Ça veut dire
1076600	1077640	qu'ils ont le coronavirus
1077640	1078860	et ils ne sont évidemment
1078860	1079340	pas comptés.
1080000	1081280	Et le nombre de mecs,
1081280	1083020	moi, j'ai des amis
1083020	1083800	qui ont été malades,
1083920	1084680	qui sont restés chez eux
1084680	1085940	et qui vont mieux
1085940	1087420	et qui sont quasi sûrs
1087420	1088640	que c'était ça
1088640	1090120	et pas une grippe.
1091320	1092180	Ils ne sont pas comptés.
1092440	1092900	Donc ça, déjà,
1093040	1093740	le nombre de malades,
1094000	1094580	ça n'a aucun sens.
1094720	1095000	Et ensuite,
1095060	1095620	le nombre de morts,
1095880	1097220	si on compte que les personnes
1097220	1099520	mortes dans les hôpitaux
1099520	1101340	et à qui on a fait faire un test,
1101900	1103180	ça n'a aucun sens non plus.
1103900	1104680	Après, on se base
1104680	1105540	sur des Chinois
1105540	1106260	qui nous ont donné
1106260	1107120	les chiffres qu'ils voulaient.
1108440	1108660	Tu vois,
1109300	1110920	tous ces chiffres
1110920	1111260	n'ont aucun sens.
1111280	1111980	Ça donne une sorte
1111980	1113540	de température vite fait
1113540	1114680	de la situation.
1114960	1115620	Oui, mais en plus,
1115740	1116320	voilà, c'est que
1116320	1117800	déjà, ils sont flippants
1117800	1118420	et en plus,
1118560	1118860	normalement,
1118920	1119600	c'est dix fois plus.
1120440	1121440	Donc bon,
1121760	1122300	il faut arrêter.
1122680	1123480	J'ai envie de dire arrêter.
1123800	1124080	Mais en même temps,
1124120	1124760	ils seraient cons d'arrêter
1124760	1125420	parce que les médias,
1125480	1126100	c'est aussi un business
1126100	1126580	mais c'est peut-être
1126580	1127600	le seul qui marche en ce moment
1127600	1128680	et s'ils arrêtent d'en parler,
1129460	1131060	les gens vont arrêter
1131060	1131440	de regarder.
1131880	1132580	Donc je comprends
1132580	1133380	qu'ils fassent peur
1133380	1133820	mais moi,
1134120	1134880	j'ai vraiment décidé
1134880	1136000	d'arrêter de regarder.
1140060	1140980	Là, je ne t'entends plus.
1141280	1145460	Qu'est-ce qui se passe ?
1145460	1147280	Pourquoi ça s'est arrêté ?
1149280	1151280	On avait perdu...
1152720	1155560	Il y a une limite de temps ?
1155560	1155760	Je ne sais pas.
1155820	1156860	Ça a coupé, non ?
1156860	1157240	C'est bizarre.
1157540	1158580	Oui, peut-être que tu as dit
1158580	1159040	que les Chinois
1159040	1160220	avaient falsifié les chiffres aussi.
1160680	1160840	Voilà.
1162020	1162700	Non, non, mais attends.
1163180	1165740	On appelle via Zuckerberg.
1165900	1166280	Il n'y a pas de...
1166900	1167860	Je n'ai rien dit sur les états...
1167860	1168340	Ah si, j'ai dit
1168340	1169380	qu'ils étaient gros et diabétiques.
1169500	1169700	Merde.
1170660	1171260	C'est...
1171260	1172000	C'est les USA,
1172160	1172820	c'est la CIA, ça.
1172900	1173280	Ne cherche pas.
1173440	1173860	Oui, oui.
1174960	1177380	Mais on a plusieurs messages
1177380	1178040	de mecs de la CIA
1178040	1178660	qui suivent beaucoup
1178660	1179200	plutôt caustique.
1179260	1180560	I love Christophe Siebert.
1181160	1182000	Yes, yes.
1183660	1185000	Je vois le gros
1185000	1186400	du bureau des légendes
1186400	1187040	avec son boucle.
1187560	1187960	Yeah.
1188880	1190040	Christophe Siebert.
1191240	1191680	Anteros.
1193600	1196200	What is Anteros ?
1196200	1198220	What is Fast Grammar ?
1198220	1198260	What is Fast Grammar ?
1198260	1199260	What is Fast Grammar ?
1199260	1199340	What is Fast Grammar ?
1199340	1200140	What is Fast Grammar ?
1200140	1200700	What is Fast Grammar ?
1200700	1201240	What is Fast Grammar ?
1201260	1203840	Bon, mais de toute façon,
1203940	1204840	on avait fait plus ou moins
1204840	1205840	le tour de cette fin
1205840	1206520	de semaine 2.
1206800	1207200	C'est vrai.
1207760	1209100	Du coup, vous insistez toujours
1209100	1209820	pas faire d'épisode
1209820	1210320	de week-end.
1211580	1212120	Ah oui, non, non.
1212200	1212400	Repos.
1212560	1212880	Repos.
1213300	1213660	Repos.
1213840	1216020	Et je vous comprends bien.
1217060	1218260	Eh bien, écoutez-vous
1218260	1219060	les autres épisodes.
1220040	1221320	Figure-toi que les épisodes
1221320	1223960	sont un peu moins écoutés
1223960	1224860	qu'un épisode d'habitude,
1225080	1226240	mais normal,
1226620	1227580	un trend normal.
1228140	1228280	Voilà.
1228540	1229560	Alors, ce qui est fou,
1230360	1231100	ce qui est quand même fou,
1231260	1231720	ce qui est dingue,
1231740	1233520	ce qui est fou,
1233960	1234760	c'est que...
1234760	1235560	Malade !
1235560	1236720	Malade !
1236720	1237420	Ce qui est malade,
1237540	1238700	c'est qu'on avait sorti
1238700	1239560	avant de lancer
1239560	1240420	Plutôt Confiné,
1240860	1241980	peut-être, je ne sais pas,
1242300	1243120	deux jours avant,
1243600	1244340	trois jours avant,
1245040	1247120	un épisode coronavirus spécial
1247120	1250120	qui est sorti, donc,
1250500	1252220	je crois, à la mi-marche.
1252700	1255160	Et en plus de ça,
1255320	1256140	on avait sorti
1256140	1256820	Impassion Clue
1256820	1257580	le 1er mars.
1257880	1258480	Ce qui fait qu'on est
1258480	1259080	dans un mois
1259080	1260460	d'une productivité
1260460	1261100	Oui, j'avoue.
1261260	1261480	Rare.
1261920	1262740	J'avoue, j'avoue.
1263920	1265360	Merci pour tous les messages
1265360	1265900	qu'on a reçus.
1265980	1266580	On a reçu, du coup,
1266620	1267280	beaucoup de 5 étoiles.
1267720	1268160	En fait,
1268720	1270660	n'hésitez pas
1270660	1271720	à parler de Plutôt Caustique
1271720	1272220	autour de vous.
1272500	1273500	Voilà, on doit, on doit.
1273620	1274080	Tout simplement,
1274300	1274780	tout simplement,
1274900	1275380	c'est ça, en fait.
1275880	1277000	Parce que je crois que...
1277000	1277940	Mais tu sais quoi ?
1277940	1279320	Je sais qu'on a des fans, fans,
1280040	1280600	mais justement,
1280800	1282200	je crois qu'ils n'aident pas
1282200	1283100	à trop parler du truc
1283100	1283600	parce que je crois
1283600	1284740	qu'ils veulent garder...
1284740	1286280	Ils veulent que ce soit...
1286280	1287100	Tu vois ce que je veux dire ?
1287100	1287620	Ils veulent que ce soit...
1287620	1288340	Moi, je ferais pareil.
1288540	1289680	Je serais comme ça, moi.
1289680	1291700	Mais moi, pas.
1291820	1292480	Moi, je suis une petite pute.
1292540	1293300	Je veux passer chez Arthur.
1294360	1294400	Donc...
1294400	1296420	J'aime pas trop...
1296420	1298280	J'aime pas trop, tu sais...
1298280	1299240	Après, tu donnes ça aux gens
1299240	1299760	et puis après,
1299940	1300440	ils viennent,
1300520	1301380	ils disent n'importe quoi
1301380	1304360	et ils ternissent un peu ton truc
1304360	1304920	et puis après,
1305040	1305860	ils ont peur que nous,
1305920	1306640	on s'éloigne,
1306740	1307860	qu'on prenne la grosse tête.
1309280	1309740	Tu vois,
1309880	1310980	ils ont peur qu'on change.
1311400	1312180	Ouais, je sais,
1312360	1313460	mais peut-être que si on était
1313460	1316640	genre le 572e podcast français,
1316640	1318720	peut-être que je perdrais les pédales,
1318820	1319360	ouais, c'est sûr,
1319460	1319640	mais...
1320080	1320620	Ouais, mais oui,
1320700	1321320	mais toi, je te connais.
1322120	1323040	Ça partirait trop vite.
1323380	1324640	Ouais, bah, écoute...
1325880	1327820	Peut-être que je vais me brûler,
1327960	1328820	peut-être que j'ai envie de voyager
1328820	1330520	un peu trop près des étoiles
1330520	1331520	et que je vais me cramer la gueule.
1331940	1332920	Ouais, mais...
1332920	1333880	Mais ce serait beau, putain.
1334020	1334880	Je préfère cette vie-là.
1334960	1336000	Je préfère être le James Dean
1336000	1336960	du podcast français
1336960	1337640	qu'être le...
1338300	1339440	qu'être le Jean Benguigui
1339440	1340220	du podcast français.
1340620	1342060	Et je serais donc
1342060	1343720	le Renaud du podcast français.
1346360	1348140	Le Renaud, le Renaud...
1348140	1348880	Tout court, même.
1349680	1350880	Je serais Renaud.
1351280	1352080	Quand est-ce que vous allez...
1352080	1353500	Quand est-ce que vous allez vous faire un book
1353500	1354920	porter un perfecto
1354920	1356380	et un bandana rouge, par exemple ?
1356380	1357440	Alors, le perfecto, j'ai.
1357520	1358080	J'ai pas le book,
1358160	1358820	j'ai pas le bandana.
1359400	1359680	Putain.
1360120	1361400	Alors, après, j'étais à deux doigts
1361400	1362180	de faire une connerie
1362180	1364160	parce que là, bon,
1364200	1365120	il nous a prolongé, quoi,
1365200	1365820	de deux semaines.
1366180	1368360	Ah, mais t'as failli te raser, toi, aussi ?
1368360	1369420	Ah non, bah, moi, je suis rasé, là.
1369480	1372100	Je suis en moustache depuis 15 jours.
1373620	1374760	Ça me va, c'est pas grave.
1375240	1377260	Je pensais plus du côté cheveux
1377260	1378040	que j'allais faire une connerie.
1378720	1379160	J'ai failli aussi...
1379160	1379900	J'ai failli aussi...
1379900	1381340	Moi, la barbe, j'ai un peu envie.
1381420	1382360	Le problème, c'est que je fais des vidéos
1382360	1382860	tous les jours.
1382920	1383940	Mais c'est vrai que,
1384060	1384720	comme d'autres personnes,
1384800	1385660	j'aimerais bien...
1385660	1385940	Parce qu'en fait,
1385980	1386900	j'ai pas vu ma tête, là,
1386940	1387920	depuis 5-6 ans.
1388220	1388740	J'aimerais bien voir
1388740	1389800	à quel point j'ai vieilli, quand même.
1389920	1390740	Enfin, non, j'aimerais pas voir.
1390760	1392020	Eh bah, écoute, c'est ça.
1392200	1393060	Moi, c'est ça.
1393140	1393840	C'est très, très rare.
1394000	1394800	Je l'avais fait cet été.
1395440	1396520	Je n'avais pas enlevé ma barbe
1396520	1397140	depuis des années.
1397960	1398800	Eh bah, ça...
1398800	1400720	Il faut quelques jours
1400720	1401300	pour s'habituer.
1401580	1401880	Ah ouais ?
1401880	1403400	Tu n'as plus la même tête.
1403580	1404640	Je peux te spoiler,
1404760	1405760	tu n'as plus la même tête
1405760	1406460	sous ta barbe.
1406620	1407660	Ouais, je sais, je sais.
1407800	1408340	Et oui, oui.
1408620	1409720	Et quand tu dis s'habituer,
1410120	1411040	c'est juste que le temps
1411040	1411800	que la barbe repousse,
1411900	1412720	tu t'es pas habitué, en fait.
1412920	1413500	C'est juste que...
1413500	1415020	Revenu comme avant, en fait.
1415600	1416620	C'est tout ce qui s'est passé.
1417060	1419180	Ne plus voir les dégâts du temps.
1419380	1420060	C'est ça que je veux dire.
1420240	1421240	Le mec, il a la gueule
1421240	1422460	de Tom Hanks dans Castaway.
1422580	1423660	C'est bon, je suis habitué, là.
1424100	1424980	Finalement, sans barbe,
1425200	1425620	on est bien.
1426740	1427480	Ah, je suis pas mal.
1428340	1429420	Bon, eh bah, écoute,
1429420	1430680	cette semaine, on l'a faite.
1430940	1431500	On l'a tenue.
1431520	1432000	On l'a tenue,
1432200	1433080	on tiendra les autres.
1433240	1434320	On a eu un autre message
1434320	1435520	sur Twitter de quelqu'un
1435520	1436220	qui nous a dit qu'on était
1436220	1437040	les 15 meilleures minutes
1437040	1437860	de son télétravail.
1438420	1440120	Et chaque petit message comme ça,
1440640	1441880	personnel, nous réconforte.
1441940	1443360	Moi, s'il n'y avait qu'une personne
1443360	1444220	sur Terre qui me disait
1444220	1445360	franchement, sans plus de caustique,
1445440	1446400	j'arriverais pas à voyager,
1446500	1447160	j'arriverais pas à faire...
1447160	1448320	Eh bah, je continuerais le podcast.
1448700	1449460	Donc, merci à toi.
1449460	1450440	Il y a aussi des gens
1450440	1454180	qui nous ont dit
1454180	1455000	qu'ils avaient le coronavirus
1455000	1455660	sur Twitter.
1455980	1456680	Ah ouais ? Merde.
1457060	1458200	Et qui ont parlé avec nous,
1459420	1460860	je suis à J plus 7 des symptômes.
1461360	1462080	Les 4 premiers jours
1462080	1462920	ont été les plus durs.
1463040	1463780	Maintenant, ça va mieux,
1463960	1464880	mais je n'ai pas de goût
1464880	1466120	ni d'odorat depuis 3 jours.
1466420	1466820	Putain, mais ça,
1466880	1467520	j'ai vraiment pas envie
1467520	1468520	de perdre le goût ni l'odorat, moi.
1469260	1470100	Eh bah oui, j'imagine.
1470240	1471140	Et là, un mec lui répond,
1471260	1471920	t'as de la chance.
1472160	1473620	Moi, je suis à J plus 13
1473620	1475020	et j'ai toujours pas d'odorat.
1475800	1476760	Putain, horrible.
1477060	1477280	Ouais.
1477640	1478380	Ah ouais, c'est dur.
1478560	1479200	C'est très, très dur.
1479440	1480580	Mais bon, si c'est que ça,
1480700	1481900	franchement, moi, tant mieux.
1482420	1483660	Plutôt que d'aller en réanimation.
1484700	1485220	Oui, oui.
1485220	1485700	Tu vois ?
1485700	1486380	Moi, ça m'arrange,
1486440	1488260	vu à quel point je pète
1488260	1489340	dans mon bordel.
1489640	1490500	Mais bon, voilà.
1492980	1493660	Péter ?
1493660	1494880	Péter un maximum ?
1494880	1495540	Ah, alors attendez,
1496160	1497120	il se passe quelque chose.
1497620	1498260	Qu'est-ce qu'il y a ?
1499140	1500380	Quelqu'un a essayé
1500380	1500940	de se connecter
1500940	1502080	à notre compte Twitter.
1502600	1503340	Non, c'est moi, c'est moi.
1503520	1503740	C'est moi.
1504460	1505360	Ah oui, parce que t'as essayé
1505360	1506000	avec ton VPN.
1506480	1507140	J'allais te dire.
1507400	1509320	Alors, connexion suspecte
1509320	1510160	depuis Newark,
1510240	1511040	dans le New Jersey.
1511140	1511640	Ouais, c'est ça.
1512020	1513480	Je suis un peu dans le New Jersey
1513480	1514040	en ce moment.
1514040	1514640	Je voyage.
1515700	1519340	Mais pourquoi t'as choisi
1519340	1520580	Newark dans le New Jersey ?
1520580	1521460	C'est quoi cette affaire ?
1521460	1521860	Pourquoi ?
1521860	1522440	Pour être pas loin
1522440	1523320	de Tony Soprano.
1525380	1526200	Je sais pas,
1526300	1527120	il choisit au pif.
1527580	1528520	Mais je suis en Newark.
1528760	1530500	Eh bien, sache que ton VPN
1530500	1531640	est à Newark
1531640	1532460	dans le New Jersey.
1532660	1533540	Mais mon cœur aussi
1533540	1534200	est à Newark
1534200	1534820	dans le New Jersey.
1535780	1536840	Eh bien, écoute, ouais.
1537780	1538740	Voilà, fausse alerte.
1539420	1539600	Bien.
1539900	1541320	Allez, bon week-end à vous.
1541580	1542560	Eh bien, bon week-end, mon vieux.
1542680	1543020	Salut.
1543060	1543640	Et puis à lundi.
1543640	1544340	Allez, bis.
1544760	1545540	Salut, Paris 18.
1545700	1546560	Salut, Paris 20.
1549020	1549960	J'en pouvais plus.
1550200	1550960	Allez, on va se reposer
1550960	1551380	ce week-end
1551380	1552140	parce que c'est
1552140	1554200	devient insupportable.
