start	end	text
0	7000	Allez, c'est parti, on appelle Port-Huvin !
7820	9000	Pourquoi qu'on le ferait pas ?
9760	10000	Hein ?
13620	17000	Ça sonne !
18820	20240	Oui, allô ?
20240	22060	Oui, allô, ici !
22060	23000	Oui, bonjour !
23800	25000	Bonjour !
25900	28340	Est-ce que vous m'entendez bien ?
28340	30820	Je vous entends correctement.
33020	37340	C'est toujours le même problème de casque, hein, c'est Messenger, c'est vraiment...
38020	41740	C'est toujours le même problème de connard !
41740	44820	De connard ! Comment allez-vous ?
44820	50300	Je suis fatigué, j'ai fait une petite insomnie, j'étais pas au top, mais là ça va.
51780	53340	D'accord, on essaie...
53340	57340	Bah j'ai pensé toute la nuit à cette personne qui a laissé un commentaire...
58340	59860	Euh... négatif, voilà.
60960	61880	Ah, c'est ça.
62500	63100	Bah bien sûr.
64000	65320	Ça t'a fait du mal ?
65320	69500	Non, pas le commentaire, le fait que... je vais t'expliquer ce qui m'a fait du mal.
70420	70920	Oh là là.
71920	76940	Déjà le commentaire, bon, si on les traite d'enfoirés et qu'ils nous retraitent d'enfoirés, c'est rigolo.
77900	81980	Mais mettre une étoile, comme je l'ai déjà dit à Alberto, c'est criminel.
83040	85060	Et j'ai pas d'autres mots.
85660	87020	Les gens doivent...
87020	88320	Non, non, laisse-moi terminer.
88340	90340	Moi je me suis posé la question, est-ce que tu crois...
90820	92700	Est-ce que tu crois...
92700	93680	Que...
93680	96440	On les insulte de connards, je me souviens très bien...
96440	98520	Je t'entends plus, je t'entends plus, je t'entends plus !
98520	99520	Il m'entend plus ?
99520	100040	Ouais, voilà.
100040	100420	Allô ?
100420	101740	Là oui, là d'accord.
101740	103800	Est-ce que tu crois... Est-ce que tu crois que...
103800	105020	Non, je vous re-entends plus.
105840	107340	J'ai dit, tu te souviens, j'ai dit on les emmerde.
107340	110120	Non, non, mais on vous re-entend plus là, il faut reparler comme vous étiez.
110920	112560	Bah j'ai pas bougé ?
112560	114860	Bah il y a des sautes de son énormes, il faut parler très prédé.
114860	115860	Ah ouais, bah moi je...
115860	118200	Moi je parle dans mon micro quoi, vous voyez ?
118200	120160	Mais c'est pas le micro, c'est pas le micro, vous êtes loin.
122380	123540	Mais je vous jure que si pourtant.
123820	125320	Bah non, c'est pas ce micro là.
126440	128840	Ah je... Comme d'habitude. Là vous m'entendez pas ?
128840	133460	Bougez ailleurs, parlez... Vous parlez d'encore de votre téléphone là ?
133460	135600	Maintenant j'ai mon casque, mon casque Bluetooth.
136000	138740	Bah c'est ça, c'est le...
138740	139620	Attendez, bougez pas.
139920	141300	C'est pas le casque qui marche là.
145300	145840	Et là ?
145840	146960	Est-ce que vous pensez que c'est mieux ?
146960	148600	Bah ça change tout, voilà, tout simplement.
148700	148840	Bon.
149760	153520	Alors, est-ce que vous pensez pas, vu qu'on les a insultés, que...
153520	154820	On est... Il y a deux solutions.
155020	155300	Soit...
155300	156600	Attendez, je crois que ça a rebaissé.
157280	159380	Oh, c'est pénible, hein, la technologie là.
159720	160340	Bah oui, j'ai quand même...
160340	161960	Moi j'ai là, on j'ai...
161960	164220	On j'ai dit, j'ai pas la foi là.
164280	165840	Moi j'ai mon téléphone...
167200	168300	Qu'est-ce que vous voulez que je vous dise ?
168300	169740	Voilà, là, là !
169740	172260	Bah je ne bouge pas, je ne fais rien, je ne change rien, c'est ça qui est fou.
172260	172980	Vous parlez pas dans le même micro.
172980	177260	Votre micro n'est pas le micro, c'est pas le Bluetooth, c'est dans votre téléphone qu'il faut parler, je crois.
177400	179760	Mais je parle dans mon téléphone, je n'ai pas de casque.
180320	182920	J'ai coupé depuis la minute une.
184220	186960	Bah j'y peux rien, des fois on vous entend très bien, des fois pas du tout.
187060	188740	Bah ouais, non, mais c'est juste ma 4G.
189160	191960	C'est ma 4G, c'est à cause de Soch, voilà, c'est de la merde.
193140	195420	Je pense que c'est pas ça, parce que c'est le volume.
196740	198060	Ouais, mais moi j'y touche pas au volume.
198480	199680	Je touche à rien, je bouge pas.
200500	202420	Bref, je vais réussir à dire ce que je voulais dire.
202420	202860	Non.
202980	205420	Est-ce que vous pensez que c'est premier degré ?
205420	210660	Parce que moi je pense que c'est ça, et que l'étoile, c'est une étoile, pas parce que c'est une femme qui rigole avec nous.
210960	214760	C'est parce que c'est une personne qui a été vexée, qui a décidé de mettre une étoile.
214960	219280	Non, non, non, mais ça, ça aurait été insupportable, mais je l'aurais accepté.
219780	225440	Ce qui est vraiment insupportable, et vous avez pas regardé, c'est que la personne a commenté dans les commentaires,
226360	231680	et elle a dit, et bah oui, je vous répondais, et avec un genre, un smiley, genre c'est marrant.
231820	232960	Genre c'est marrant de mettre une étoile.
232980	233460	Une étoile, quoi.
234160	234340	Ah.
235080	235660	Et là...
235660	235960	D'accord.
236340	237100	Donc là t'es fâché.
237280	238120	Mais je suis pas fâché.
238600	240000	Je suis pas fâché, c'est au-delà de ça.
240840	244760	Est-ce qu'on est sur un Alberto Gates bis pour toi ?
244760	245080	Pire.
245340	246600	Pire, parce qu'il y a déjà Alberto.
247620	252280	Franchement, mettre une étoile, venir nous voir, et dire bah ouais je vous ai mis une étoile, pourquoi c'est cool.
252440	257260	Genre je commente des gens sur la page Facebook, la personne là, je comprends pas.
257260	262000	En fait, c'est tellement loin de ce que c'est possible pour moi de faire dans l'humanité,
262120	262620	que j'arrive...
262620	263580	Je peux pas analyser.
264560	265280	Ah vous êtes d'accord.
265420	267000	Vous êtes très très mal, on peut le dire.
267180	268600	Ah mais là, je suis furieux.
269320	270260	Fury bar ?
270780	271680	C'est plus que ça.
272160	272320	Voilà.
272860	276360	J'aimerais qu'il y ait au moins 2, 3, 4, 5 étoiles pour contrecarrer ça.
277000	278740	Qu'est-ce que tu veux faire face à ces gens ?
278740	281080	T'as des gens, ils sont là, ils commentent, ils sont sous le...
281080	282060	Pour eux c'est marrant.
282260	283580	Mettre une étoile, pour eux c'est marrant.
283680	284260	Bon bah...
284260	284800	Bon bah voilà.
285460	287720	Alors, je comprends ton énervement.
287720	290020	Je sais qu'avec Alberto, t'es à vif.
290660	291680	J'avoue que moi...
291680	292160	Bon.
292620	294820	C'est pas que je m'en fous, mais disons que...
295820	298800	C'est vrai, pour une histoire de référencement, c'est pas idéal.
298840	299940	Non mais c'est très grave.
300220	300920	C'est très grave.
301520	304820	Est-ce que c'est plus grave que...
305800	309800	Les exactions du régime de Bachar el-Assad, selon toi ?
309800	310380	Kiff kiff.
311200	311600	D'accord.
311920	313640	Ça donne une échelle, c'est pour avoir une idée quoi.
314000	315820	Non mais parce que là, pour moi, c'est genre...
315820	318200	Tu sais, c'est...
318200	320420	Parce que ça a une vraie conséquence de mettre une étoile.
320520	321360	Donc y'a pas de blague.
321600	322560	La blague c'est le commentaire.
322620	324620	Donc c'est genre...
325180	327120	Je te mets un coup de couteau ?
327120	328080	Mais c'est marrant !
328080	329040	C'est marrant, je le disais !
329040	330940	Mais c'était en marrant mon coup de couteau !
330940	332880	Non, ça marche pas !
332880	333960	Tu veux dire que par exemple,
334540	339140	je vous emmerde, ça aurait été bon sur le Discord ou en commentaire, mais pas...
339140	340640	Mais n'importe où !
340640	342920	Pas sur iTunes, pas sur...
342920	345220	En fait, déjà, comme je t'avais dit, ça aurait déjà pas allé.
345560	348620	Si les gens prennent au premier degré de je vous emmerde...
350460	351820	Alors que là, elle peut le bien...
351820	353460	La personne peut bien le prendre au premier degré.
353940	356700	Mettre une étoile, trouver ça marrant...
356700	362280	Oui, mais là, ce que vous dites, c'est qu'elle ne l'a pas pris au premier degré.
363080	363860	Ben si !
363860	364680	Je pense que...
364680	366400	Là, je sais plus en fait.
366480	367880	Là, je sais plus !
367880	368420	T'es perdu !
368420	369980	Mais bien sûr que je suis perdu !
369980	375080	Est-ce qu'on efface un épisode de crise ?
375080	376340	Déjà, on n'efface pas.
376880	377660	On n'efface rien.
377660	378940	Non, non, non !
378940	379660	Déjà !
379660	381180	Mais non, il est con !
381180	381660	Est-ce qu'on est...
381660	383020	J'avais compris !
383020	384180	Oui, mais on n'efface pas.
384360	385460	Je jouais avec les mots.
386300	388560	Vous êtes à une sorte de deux groutes.
388840	389860	Attention, c'est très dangereux.
390440	391740	Stéphane Deprout, je suis là.
393020	393640	Je suis là.
395000	399900	Alors, est-ce qu'on est en situation d'épisode de crise ?
399900	400660	Albertesque ?
401600	404600	Jidiste, est-ce qu'on est au niveau d'une crise albertesque ?
404600	407980	Je sais pas, mais là, j'ai pas d'humour là-dessus, moi.
408340	411600	Ah oui, non, mais Alberto s'en souvient.
411660	414660	Il y a eu des mails, il y a eu des mots qui ont été échangés.
415600	417400	Mais je pensais avoir été clair.
417620	418720	Tous les commentaires, oui.
419520	420800	Mais le une étoile, non.
421200	422880	C'est criminel, tout simplement.
422960	423840	D'accord, d'accord.
423960	427720	Donc, je pense que le message est passé.
429180	429800	Est-ce que...
429800	430780	On sait ce que ça va faire.
430920	432620	Ça va faire d'autres une étoile.
433040	434140	De gens qui pensent que c'est marrant.
434140	434880	Tu crois ?
434880	435760	Mais c'est pas marrant.
436120	438240	Moi, ce que j'aimerais, c'est que la communauté nous aide.
438860	439660	Et que c'est pas compliqué.
439660	441340	Pour un une étoile, il faut au moins 5.
441340	442000	5 étoiles.
442460	444800	Donc, moi, ce que j'aimerais, c'est que des gens...
444800	445660	Ça m'attriste.
445960	447560	Comme avec Alberto, ça m'attriste.
447640	450560	D'autant plus de savoir que c'est des auditeurs fidèles.
450720	453120	Et quelqu'un qui commente sur le Facebook.
453380	455620	Mais comment on peut trouver ça drôle de mettre une étoile ?
455620	457120	Comment ?
457120	458680	Je comprends pas.
459200	459360	Ok.
459540	464260	Bah écoutez, c'est un cri du cœur là, qui est en train d'être passé.
464540	466400	Je sais pas si...
466400	466880	Là, ouais.
467060	468580	Là, il n'y a plus de bonhomme.
468580	471040	Là, il n'y a que ça.
471340	472060	Il n'y a plus de jeu.
472140	472600	Il n'y a plus de blague.
472760	474640	Il y a un bonhomme face à son étoile.
474860	476280	Il y a des nerfs à vif.
476600	477340	Il y a une étoile.
477440	478020	Il y a une étoile.
478120	478600	Une pauvre étoile.
478660	483400	Et d'ailleurs, une étoile, ça rappelle les pires heures de l'histoire.
483720	484120	Simplement.
484340	484920	Bien sûr.
485020	485220	Bien sûr.
485820	488860	Non mais, je voulais pas en arriver là.
490000	494960	Certains ont fait des parallèles bien plus tirés par les cheveux que ça ces derniers mois.
495280	496640	Donc, je pense que vous êtes dans votre droit.
497820	501020	C'est tout à fait, j'ai envie de dire, mesuré.
501340	503560	Et acceptable, ce que vous venez de faire.
503920	507660	Et historiquement très juste, en plus.
507840	508520	Je pense que...
508520	509440	Et voilà.
509820	510120	Merci.
510440	510800	Merci de me retrouver.
510800	513660	Parce que tu sais, j'ai par exemple vu une personne tweeter,
514260	517240	arrêtez de vous plaindre du confinement, pensez à Anne Franck.
518420	518880	C'est vrai.
519000	522480	Et j'ai trouvé ça, pareil, mesuré, très juste.
524240	529320	J'ai trouvé l'idée de se dire, alors attends, une meuf qui a vécu dans un placard.
529320	532780	J'ai trouvé le raisonnement fantastique, voilà.
533280	536660	Qu'est-ce qu'on pense de la personne que j'ai pas pu voir,
537460	541540	qui a découvert Anne Franck, le journal, le livre,
541620	542720	qui pensait que c'était un vrai livre,
542800	545620	et qui a demandé à ses followers de ne pas la spoiler.
546500	547640	C'était un peu drôle quand même.
548100	549180	C'était quand même un peu drôle.
550080	551260	Ouais, on les aime bien.
551460	554960	Mais bon, c'est aussi pour ça que plein de gens osent pas parler de culture sur Internet.
555100	556960	C'est à chaque fois qu'ils savent pas un truc, on les cartonne.
556960	557800	Ah, mais bien sûr.
558100	558560	C'est évident.
558560	561140	C'est pour ça que je vais faire mon mea culpa
561140	563640	et dire à la personne que peut-être,
564120	566520	elle savait pas que mettre une étoile, c'est pas bien.
566980	570200	Et auquel cas, j'espère qu'elle le réparera.
570760	574200	Et si elle le répare pas, je vais lui enfoncer des tisons dans le cul.
574460	575940	Et voilà, j'ai dérapé.
576480	581280	Est-ce que cette personne peut supprimer un commentaire pour me remettre un ?
581280	583200	Les gens ont le droit de changer d'avis sur un podcast finalement.
583420	585920	Enfoiré, oui, une étoile, ça a de vraies conséquences.
585920	588240	C'est comme, j'arrive pas à trouver le bon,
588560	590900	la bonne comparaison.
591760	593180	Genre, il y a des blagues entre amis,
593320	597600	mais si vraiment, elle, genre, je sais pas,
598260	601280	piquer, c'est genre, oui, piquer...
601280	602200	Allez, vas-y, tu vas le trouver.
602380	604500	Non, je trouve pas, elle est nulle mon exemple aussi.
604960	606400	Mais c'est genre, oui, tu fais une blague
606400	607860	et tu piques vraiment de l'argent à quelqu'un.
607960	609100	Il y a des vraies conséquences.
609320	610180	Ouais, non, c'est vrai que c'est nul.
610320	612220	Mais je crois qu'on a compris un peu où tu voulais aller.
612720	615580	Pour toi, il y a la blague, il y a les mots,
615580	616340	il y a les rires.
617060	618480	Et après, sur ces mots, parfois,
618620	621160	il y a un mot, un mal même, M-A-L.
621520	623020	Et ce mal, c'est l'étoile.
623180	626300	Et l'étoile, elle va nuire sur un moyen terme,
626420	629260	peut-être un plus long terme, au podcast.
629580	632560	Et ce qui m'énerve, c'est que de tous les trois,
632800	633720	un étoile qu'on a eu,
634340	635700	il n'y en a pas un qui est justifié.
636020	639140	J'aimerais, pas marrant, un peu chiant,
640360	641780	voilà, quelque chose de constructif,
641860	642640	de vraiment, j'ai pas aimé.
642980	644400	Il y en a eu trois, c'était un,
644400	646480	j'aime pas vos prises de position politique.
646820	648080	Donc, pour moi, c'est inacceptable
648080	648720	de mettre une étoile pour ça.
648720	649660	Parce que, je me souviens pas,
649760	651600	parce qu'on était quoi, trois à droite, trois à gauche ?
651600	653260	Non, parce que le gars avait mal compris,
653400	655080	plutôt caustique, il dit, c'est pas du tout caustique,
655180	656380	c'est des bobos bien pensants.
657060	658880	Voilà, ça, c'est agaçant de prendre une étoile pour ça.
658900	659700	Trop pas gauche, alors.
660340	660900	Peut-être.
661660	663800	Il y avait le une étoile de Alberto,
663900	665020	parce qu'on n'était pas réguliers,
665220	666140	ça aussi, c'est pas cool.
666740	669340	Celui-là, on sent que tu l'as pas dit.
669340	670440	Mais non, mais ça n'a pas de sens
670440	671540	de mettre une étoile pour ça.
671880	673300	Vous comprenez le système d'étoiles ?
673300	674880	On n'aurait jamais dû, franchement,
675160	676180	mais vu la dictature,
676600	679400	pourquoi on donne à des gens le permis de voter ?
679400	679720	Mais tu te rends compte,
679820	680760	c'est-à-dire que les gens qui votent,
680820	681760	ils votent peut-être comme ça.
682420	684200	Non, mais un mec qui est fan, par exemple,
684400	686480	il a une cravate, moi, j'aime pas les cramates.
686600	688680	Un mec qui est fan de moto, par exemple,
688740	689940	qui trouve qu'on parle pas assez de moto,
690060	690840	donc plutôt caustique,
691400	693580	il va mettre une étoile,
693740	695040	ne parle pas de moto, par exemple.
695360	696140	Mais à la rigueur,
697200	698740	ça, ça marche si le gars,
698740	699740	si on a annoncé que...
700540	701900	Oui, mais bon, on n'a jamais annoncé
701900	702700	qu'on serait réguliers.
702860	703280	Et là, une étoile,
703300	704820	on blague de la part d'une fan
704820	706060	qui nous suit sur Facebook
706060	707640	en mode, il nous a traité d'enfoirés,
707700	707900	c'est marrant.
708320	709760	Pour moi, c'est trop une étoile injustifiée,
710380	710660	c'est tout.
710860	712320	Je sais pas ce que t'en penses.
712600	713920	Si, mais en fait, moi,
714260	717720	je fais pas tant attention à ces histoires-là.
718360	721800	J'essaye de me focus sur sortir des épisodes calis,
722780	725500	sortir des épisodes préparés,
725900	727180	que les mecs derrière,
727460	730900	techniquement, je veux que ce soit irréprochable.
731040	732980	Et pas passer 10 minutes sur le même sujet
732980	733280	qu'on verrait.
733300	734660	Et moi, surtout, je veux que les mecs,
734700	736240	ils sentent qu'il y a du taf derrière,
736480	737820	qu'on se fout pas de leur gueule,
738380	739680	et que, ouais, surtout qu'on est là,
739760	741560	tu vois, qu'on a taffé pour en arriver là.
742560	744200	Voilà, moi, tu vois, tout ce que j'ai,
744240	744940	je le mérite.
745380	746920	J'ai taffé pour en arriver là.
747040	748260	On m'a rien donné dans la vie.
748680	749460	OK ?
749460	750980	Donc voilà, moi, ce que je veux,
751100	751840	c'est que les mecs se disent
751840	753080	qu'il y a une culture de guerre
753080	754340	derrière ce podcast,
754600	755880	qu'il y a une culture de guerre,
756380	758520	et il y a une culture presque de bagarre.
758900	760500	Et peut-être une idée aussi
760500	762600	d'une sorte de France derrière,
762600	764860	qui se dresserait derrière les mots.
765260	767960	Une France peut-être un petit peu bigarrée,
768120	769640	un petit peu haute en couleurs,
769760	771920	mais une France sincère, honnête.
772460	774800	Une France qui peut avoir des furons clocus.
775180	776840	Elle a des furons clocus, ma France,
776920	777480	mais elle le dit,
777560	779120	elle les assume, ces furons clocus.
779340	780040	Fa, fa, fa.
780740	782120	Oui, ben d'accord, je suis d'accord.
782200	782400	Voilà.
783160	785500	Je voulais terminer sur furons clocus, quoi.
786320	787520	C'est des mauvais souvenirs.
788460	789600	C'est que du ressassage.
790260	792060	T'es allé voir le Discord un petit peu ?
792060	792380	Non.
792600	793660	Non, non, je suis pas allé voir.
793740	794760	Ils aiment bien, on parle d'eux,
794840	795880	ils aiment bien, ils sont contents.
796600	797040	Ils m'ont dit,
797140	798600	ils m'ont dit,
799000	799640	s'il te plaît,
799800	801520	il faut faire des modérateurs
801520	802460	parce que ça part en couille.
802920	804200	C'est vrai que ça partait un peu en couille.
804460	804720	Ah bon ?
804720	805880	Mais vu qu'on connaît pas les gens,
806180	807720	si on met un modérateur
807720	810060	et que le mec, c'est un tueur en série,
810200	811100	ça va être bizarre, non ?
811100	812420	On va mettre Sieber en modérateur,
812500	813040	ça va être vite vu.
813940	814080	Oui.
815460	816380	Parce que ça vaut le coup,
816520	817040	oui, remarque.
817100	819720	Après, ça serait pas mal d'avoir
819720	820800	quelques lieutenants,
820860	822100	lieutenants furons clocus,
822600	823680	lieutenants...
823680	825080	Ah non, il faudrait faire des grades.
825780	827720	Lieutenants, c'est des furons clocus.
828320	829920	Commandant ou sergent,
830140	831380	t'es Clusos, Clusé.
831440	832500	Ouais, normal, normal.
832680	833980	Et au-dessus, il y a Sieber.
835080	836280	Et au-dessus ?
836280	837120	Et au-dessus, Anteros.
837820	839540	Et les autres, c'est des Albertos.
839700	840700	Quand t'es puni, t'es Alberto.
841300	841620	Voilà.
841980	843620	Et quand t'es le chef suprême,
843700	844520	t'es Anteros, quoi.
847120	848320	Non, mais faudrait que je m'y penche,
848400	849540	mais j'avoue que je suis saoulé le soir
849540	851180	d'avoir passé la journée sur l'écran,
851300	852140	donc j'ai pas fait de salon,
852140	853280	j'ai pas fait de modérateur,
853380	854580	mais je m'y mettrai peut-être ce week-end.
855400	858480	5 minutes, et puis on va essayer d'organiser tout ça.
858600	860160	Mais en tout cas, c'est une chouette communauté,
860400	862320	ils échangent des trucs, ils parlent.
862760	863620	C'est sympa, quoi.
863640	864680	Ce week-end, vous devez faire votre pain,
864840	867040	finir Proust, faire votre 10 minutes workout.
868360	869660	Ah ben moi, les workouts,
870000	871940	c'était hier, je fais tous les deux jours.
873140	874360	Hier, c'était kickboxing
874360	877900	et renfaux abdominaux.
878080	878380	J'ai mal.
879900	881680	J'ai mal, mais je vais être bien gaulé
882140	884800	quand il s'agira de sortir à la mi-avril
884800	886240	pour...
886240	887660	On va voir, moi j'y arrive pas.
888260	889920	En fait, il faut vraiment que je sois en condition optimum.
890140	890960	Il y a deux jours, je l'étais.
891380	892080	Demain, je vais essayer.
893020	894320	De toute façon, tous les deux jours, ça suffit.
894500	895540	T'as pas besoin de l'être tous les jours.
895740	897600	Ouais, mais vu que je l'ai fait il y a deux jours...
897600	899900	Bon, après, je mange énormément et je bois beaucoup,
900060	902140	donc ça compense un peu, mais...
903040	904420	Les bons produits me manquent, là.
904520	905540	Je mange vraiment que de la merde.
906020	906740	Ouais, je comprends.
906840	907760	Il va falloir faire...
907760	908500	Organise une sortie,
908640	911060	et puis tu me raconteras ça.
911480	912120	Ouais, mais dans tous les jours,
912120	913380	dans tous les cas, le marché est fermé.
913620	914460	Et il a raison.
915160	915420	Donc, bon.
915440	915660	Ah oui.
916360	916820	Mais il y a...
916820	917280	Oui, oui, non.
917400	918800	Et je refuse de me faire livrer.
919360	919760	Je refuse.
920760	921600	Non, moi, pareil.
922360	923720	Tout simplement parce que
923720	925540	les livraisons sont saturées.
927340	929120	Mais livrer les courses ou la bouffe ?
930600	932100	Je sais pas.
932340	934340	Un petit panier garni avec...
934340	934720	Ah oui.
935800	937680	Des choses de la France.
937800	939040	Des tripes en boîte, par exemple.
939380	939860	Ça, j'aimerais bien.
940300	940620	Très bien.
940620	941240	Très bien.
941320	941960	Un petit tripou.
942120	943000	Pourquoi pas.
944300	945460	Écoute, voilà.
945600	946580	Moi, je pense que...
946580	947720	Fin d'épisode ?
947720	950200	Ouais, je pense qu'on va s'arrêter là-dessus.
950420	951620	On n'a pas commencé, alors.
951840	953000	On n'a pas vraiment commencé.
953200	954280	Hé, attends.
954700	956380	Tu te rends compte que là, on part normalement.
957320	959000	Je crois sur 42 jours.
959840	961360	6 semaines, t'enlèves...
961360	962300	T'enlèves quoi ?
962300	963020	T'enlèves 42.
963180	964780	Tu l'as enlevé 6 jours de week-end.
965700	969240	On est, tu vois, sur une bonne trentaine d'épisodes, quand même.
969440	969800	C'est vrai.
970120	971920	Donc, on ne peut pas tout lâcher comme ça.
972120	974140	Non, non, mais on fait bien de s'économiser.
974300	976820	Et là, ça fait 10-12 jours qu'on est bien économe.
978440	980720	Ah oui, mais je peux te dire que d'ici la fin, ça va balancer.
981420	982200	Gros bisous.
982800	983880	Eh bien, salut, Paris 18.
984060	984500	Bon courage.
985100	987640	Un vrai appel aux 5 étoiles pour de vrai.
988660	989080	Ah oui, oui.
989120	989780	Et aux commentaires.
990020	990500	Aux commentaires.
990720	991240	Et faites tourner.
991340	994220	Parce que vous savez, nous, là, on est régulier parce que c'est le confinement.
994940	996120	Dès que le confinement sera terminé...
997200	999000	Bon, voilà.
999320	1000180	Vous nous connaissez.
1000540	1002000	Donc, l'idéal, ce serait quand même...
1002120	1005560	Vous parliez de plutôt confiner autour de vous.
1005720	1008120	Eh, tiens, tu t'emmerdes en confinement.
1008400	1008620	J'avoue.
1009060	1010060	J'ai un truc pour toi.
1010960	1011280	Paf.
1011680	1012020	Ça doit être sympa.
1012400	1014280	Évitez de dire aux gens qu'on les insulte.
1014280	1014480	Voilà.
1014480	1015600	Ça, ils découvriront d'eux-mêmes.
1015720	1015980	Et puis, voilà.
1016740	1020260	Et ça doit être sympa de tout réécouter d'un coup maintenant.
1020420	1021540	Parce qu'il y en a au moins 8.
1021760	1022380	Bon, voilà.
1023040	1024480	Ah oui, de tout binger, ce serait sympa.
1024840	1026420	Je pense, je pense, je pense.
1026940	1029920	De voir notre folie nous gagner progressivement.
1030180	1030640	Ouais, ouais, ouais.
1030760	1031880	Je t'ai raconté pour la douche.
1032120	1032500	C'était hier.
1032740	1033340	Ouais, je t'ai raconté.
1033940	1035480	Oh, la mise en abîme du mec.
1036040	1037700	Maintenant, il oublie sa propre histoire.
1037920	1038400	Il l'a oubliée.
1038900	1040320	La vache qui rit du fou.
1040540	1041020	Oh, eh.
1041120	1041540	Alors, attends.
1041620	1044180	Parce qu'on finit sur la bière que j'ai oublié d'aller acheter hier.
1045380	1052200	Figure-toi que je me suis souvenu que dans un placard trône un carton rempli de bières.
1052360	1052540	Non.
1053000	1054440	Mais qui ne sont pas à moi, normalement.
1054600	1056620	C'est la moitié d'un stock que je dois filer à un pote.
1056700	1056960	Non, non.
1057000	1057440	Elles sont à toi.
1058020	1059140	Mais je crois qu'elles sont à moi.
1059300	1059980	Maintenant, on peut confier à toi.
1060180	1060940	C'est sûr.
1062120	1063960	Du comité du confinement.
1063960	1065000	J'attendais confirmation.
1065300	1066000	Ah, c'est à toi.
1066640	1068340	C'est chiant parce qu'il écoute ce podcast.
1068520	1070080	Donc, il va savoir que je vais boire sa bière.
1070320	1071160	Tous les soirs, même.
1071300	1074320	Tu vas nous en faire découvrir une nouvelle tous les soirs.
1075360	1076180	C'est toutes les mêmes.
1076320	1077580	C'est des bières qu'on a faites nous-mêmes.
1077740	1078520	Ah bon ?
1078520	1078920	Ah oui, oui.
1078920	1079560	C'est des bières maison.
1080540	1082020	J'ai déjà bu ma moitié.
1082360	1083460	Et lui, il faut qu'il récupère la sienne.
1083820	1084280	Bah ouais.
1084400	1084920	C'est con, hein.
1085880	1086200	Dommage.
1086300	1086820	Il faudra en refaire.
1087320	1087480	Ouais.
1088400	1088740	Bon.
1089080	1090640	Et bien, mon vieux, je vous souhaite une bonne soirée.
1090640	1092520	L'avantage, c'est qu'il sait faire de la bière.
1094280	1095240	Tant pis pour lui.
1095620	1096300	Allez, gros bisous.
1096400	1097380	Allez, salut mon vieux.
1097400	1097600	Salut.
1097940	1098480	À demain.
1098960	1099360	À demain.
1101020	1104800	Un moment pas très agréable, mais bon.
1105400	1106480	Allez, bisous à tous.
1106880	1107580	On s'est bien marrés.
1107700	1108420	On s'est bien marrés.
