start	end	text
0	20000	Allez, on y va, vendredi, on appelle, je vais appeler le général du 20ème armée de la ville de Paris, île de France.
20000	30080	Allô ? Allô, monsieur Philippe Corti !
30080	32000	Bonjour !
32000	34020	Comment ça va ?
34020	35500	Ça y est, tu deviens fou ?
35500	49200	Non, non, j'ai repensé à, je ne sais plus, je crois que c'était dans un Dava, le magnifique Augustin Chacalpopoulos, il faisait des remerciements à la con et il les remerciait, monsieur Philippe Corti, à la fin, je ne sais pas si tu te rappelles.
50000	58000	Allô ? Allô ? Merde, je n'entends rien !
60000	69180	Allô ? Eh ben, qu'est-ce qu'il s'est passé ? Alors, je vous préviens, je ne reprends pas l'enregistrement. Alors, on le rappelle.
76080	77000	Oui, allô ?
77000	79460	La friture sur la ligne, peut-être ?
79460	80300	Ben, qu'est-ce qu'il se passe ?
80300	83300	On dérange ! Oh, mais ce qui se passe, c'est qu'on dérange !
83300	84720	Tu crois qu'on va nous faire taire ?
84720	92220	Oh ben, je crois que le podcast commence à atteindre des audiences stratosphériques et...
92220	96600	Qui aurait intérêt à ce que Plutôt Caustique s'arrête ?
96600	97420	Ben, je vais te dire !
97420	98280	Sérieusement !
98280	98620	Je vais te dire !
98620	100420	En vrai, qui pourrait ?
100420	101420	Baba, déjà.
102540	104960	Ouais, parce que c'est vrai que maintenant, depuis son...
104960	109440	Chef de la Darka, chef de la Rassra, je pense que le gars, il est pas très...
109460	110700	Il est pas bien, il voit que...
110700	113720	Ben, les fanzous, il voit les fanzous s'enfuir, quoi.
113880	114600	Il voit la fuite.
115360	117560	Et Big Up à mon Cyril, à qui j'ai tout pris.
117840	120460	Par contre, non, par contre, non, non, mais on va pas...
121780	126820	Si t'avais un modèle pour toute ta carrière, ce serait lui ?
126820	127460	Cicéron ?
128220	129260	C'est pas carré.
130000	130980	Déjà, excellent.
131200	131700	Ouais, ouais.
132140	134480	Cicéron, Hanouna, voilà.
135040	138220	Et c'est les gars, en citation, c'est les plus forts, quoi.
138220	139280	Ah, tu vois, j'aurais Minagi.
139460	142480	Il y a la nag, mais la nag, c'est plus de la perf.
142680	144300	La perf visu, la perf...
144300	147820	Non, la nag, c'est avant tout un corps, c'est un body, quoi.
148020	151720	D'ailleurs, la nag, déjà, c'est sûr que c'est...
151720	153320	Certainement un corps.
154280	157460	Certainement, il me fait des choses, mais...
158060	161280	Il va faire taratata d'Internet, hein.
161360	161740	C'est parti.
162560	163460	C'est vrai ? C'est prévu ?
163460	163600	Ouais.
163720	165740	Ce qui est marrant, c'est que les...
165740	167920	Les...
167920	169400	Mecs qui ont du budget,
169460	171320	se retrouvent à faire nos émissions.
171640	173940	Et tu vois, t'sais, on dirait un peu des anciens...
173940	174420	Des...
174420	175540	Des riches
175540	178020	qui vont au festival des vieilles charrues,
178080	179160	qui font semblant d'être...
179160	180360	Au festival de l'humain.
180480	181940	Et qui font semblant d'être des pauvres.
182480	183180	Et qui font...
183180	184600	Oh, les hauts, c'est marrant !
184600	186240	Alors que nous, c'est vraiment notre vie.
186460	189060	Tout le temps, de faire ça avec trois bouts de ficelle comme des cro-vards.
189060	191380	Et vous, vous tournez dans votre salon avec votre webcam ?
191380	192120	Oui, oui, exactement.
192400	193260	Oh, mais c'est...
193260	194780	C'est unimentaire !
194780	196300	C'est notre vie, enculés !
196300	197680	Ha, ha, ha !
197680	199440	Bienvenue, bienvenue dans la réalisation.
199460	201500	Plutôt Caustique depuis bientôt deux ans.
201560	202440	Non, mais Plutôt Caustique,
202640	204160	la plupart des gens d'Internet,
204220	205840	et eux, ils nous regardent avec tout leur argent.
206120	207140	Oh, mais donc, c'est sympa !
207140	208460	Regarde, on s'est fait une pancarte en...
208960	209440	En...
209440	210780	Avec du papier !
210780	212480	On a toujours fait ça, mon gars, putain !
212480	213900	Bah là, non, mais là, c'est incroyable !
213900	214900	Il est dans son canapé,
215220	215960	il accueille ses...
215960	217780	Ses invités par téléphone.
218260	219520	C'est retour aux sources, Baba.
219980	221380	Ouais, ouais, j'avoue, j'avoue.
221500	223280	J'ai aucune idée des audiences de la télé,
223420	224880	si elles s'effondrent ou pas du tout, en fait.
225260	226220	Bah, je sais pas, j'ai l'impression...
226220	229300	Je pense pas, et j'ai l'impression que c'est un peu le...
229300	232060	Étant donné que les gens n'ont que ça à foutre,
232920	235640	tu vois, qu'ils repassent, je crois, des films...
235640	236740	Alors, c'est pas des vieux films,
236840	238340	mais des films patrimoine,
238560	240660	sur France 2, tous les après-midi...
240660	242560	Mais en vrai, on dit, les gens n'ont pas que ça à foutre,
242600	243820	mais en vrai, si on compte vraiment
243820	245540	ceux qui doivent s'occuper de leurs enfants,
245620	246740	tous les gens qui font du télétravail,
246860	247560	et qui donc...
247560	249400	Et qui essaient de le faire sérieusement,
250060	251980	et les gens qui travaillent...
251980	252900	Ça fait pas tant que ça,
253000	255220	de gens forcés aux gens machinisés, en fait.
255720	256200	Je me demandais, en fait,
256220	258080	je crois pas, en fait, le télétravail,
258180	260220	je sais pas si c'est...
260220	262460	Tu vois, sur l'ensemble de la population,
262780	263920	je pense pas que ce soit tant que ça.
264040	265880	Mais moi, je pense qu'il y a des gens qui peuvent travailler...
265880	267200	Nous, heureusement, on est dans le divertissement,
267340	269860	donc ça, jusqu'à ce qu'on crève tous de faim,
269940	270420	il y en aura besoin.
270820	272480	Tu vois, la majorité des gens, c'est quoi ?
272480	273780	C'est des ouvriers, j'imagine.
274600	276220	Ouais, plus des employés de bureau, quand même.
277320	278500	Ouais, mais tu peux bosser de chez toi.
278720	280280	Non, mais en fait, c'est ça que j'allais dire.
280400	282180	À mon avis, tu peux en temps normal,
282380	283900	mais là, la plupart des gens
283900	285780	n'ont pas d'activité de fait,
285780	287080	parce que vous vous arrêtez.
287760	288040	C'est ça.
288340	291120	Donc, potentiellement,
291240	292800	plus de monde sur France 3 l'après-midi.
292900	293980	Ça commence à être flippant.
294100	296240	Ils parlent peut-être, après,
296820	298800	de 30% de chômage aux États-Unis, quoi.
300040	301000	Bah, écoute, ouais,
301100	303380	pour l'instant, c'est pas le chômage
303380	304700	qui m'inquièterait le plus aux États-Unis,
304840	306380	mais oui, c'est sûr que là,
307600	308700	on part sur quelque chose
308700	310800	d'assez inouï.
311220	312940	Mais en fait, c'est juste que je me dis
312940	315200	que combien d'activités vont se péter la gueule
315200	315740	de façon pas...
315780	316820	C'est-à-dire que vraiment,
317380	319120	est-ce que dans six mois,
319300	320440	il y a des spectacles, en fait ?
320440	321320	C'est ça, par exemple ?
321320	322800	En fait, t'as des articles...
322800	323500	C'est ça qui est fou.
323680	324960	Déjà, t'es dans le flou total.
325660	326740	Mais ce qui est dingue,
326820	329900	c'est que t'as des articles par domaine
329900	332140	où tu te rends compte que certains disent
332140	334360	que les clubs les plus fragiles
334360	336880	de rugby
336880	338820	pourraient ne pas reprendre,
339360	341020	que vu que ça annule
341020	342860	tous les transferts,
343000	344220	tout le marché des transferts,
344220	345580	il y a certains joueurs qui pourraient
345580	346500	ne pas reprendre non plus
346500	347700	et se retrouver sans club
347700	348480	ou en fin de carrière.
349920	351280	J'ai vu un article dans Le Sport
351280	351960	sur les speakers
351960	354440	qui sont tous auto-entrepreneurs
354440	355700	et qui, de fait, en fait,
356380	357700	le mec, par exemple,
357760	358620	qui fait le truc de l'ASM,
358740	359900	il fait aussi le Clermont Foot,
359960	361240	il fait aussi les...
361240	362300	Ah, les speakers de stade ?
362300	363680	Ouais, ils font aussi...
363680	365360	C'est des gars qui font les crosses,
365860	366920	les espèces de courses,
367200	368240	et en fait, ils en font
368240	370420	toute la semaine des animations,
370920	371740	enfin, tous les week-ends, quoi.
371860	372840	Et en gros, là, il a dit
372840	374120	« Je suis auto-entrepreneur,
374220	375040	j'espère que j'aurai le truc
375040	375820	de 2500 balles »
375820	377140	parce que là, c'est niqué.
377340	378060	Enfin, genre, vraiment,
378200	378940	j'ai rien, quoi.
379380	379740	Non, mais voilà,
379940	380580	ce qui est sûr,
380820	382480	c'est que, j'imagine,
382740	385400	les conditions sont tellement
385400	387600	inédites
387600	389180	qu'évidemment,
389280	390160	il y aura des choses de faites
390160	390660	pour ces gens-là,
390720	391900	mais je vois pas comment
391900	393240	il pourrait pas y avoir des gens
393240	395020	qui restent sur la touche,
395220	395480	tu vois,
395980	397160	avec ce truc-là.
397320	398260	C'est pas...
398260	400700	En fait, je me pense juste
400700	403220	que s'il y a une vraie espèce de fin,
403840	404860	qu'elle soit triste ou pas,
404860	405860	en mode...
406720	407620	De fin, c'est-à-dire ?
407620	408440	Fin de confinement ?
408440	409840	Ouais, de fin de confinement
409840	410960	et puis de fin de...
410960	412240	À un moment, les épidémies,
412340	413700	même la peste s'arrête, tu vois.
413780	414060	À un moment,
414420	415660	on arrive bien à ce quota
415660	416940	de 70% de gens
416940	418480	qui sont immunisés
418480	420280	et donc le virus se transmet
420280	421240	comme un virus normal.
422060	422640	Ça arrive.
423100	423780	Mais du coup,
423940	424520	est-ce qu'il va y avoir
424520	425540	une espèce de regain
425540	427140	de, par exemple,
427200	428260	dans le milieu, je sais pas,
428320	429100	du spectacle de
429100	430120	« Ah, ben, on sort »
430120	430760	ou plutôt de
430760	431500	« On n'a plus une thune,
431520	432000	on sort pas »
432000	433100	et du coup, c'est la...
433100	434420	C'est même pas plus une thune,
434420	435080	c'est qu'à un moment,
435660	436540	il y a aussi le fait
436540	438820	qu'ils conseillent,
438880	439620	on verra, tu vois,
440120	441280	mais même une fois
441280	442260	le confinement terminé,
442760	444180	de respecter des mesures
444180	447560	d'isolation, de...
447560	448680	Tu vois, il y a un mec
448680	450280	qui disait, en gros,
450540	451520	« Pensez pas que vous pourrez
451520	452920	resserrer la main
452920	453420	ou faire la bise
453420	454020	à vos collègues
454020	454760	ou à vos amis
454760	456200	à la fin du confinement
456200	457900	et que ce seraient des gestes
457900	458680	qu'on retrouverait pas
458680	459520	avant quelque temps. »
459520	460760	Je trouve ça...
460760	461700	En fait, étant donné
461700	462480	que personne ne sait
462480	462880	où on va,
464200	464400	clairement,
464420	466600	tu vois, on peut dire
466600	467520	tout et son contraire,
468020	468940	mais je pense que, oui,
469160	470220	il y aura forcément
470220	470860	des reprises,
470980	471480	des spectacles,
471560	471940	des concerts,
472080	474100	mais pas aussi tôt
474100	474720	qu'on ne le croit,
474860	475160	je pense.
475340	475960	Je pense, ouais,
476040	476960	et aussi, par contre,
477020	478060	je pense que tout ce qui est
478060	479680	serrer la main et la bise,
479900	480820	en vrai, ça va,
480940	481420	on va le faire...
482100	483300	Ça reviendra pas, en fait.
484100	484740	Même quand il n'y aura
484740	485260	plus de danger,
485420	485840	ça va devenir
485840	486560	une nouvelle habitude
486560	487080	de ne pas le faire,
487500	487840	c'est sûr.
488180	489660	La France ?
489660	490420	Ouais, la bise...
491000	492320	Le pays de la bise ?
492320	492900	Bah, le pays...
492900	493960	Ouais, mais le pays du...
493960	494220	Bon, ça,
494220	494720	j'ai déjà été dit
494720	495800	dans 100 000 sketchs,
495840	496680	mais c'est quand même
496680	497640	le pays où on se touche
497640	498240	les joues et on fait
498240	499060	un bruit dans le vide, quoi.
499820	500100	Donc...
500100	501280	Ouais, ouais,
501280	502400	mais je vois pas
502400	504520	comment ils pourraient...
504520	505180	Écoute,
505620	507020	je suis français
507020	507840	et je veux te dire,
508160	509000	c'est pas un petit virus
509000	509640	qui m'empêchera
509640	510440	de claquer un béco
510440	511920	à mes copains.
512500	512820	Franchement,
513060	513900	tant qu'ils auront pas
513900	515880	une espèce d'étoile jaune PS,
516500	518000	porteur sain,
518280	518560	enfin, quoi,
518620	519400	non, pas porteur sain,
519760	520220	membre...
521220	523040	confrérie des anticorps,
523640	523800	Oui.
524220	525240	Oui, je vois
525240	525740	ce que tu veux dire.
526500	526980	Donc, toi,
527040	528040	tu y vas pas
528040	528840	s'il n'y a pas
528840	530200	le petit badge...
530200	530660	Non.
532020	532660	Brigade anticorps...
532660	533280	Non, non, mais en vrai,
533720	534700	il y avait le...
534700	535960	J'avais même lu un truc
535960	536660	comme quoi,
537060	537500	par exemple,
537580	538040	la barbe,
538120	538980	ça part, ça vient
538980	540300	selon les époques
540300	540900	et il y a un moment
540900	542040	où ça s'est vraiment arrêté
542040	543480	après une espèce
543480	544900	d'épidémie comme ça
544900	545740	et que là,
545820	546020	le mec...
546020	546680	Bah là, tu sais
546680	547600	qu'ils conseillent de la raser.
547740	548920	Ouais, les mecs prophétisaient
548920	549620	la fin des barbus.
549820	550120	En gros,
550220	550960	que ça va redevenir
550960	553240	symbole de saleté
554220	554660	et tout ça
554660	556000	et que petit à petit,
556180	556800	ça va raser.
556980	557240	D'ailleurs,
557520	558140	il y a beaucoup de gens
558140	558700	qui ont eu le réflexe
558700	559500	de la raser au début.
559940	560360	Je pense que ça va raser.
560360	560740	Oui, mais alors,
561260	562240	moi aussi, tu vois,
562300	563160	mais c'est parce qu'on se faisait chier
563160	563380	en fait.
563940	565720	Mais c'est vrai que,
565780	566240	bon, déjà,
566400	567920	la bonne grosse beubare,
568200	569180	c'était déjà sur la fin
569180	570280	voire finie.
570380	570800	Il en reste,
571020	572340	mais c'était déjà plus
572340	573620	le truc à la mode.
575260	576160	Je pense que,
576500	576740	tu vois,
576900	577820	la barbe de trois jours,
577900	578760	je sais pas où ça en est.
579540	580720	Est-ce que,
580920	582340	en termes de mode,
582420	582960	la barbe de trois jours,
582960	584040	c'était encore le truc
584040	585300	ou c'est juste parce que
585300	585960	tout le monde
585960	587140	de notre génération
587140	588380	la porte ?
588380	588960	Edouard Philippe
590020	591400	a fait beaucoup de mal
591400	591880	à la barbe,
592240	592580	je crois,
592940	594060	et ça va contribuer
594060	594440	à sa fin.
594460	595240	Et sa barbe,
595340	595740	visiblement,
595820	596960	lui fait beaucoup mal aussi.
597080	597340	Ça, ça,
597380	598200	sa barbe se rebelle.
598380	599640	La barbe d'Edouard Philippe
599640	600380	est en train de lui dire
600380	601320	non.
601800	602360	Je n'aime pas,
602620	602780	non,
603040	603820	je ne t'aime pas,
604340	605420	toi, ton visage,
605560	606060	ta lunette,
607160	608360	ta tête et ta gueule de con.
609460	610100	Edouard Philippe,
610100	611340	il me fait peur un peu,
611680	611980	en vrai.
612760	613380	Peur ?
613380	613620	Ouais,
613800	613980	il me fait peur.
613980	614020	Il me fait peur.
614020	614040	Il me fait peur.
614040	614440	Il me fait peur.
614860	616040	J'avais vu une interview de lui,
616120	617060	il est hyper sérieux,
617140	617760	hyper froid.
618500	619600	Il fait vraiment peur,
619680	619940	je trouve.
620480	621100	Oui, mais non,
621160	622100	parce qu'il essaie justement
622100	622880	de faire des vannes,
622940	623840	mais...
623840	625020	Tu n'as pas vu ça ?
625020	626040	Il y avait un...
626740	628320	Il faudrait que je retrouve ça,
628480	629100	parce que je n'ai jamais pu
629100	629640	le voir en entier,
629700	631200	mais il y avait un documentaire
631200	631820	sur lui à l'époque
631820	632700	où il était maire du Havre
632700	633120	qui s'appelait
633120	633880	Mont-Edouard,
633940	634420	un truc comme ça,
634500	635660	un mec qui...
635660	637240	Et tu le vois faire de la boxe
637240	637460	et tout.
637500	638100	Le mec n'a pas l'air
638100	639380	chiant, chiant pour un politique,
639880	640960	mais je me souviens
640960	643040	de trucs où il est...
643040	643820	Genre vraiment,
644400	645320	le gars de droite,
645900	646680	il me fait penser
646680	647520	à un père de famille
647520	648820	vraiment rigoureux,
648960	649540	il me fait flipper,
649660	649920	je te jure.
649980	650800	Je comprends,
650880	651380	et en même temps,
651780	652200	j'ai l'impression
652200	653420	qu'il essaie constamment
653420	655060	de mettre des petites vannes,
655220	656220	faire des petites allusions.
657400	657760	L'autre fois,
657860	658640	c'était ridicule,
658680	658980	mais il a fait
658980	660180	une sorte de faux lapsus
660180	662180	forcé, révélateur.
662700	663620	Révélateur !
663620	664960	Révélateur !
664960	666880	Au budget !
666880	669200	Il a révélé !
669200	670760	Que j'ai trouvé nul,
670760	670940	tu vois,
670960	671920	mais il essaie...
671920	672380	Je ne crois pas
672380	673540	qu'il soit si sérieux
673540	674980	ou sinistre,
675080	675780	même si c'est
675780	676820	le premier sinistre.
677120	678300	Non, c'est pas ça,
678400	678660	justement.
678760	679640	C'est son côté marrant,
679880	680740	mais avec cette tête
680740	681160	qui me fait...
681160	681500	En vrai,
681960	682780	je pense
682780	685400	que vraiment,
685580	686240	c'est le genre de gars
686240	686940	qui pourrait
686940	688940	se tremper dans du caca
688940	689940	et violer des nouveaux-nés.
690200	691500	Ah, alors ça,
691560	691820	moi, ça,
691920	692420	je le vois plus
692420	693460	pour notre préfet
693460	694420	de police à Paris.
694580	695960	Oh, mais lui...
696660	697440	Tu vois, lui,
697540	699460	je vois vraiment ce truc...
699460	699860	Non, mais lui,
699860	700760	c'est dans la...
700760	702160	Dans la cérémonie,
702220	702540	comme ça,
702780	703700	il se met une couche
703700	704420	et il fait le bébé.
704660	705340	Tu sais, il met une...
705340	706180	Tu crois que c'est ça ?
706180	707520	En vrai, c'est possible.
707660	708580	Il dit, je suis le bébé !
708580	709380	Et les autres lui mettent
709380	710120	de la merde dessus,
710160	710440	c'est sûr.
710440	712800	Non, mais il y a quelqu'un...
712800	713820	J'allais te dire un ami,
713960	714720	mais on va plutôt dire
714720	715120	un collègue,
715240	716940	qui s'est remarqué
716940	717660	que lui, il pensait
717660	718340	que c'était plutôt
718340	721120	l'inverse au lit
721120	722780	du bourreau sadique
722780	723580	qu'il est en vrai,
724200	725760	à savoir le mec
725760	728200	qui se fait écraser les couilles.
728240	729160	Ah oui, c'est sûr !
729160	729640	Ah bah oui, mais...
729640	730280	Et moi, non,
730280	731280	j'ai un peu...
732720	733240	Bon, en fait,
733340	734360	il me rappelle Fourniret.
735620	735940	Déjà.
736180	737120	Tu vois, dans le type
737120	737980	de physique nerveux,
738080	738940	un peu maigre, laid,
739180	740180	un peu chétif comme ça.
740200	740680	Mais déjà, moi, il me fait penser à...
740680	741340	Mais je pense que j'avais vu
741340	741920	un tweet là-dessus.
742020	743200	Il me fait penser à un personnage
743200	744480	de...
744480	746500	Un mini Mario.
746640	747240	Tu sais, sa casquette
747240	747920	est beaucoup trop grande
747920	748280	pour lui.
748560	749420	Bien sûr, bien sûr.
749920	750460	Il a un capite
750460	751160	beaucoup trop grand.
751460	752560	Et en fait, ça va pas du tout.
752640	752980	Ça lui relève
752980	753800	toute son autorité.
754000	754720	On dirait que juste
754720	755460	parce qu'il n'a pas trouvé
755460	756440	une casquette à sa taille,
756440	757220	il veut s'énerver
757220	757840	contre tout le monde.
757900	758740	C'est possible.
759220	760060	Mais à côté de ça,
760200	761440	tu vois, moi, je pense...
762400	763400	Et alors, notez-le.
763600	764500	Vous l'aurez entendu ici
764500	764860	en premier.
764980	765540	Mais je pense que
765540	766280	dans quelques années,
767260	767440	quand sortiront
767960	769340	les révélations sur ce gars,
769480	769880	il va y avoir
769880	770840	des trucs dégueulasses.
770980	772660	Alors, je dis pas que je sais.
774000	775580	D'ailleurs, s'il nous écoute,
775980	777560	je vous respecte énormément.
778580	779320	Mais je pense vraiment
779320	780100	qu'il y a un truc crado.
780420	781140	Et j'ai pas encore
781140	781640	mis le doigt dessus.
781820	782740	Il en a sorti une, là.
782900	783580	D'ailleurs, je l'ai vue.
784000	784480	Alors, je sais pas
784480	785140	si elle est récente,
785140	786340	mais où il dit
786340	787140	que...
787220	787940	que tous les gens
787940	788940	qui sont en réanimation,
789060	789360	c'est des gens
789360	789880	qui faisaient le con
789880	790620	au début du confinement.
791080	791900	Alors, il s'est excusé.
791980	792800	Il a dit ça ce matin.
793360	793820	Ah, c'est ce matin.
793980	794560	Voilà, donc c'est frais.
794660	795120	C'était quand même
795120	795520	assez abusé.
796380	797520	Ouais, mais il s'est excusé.
797880	798360	Je pense que là,
798460	799580	même Castaner lui a dit
799580	799940	écoute, là,
800360	801460	je peux pas te...
801460	802400	Les gilets jaunes
802400	803240	que t'as éborgnés,
803420	803980	j'ai rien dit.
804480	805440	Les féministes
805440	806160	que t'as drainées
806160	806720	par les cheveux
806720	807280	dans le métro,
807440	808000	j'ai rien dit.
808420	808880	Quand t'as voulu
808880	809560	que j'aille à tes soirées
809560	810140	t'autoches.
810140	811020	Quand je suis venu
811020	811640	à ta soirée
811640	812380	avec la cagoule
812380	812900	à zippette,
813040	813720	j'ai rien dit.
814080	814660	Mais là,
816140	816860	là, mon allemand
816860	817240	c'est mort.
817700	818040	Et du coup,
818080	818880	il a fait un communiqué
818880	819280	en disant
819280	819940	pardon,
820460	821020	je suis peut-être
821020	821760	allé un peu loin.
821860	823480	Il peut aller là
823480	824080	en ce moment.
824200	824660	Il faut vraiment
824660	825340	être nul en com.
825380	826180	Tu peux attaquer
826180	827080	qui tu veux
827080	827940	à part les médecins
827940	828360	et les malades.
828460	828920	C'est pas compliqué.
829260	829620	Franchement,
829800	830620	vraiment.
831820	832300	Ouais, mais lui,
832400	832960	il a aucun ennemi.
833100	833460	Il est ailleurs.
833460	834200	Il est vraiment
834200	834880	sur une autre planète.
836980	837860	Je suis assez fier
837860	838460	de vivre
839120	839800	en même temps
839800	840120	que cet homme.
840140	842100	Il fait peur.
842460	842980	Il fait peur.
843220	844500	Mais bon,
844940	845660	s'il y a la guerre,
846040	846840	je préfère l'avoir
846840	847440	dans notre camp.
848400	848700	Oui.
850520	851180	C'est sûr
851180	851740	que si tu le vois
851740	852480	arriver en face,
852880	853140	je sais pas
853140	853480	qui seront
853480	854200	nos ennemis
854200	854980	à la prochaine guerre.
855380	855600	Peut-être,
855660	855920	je sais pas,
856760	857360	des Russes
857360	858360	ou des...
858360	859180	Ou Rick Moussava,
859260	859960	peut-être des Américains,
860020	860380	j'en sais rien.
860480	861580	Mais si tu vois
861580	862920	le général ennemi
862920	864580	arriver avec sa grosse casquette
864580	866100	trois fois trop grosse
866100	866940	et sa petite tête
866940	868260	de pincée,
868340	868860	là...
868860	869520	Putain,
869520	869660	ouais,
869780	869960	c'est vrai,
870040	870120	les...
870120	870560	Les Américains,
870740	872240	ils nous ont piqué
872240	872760	les masques.
873060	873960	Et c'est pas...
873960	874280	Ouais.
874560	875840	Tu rends le masque !
875840	876740	Tu poses ce burger,
877460	878380	tu lâches cet Indien,
878480	879200	tu rends le masque,
879260	879740	les Ricains !
879740	879940	Putain,
879980	881340	c'est pas possible !
881340	881920	Ce qui est génial,
882020	883000	c'est que diplomatiquement,
883220	884140	ils se foutent sur la gueule
884140	884720	avec la Chine
884720	885760	en disant...
885760	886460	Les Chinois ont dit
886460	886860	c'est sûrement
886860	887700	les Américains
887700	888440	qui sont venus
888440	889400	amener le virus chez nous.
889820	890760	Les Américains disent
890760	891480	s'il n'y avait pas
891480	891880	les Chinois,
892000	892340	on serait pas
892340	892880	en train de crever.
893340	893660	Donc,
893760	894560	ils se foutent sur la gueule
894560	895760	l'un et l'autre.
895760	896080	Mais,
896080	897380	s'il y en a un
897380	898300	qui amène des petits bifetons
898300	898960	sur le tarmac,
899060	899360	on lui dit
899360	899780	bon écoute,
899900	899960	allez,
900320	901100	l'avion plein de masques,
901180	901600	il est pour toi.
901740	902140	En même temps,
902300	903300	trois fois le prix en cash,
903420	904000	c'est des royales.
904300	904640	Ah bah,
904820	905040	ouais,
905280	905600	bah oui.
905820	905980	Mais non,
906080	906820	mais qu'est-ce que tu veux faire ?
906820	908000	Je peux comprendre
908000	909180	les gars qui les ont vendus aussi,
909360	910840	mais c'est chaud quoi.
911100	911940	Disons que toi,
912040	912700	tu veux m'acheter
912700	914340	une veste par exemple,
914480	915200	vu que c'est déjà arrivé
915200	915880	comme situation.
916260	916460	Ouais, ouais.
916460	917520	Un bon manteau d'hiver.
917780	917980	Ouais.
918300	919400	Et que je te dis
919400	920100	ouais, je te le vends.
920100	921680	Au moment où je pars
921680	922200	dans le métro
922200	922700	et il y a un gars
922700	923240	qui me donne
923240	924160	une mallette de cash,
925320	926260	je lui dis
926260	927100	prends le manteau.
927320	928060	Même si tu sais
928060	928640	que comme moi,
928720	929280	j'allais te le payer
929280	930680	en pièce de 1 euro ?
930680	930900	Ouais.
932300	932660	Oui,
932700	933300	parce que c'est vrai,
933600	933920	c'est vrai,
934020	934140	voilà,
934260	935240	j'ai vendu une veste
935240	935800	à Urbain
935800	937020	qui m'a payé
937020	937920	intégralement
937920	938760	en pièce de 1 euro.
939800	940160	Intégralement.
940320	941100	Comme un connard
941100	941640	qui veut faire
941640	942600	une vidéo prank
942600	943740	aux impôts
943740	944780	avec tous ses centimes.
944960	945600	J'ai le droit,
945960	946480	j'ai le droit,
946700	946960	et oui,
947060	947540	techniquement,
947680	948040	j'ai le droit.
949260	949620	Supportable.
949620	950420	J'ai acheté
950420	951260	des pains au chocolat
951260	952020	pendant 6 mois,
952200	953000	c'était l'enfer.
956100	957420	Les courses ce matin,
957680	958100	franchement,
958580	959020	j'ai compris
959020	959500	ce que t'as dit.
959620	959960	D'habitude,
960100	961060	moi j'étais en zone protégée
961060	962280	samedi matin à 8h.
962920	963140	Là,
963500	963740	putain,
963900	964700	les gens,
964900	966260	ils font un peu gaffe
966260	966800	et en même temps,
966980	967280	beaucoup,
967440	968020	beaucoup de gens
968020	968620	au même endroit.
968620	969160	Au supermarché,
969280	969820	t'es allé ?
969820	970080	Ouais,
970280	971720	et marchand de légumes,
971860	972280	boucher,
973240	973480	tout.
973680	974280	T'as fait la tournée,
974340	974480	quoi,
974580	974760	ouais.
974760	975040	Ouais,
975180	976280	c'est con parce que
976280	976620	c'est vraiment,
976980	977400	ta vie,
977640	979220	tu vois que l'être social
979220	980200	est quand même très important
980200	981800	parce que pour pas trop
981800	982860	passer pour un enculé,
983520	984700	des fois,
984780	985520	je baissais l'écharpe
985520	985780	et tout,
985880	986920	c'était vraiment des réflexes
986920	987820	de j'ai pas envie
987820	988580	que les gens le prennent mal
988580	989540	mais c'est ma vie,
989600	989740	quoi.
990520	990660	Oui,
990760	990940	mais alors,
991020	991260	tu vois,
991940	992200	moi,
992320	993880	j'ai fait l'intégralité
993880	995160	avec masque
995160	996060	et il y avait pas mal
996060	996420	de monde
996420	998320	dans ce cas-là
998320	1002080	et il s'avérait sûrement
1002080	1003540	qu'il conseille,
1004020	1005060	ça a été recommandé
1005060	1005940	qu'il conseille à tout le monde
1005940	1007500	de mettre des masques maintenant,
1007600	1008440	même des masques faits maison
1008440	1009200	pour savoir
1009220	1009440	tiens.
1010480	1010600	Oui.
1011180	1011440	Tu vois,
1011580	1012500	donc on est très loin
1012500	1013320	de ce qu'on disait au début
1013320	1014660	où ceux qui mettent des masques
1014660	1015200	sont parano
1015200	1016020	et limite,
1016160	1016500	t'avais honte
1016500	1017180	de mettre un masque
1017180	1017820	dans le métro.
1018500	1018660	Oui,
1018740	1018880	oui,
1018960	1019280	oui,
1019320	1019540	non,
1019600	1020900	mais tu vois,
1020960	1021980	les premières courses
1021980	1022920	que j'ai faites
1022920	1025840	au début du confinement,
1025980	1026620	il y avait très peu
1026620	1027380	de gens masqués
1027380	1029080	et même...
1029080	1029200	Moi,
1029260	1029700	j'ai pas de masque
1029700	1030720	mais j'ai fait à l'arrache,
1030820	1031700	j'avais une écharpe d'ailleurs
1031700	1032360	et je voulais trouver
1032360	1033780	une écharpe patriote
1033780	1035820	et je me suis rendu compte
1035820	1036240	que j'avais l'air
1036240	1037120	d'un beau fachot
1037120	1038580	parce qu'en fait,
1038580	1039180	j'ai une écharpe
1039180	1040180	de l'équipe de France de foot
1040180	1040660	mais c'est juste
1040660	1041940	une écharpe bleu-blanc-rouge
1041940	1042680	et ça fait un peu
1042680	1043200	comme si j'étais
1043200	1044420	un black bloc fachot
1044420	1044800	un peu.
1045420	1045560	Oui,
1046080	1046860	mais c'est vrai
1046860	1047320	qu'on commence,
1047660	1048080	on a aussi,
1048740	1049700	t'as aussi la tente.
1051040	1051200	Toi,
1051240	1051720	t'es équipé,
1051980	1052960	la tente Front National,
1053100	1053760	c'est toi qui l'as ?
1053760	1054440	Non,
1054520	1054920	c'est pas vrai.
1055300	1055660	Alors,
1055920	1056980	on avait commandé,
1057860	1059100	on voulait faire
1059100	1060260	un unboxing à l'époque.
1060500	1061340	Pour ceux qui...
1061340	1062340	Sachez que c'est les débuts
1062340	1063380	de...
1063380	1064240	C'est les prémices
1064240	1065080	de Plutocostique,
1065080	1065660	les unboxings.
1065660	1066100	Ah, complètement.
1067360	1068520	Il y avait même la musique
1068520	1069620	qu'il y a au début
1069620	1070260	de Plutocostique.
1070440	1070900	C'est la même.
1071080	1071400	Et d'ailleurs,
1071700	1072380	sur le Discord,
1072960	1074340	il y a quelques unboxings
1074340	1074900	qui ont tourné.
1075760	1076120	Ben oui,
1076180	1077020	c'est vraiment la première fois
1077020	1077600	qu'on faisait des trucs
1077600	1078240	que nous deux
1078240	1080400	et on faisait des unboxings
1080400	1081640	à la con sur Topito.
1082540	1083160	Ils tapaient
1083160	1084140	Unboxing Topito,
1084340	1085460	c'est toujours Clément et moi.
1085960	1086380	Et une fois,
1086440	1086800	on avait fait
1086800	1087720	les objets des politiques
1087720	1088400	parce qu'on a réussi
1088400	1089880	à les avoir gratos
1089880	1090480	et du coup...
1090480	1090900	Parce que c'était
1090900	1092640	la présidentielle.
1092640	1093180	Ouais, voilà.
1093340	1094760	Et on s'est rendu compte
1094760	1095500	que tout le monde
1095500	1096140	avait du merch
1096140	1096780	et il y avait
1096780	1097960	une tente Front National
1097960	1099780	avec le logo à l'ancienne,
1100180	1100980	l'énorme flamme.
1100980	1101820	Ah oui, avec la flamme.
1102100	1102560	Et c'est vraiment,
1102660	1103380	tu te mets au camping,
1103500	1103960	tu mets ça,
1104100	1104280	ben là,
1104320	1104820	t'es tranquille,
1104900	1105320	les Allemands,
1105400	1105800	ils vont pas se mettre
1105800	1106380	à côté de toi.
1106520	1107320	Je sais plus ce qu'on avait eu.
1107500	1108700	On avait commandé du vin
1108700	1109440	à François Fillon
1109440	1110260	mais on l'avait jamais reçu.
1110540	1111240	Ouais, il y a plein de trucs.
1111460	1111740	En fait,
1111780	1112960	on avait reçu rien
1112960	1114360	à part la tente Front National
1114360	1115080	comme des connards.
1116200	1116960	Du Pontaignant,
1117040	1118820	on avait acheté des trucs
1118820	1119460	mais je sais plus
1119460	1119860	ce que c'était.
1120040	1120860	Le livre peut-être,
1125500	1125620	vraiment,
1125900	1126600	à l'extérieur,
1126720	1128000	la grosse flamme FN.
1129620	1130400	Je crois que,
1130580	1131180	je me demande
1131180	1132420	si ce serait pas
1132420	1132940	un gage
1132940	1133980	prochain festival
1133980	1135980	réussir à
1135980	1137680	à Solid Days
1137680	1138380	ou à...
1138380	1139320	Combien de temps
1139320	1140320	tu tiens à dormir
1140320	1141020	dans la tente
1141020	1144940	à la fête de l'Huma
1144940	1149340	avec ça, quoi ?
1149340	1150200	Ce serait fort.
1150460	1151080	Et au contraire,
1151220	1152100	il faudrait aller,
1152660	1153080	j'allais dire,
1153160	1153680	dans un festival
1153680	1154260	de mecs de droite
1154260	1154820	mais il y en a pas.
1155040	1155480	Les mecs,
1155500	1156660	c'est ça.
1156760	1156880	En fait,
1156960	1157900	je me demandais,
1158080	1158700	en faisant la vame,
1158800	1159560	s'il y avait un festival
1159560	1160440	où on serait bien accueilli.
1161180	1161920	Bon, peut-être,
1162240	1162380	non,
1162480	1162840	je sais même pas,
1163240	1163740	Roquensen.
1163860	1164100	Ah non,
1164240	1165160	des mecs d'extrême droite,
1165280	1165500	il y en a,
1165580	1166140	mais un festival
1166140	1167440	de mecs de droite riche,
1167500	1168060	je pensais.
1168360	1168640	Roquensen,
1168920	1169380	il y a quand même
1169380	1170040	beaucoup de petits
1170040	1170780	clodoaldiens,
1171060	1172000	bien coiffés.
1172720	1173040	C'est peut-être
1173040	1173980	le truc le plus à droite
1173980	1174600	que tu peux trouver.
1174860	1175140	Ouais, ouais,
1175240	1176240	mais j'ai imaginé
1176240	1176600	un endroit
1176600	1177660	où avec une tente
1177660	1178620	du Front Populaire,
1178620	1179560	enfin du Front Populaire,
1179560	1179980	du...
1179980	1180320	Merde,
1180400	1180680	c'est quoi le parti ?
1180680	1181640	Oula, malheureux.
1182000	1183040	Du...
1183040	1183820	Putain,
1183920	1184560	c'est quoi le parti ?
1184560	1185440	Rassemblement National.
1185600	1185800	Non,
1185940	1186740	le parti de Mélenchon.
1187600	1187780	Ah,
1188080	1190220	les Insoumis.
1190400	1190840	Les Insoumis.
1190860	1191540	La France Insoumise.
1191660	1192420	La France Insoumise,
1192500	1192640	voilà.
1192700	1195160	Il n'y a rien avec Populaire ?
1195160	1197220	C'est pas dans...
1197220	1198400	C'est pas dans...
1198400	1198580	Ah ouais,
1198620	1199320	c'est dans le Baron Noir.
1199480	1200280	C'est dans le Baron Noir.
1200480	1200660	Ouais.
1201500	1202300	Je suis sûr que t'es sûr.
1202380	1202520	Ouais,
1202520	1203140	je comprends tout.
1204180	1205500	C'est Rassemblement Populaire,
1205500	1205720	je crois,
1205780	1206300	dans le Baron Noir
1206300	1206800	ou un truc comme ça.
1206800	1207140	Je crois,
1207260	1207400	ouais.
1207880	1208660	C'est vrai que Populaire,
1208740	1208980	maintenant,
1209080	1210320	ça fait un peu dictature.
1210640	1211520	Alors que le Front Populaire,
1211620	1212040	c'était stylé,
1212080	1212920	mais...
1212920	1213540	Front Populaire,
1213620	1213960	c'est stylé.
1214940	1216880	Mais c'est vrai que le côté Populaire,
1217160	1217460	ça fait stylé.
1217460	1219280	Je crois que c'est une des meilleures analyses
1219280	1220640	qui a jamais été faite
1220640	1221800	dans ce podcast.
1221880	1222020	Non,
1222080	1222800	mais le nom...
1222800	1223720	Front Populaire,
1224240	1224680	c'est stylé.
1224860	1225100	Bah,
1225540	1226040	excuse-moi,
1226120	1226660	la Sécu,
1227200	1227760	Maurice Torres,
1228560	1229640	les congés payés,
1229720	1230160	merci bien.
1230160	1230980	Léon Blum.
1231200	1231920	Léon Blum,
1232480	1234040	sacré moustache,
1234280	1234920	Léon Blum.
1236340	1236480	Euh,
1236800	1239000	qu'est-ce que je voulais dire ?
1239000	1239300	Oui,
1239400	1239800	Populaire,
1239860	1240100	maintenant,
1240200	1241420	ça fait soit Patrick Sébastien,
1241640	1242580	soit Mao Zedong,
1242700	1242860	quoi.
1243060	1243740	Il y a un petit peu...
1243740	1244080	Ouais,
1244260	1244400	ouais,
1244540	1245320	en fait,
1245420	1245680	c'est juste,
1245920	1246680	c'est populot,
1246780	1246860	quoi,
1246940	1247460	populiste.
1247740	1248640	Mais moi,
1248720	1250060	je revendique...
1250060	1252100	T'as le droit d'avoir ton écharpe bleu-blanc-rouge
1252100	1253860	et il faut pouvoir dire Populaire
1253860	1254660	sans être...
1254660	1254800	Non,
1254800	1255080	ça,
1255080	1255780	je sais aussi,
1255880	1256500	c'est un peu chiant.
1258080	1259380	Mais c'est vrai que c'est compliqué en France,
1259480	1259660	tu vois.
1260520	1262260	C'est dur de...
1262260	1263540	Je crois que c'est Ségolène Royal,
1263840	1265320	quand elle a été candidate,
1265320	1267560	qu'avait...
1267560	1267900	Elle,
1267980	1270160	qui voulait remettre le drapeau
1270160	1271240	au cœur des classes
1271240	1273080	et reprendre,
1273320	1273920	en disant,
1273980	1275640	reprendre le drapeau aux frontistes,
1276040	1277140	ce qui est louable en soi,
1277580	1277760	bon,
1277920	1278380	pourquoi pas.
1278860	1279880	Mais ce qui est fou,
1280000	1281720	c'est de voir comme...
1281720	1281900	Alors,
1281980	1282600	les États-Unis,
1282700	1283260	c'est un cas à part,
1283360	1283880	tellement ils sont...
1283880	1285420	Ils sont surpatriotes,
1285520	1286300	mais même dans d'autres pays.
1286800	1287760	Quand tu vas en Norvège,
1287840	1289100	quand tu vas en Angleterre,
1289160	1290680	tu vois...
1290680	1291760	Tu vois pas forcément des pays
1291760	1293660	qui ont des vélités indépendantistes,
1293720	1294360	genre en Écosse,
1294360	1295300	t'as toujours un drapeau
1295300	1295680	écossais,
1295720	1296220	mais c'est normal.
1296820	1297560	Mais la Norvège
1297560	1298440	ou l'Angleterre,
1298760	1299200	ils ont souvent
1299200	1299920	leur petit drapeau
1299920	1300620	dans leur jardin,
1301020	1302780	ce que tu vois jamais en France,
1302820	1303000	en fait.
1303040	1303940	On a vraiment un truc,
1304140	1305880	à part à la Coupe du Monde,
1305940	1306240	mais ouais,
1306260	1306960	c'est clair que...
1306960	1307340	C'est tout,
1307440	1307780	c'est tout,
1307860	1308100	en fait.
1308980	1309200	Ouais,
1309360	1310460	c'est...
1310460	1311160	Bah...
1311160	1312080	Ouais,
1312140	1312440	je sais pas,
1312540	1313240	c'est bizarre,
1313360	1313520	mais ça,
1313580	1314160	c'est un peu normal.
1314840	1315480	Ils ont vraiment
1315480	1316320	piraté le truc,
1316420	1316540	quoi.
1316660	1317480	Alors que...
1317480	1317620	Oui,
1317680	1318540	mais est-ce que c'est que ça ?
1318540	1319000	Est-ce qu'on a...
1319000	1319960	Est-ce qu'à un moment,
1325300	1327040	peu patriote,
1327620	1328020	ou en tout cas,
1328080	1328920	peu démonstratif,
1329280	1329880	en France ?
1329880	1330540	Je sais pas trop.
1330560	1330840	Je sais pas,
1330940	1331420	c'est que les gars
1331420	1331900	qui étaient vraiment
1331900	1332680	en mode la patrie,
1332720	1333160	la patrie,
1334360	1335060	c'était un peu
1335060	1336320	pétain et compagnie,
1336440	1337260	puis après le FN,
1337340	1337640	et puis après,
1337700	1338060	c'est compliqué,
1338160	1338260	quoi.
1338280	1338380	Oui,
1338400	1338880	mais avant ça,
1339020	1339340	tu vois,
1339400	1339620	je veux dire,
1339660	1340260	la cocarde,
1340920	1341720	ça reste après
1341720	1342720	un truc révolutionnaire,
1342800	1343160	normalement,
1343240	1343600	ça devrait être...
1343600	1343900	En plus,
1344060	1344940	ils sont complètement cons,
1345180	1345520	pour le coup,
1345780	1346420	c'est Mélenchon
1346420	1347580	qui est à fond Robespierre
1347580	1348120	et la Révolution
1348120	1349120	qui devrait être à fond
1349120	1349720	sur les drapeaux,
1349720	1350320	la Marseillaise
1350320	1351340	et tous les symboles républicains,
1351720	1352520	alors que le FN,
1352920	1353220	c'est vraiment
1353220	1354420	le contraire de ça,
1354500	1354880	à la base,
1354960	1355460	l'extrême droite,
1355580	1356500	c'est vraiment pas du tout ça,
1356900	1357420	c'est pas du tout
1357420	1357980	la République,
1358580	1359640	c'est pas du tout leur délire.
1359760	1360180	c'était les collabos
1360180	1361660	et c'était les pires traîtres
1361660	1362080	du pays.
1362500	1363720	Mais même pas,
1364380	1365300	juste au niveau
1365300	1366040	des symboles,
1366120	1367480	tout ce qui est la droite
1367480	1369040	et la droite extrême,
1369220	1370120	ils étaient même souvent
1370120	1371000	plutôt royalistes,
1371140	1371180	quoi,
1371540	1372240	c'était pas du tout
1372240	1372660	leur délire,
1372740	1373120	la République,
1373260	1373420	quoi.
1373920	1374080	Oui,
1374160	1374260	oui.
1374620	1375440	Donc ça n'a pas de sens,
1375440	1375820	en vrai.
1377160	1378800	Mais c'est dur
1378800	1381240	d'avoir un gros drapeau
1381240	1381980	de la France
1381980	1382400	quand c'est pas
1382400	1382860	la Coupe du Monde
1382860	1383080	et dire
1383080	1383180	« Ouais,
1383220	1384060	mais je suis pas raciste ! »
1384060	1384440	Tu vois,
1384540	1384920	c'est à un moment,
1385340	1385700	l'image,
1385840	1386960	c'est l'image,
1387060	1387700	tu peux rien y faire,
1387800	1388160	c'est que ça.
1389120	1389420	Ouais,
1389740	1389900	ouais.
1390100	1390360	Mais bon,
1390500	1391740	t'as fait des courses
1391740	1393120	et tu t'es pas fait emmerder.
1393580	1393740	Non,
1393820	1393960	non,
1394100	1395840	mais j'ai vu que...
1395840	1396280	Des gens sont venus
1396280	1396740	te remercier,
1396940	1397720	merci d'être patriote,
1397840	1398440	merci d'être français.
1398500	1399440	Merci pour la France,
1400420	1402620	merci de supporter.
1403320	1403640	Non,
1403760	1404160	mais voilà,
1404240	1404500	par contre,
1404580	1404780	attends,
1404920	1405640	j'ai chargé,
1405760	1405880	là,
1405880	1407420	je voulais vraiment...
1407420	1408080	Ben oui,
1408200	1409140	il fallait faire
1409140	1410120	un vrai plein,
1410200	1410320	quoi.
1410360	1411420	Mais je voulais faire
1411420	1412880	moitié...
1413700	1414040	En fait,
1414080	1414880	j'ai fait moitié bien,
1415040	1415560	genre vraiment
1415560	1416680	que des légumes frais
1416680	1417880	et moitié...
1418420	1418820	Je suis allé
1418820	1419600	dans une épicerie,
1419860	1420180	j'ai pris
1420180	1421360	un cubit de rouge,
1421520	1422360	une blanquette de veau
1422360	1423160	hyper chère
1423160	1423880	en...
1425180	1425360	Tu sais,
1425440	1426280	dans les gros bocaux
1426280	1426740	de grand-mère,
1426840	1426900	là,
1427000	1427740	je me suis ruiné.
1427860	1428380	Mais je sens que toi,
1428440	1429120	t'as envie de qualité,
1429280	1429380	là.
1429620	1430420	Ce confinement,
1430540	1431040	il te donne envie
1431040	1431620	de bons produits.
1431620	1432360	Mais en même temps,
1432460	1433320	de pas cuisiner, quoi.
1433420	1433720	Je sais pas,
1433760	1434380	j'ai la flemme
1434380	1435120	de cuisiner de fou.
1435120	1435340	Ouais,
1435440	1435720	mais ça,
1435900	1436720	je crois vraiment
1436720	1437840	que c'est général.
1438720	1439400	Je vois tout le monde
1439400	1440020	sur Insta,
1440260	1441060	que ce soit des gens
1441060	1441660	qui travaillent,
1441740	1442360	qui travaillent pas,
1442520	1443380	qui sont en confinement
1443380	1444240	et étudiants ou quoi,
1444480	1445340	c'est la flemme
1445340	1446040	de faire un truc, quoi.
1446080	1446380	Ouais, ouais,
1446440	1446800	mais demain,
1446880	1447220	j'aurai le temps,
1447320	1447860	c'est le week-end,
1447920	1448840	j'aurai pas le télétravail.
1448900	1449240	Ouais, ouais,
1449260	1450160	mais en vrai,
1450660	1451060	moi,
1451140	1451980	je fais moins de choses
1451980	1452580	qu'en temps normal.
1452780	1453260	Alors que,
1453360	1453600	tu vois,
1453700	1454380	une fois que la journée
1454380	1455260	de travail est terminée,
1456200	1456320	ben,
1456360	1456640	je suis là,
1456740	1457640	je pourrais direct
1457640	1458280	me mettre à peindre,
1458280	1459260	me mettre à faire du sport,
1459380	1459980	lire plus.
1460640	1460960	En fait,
1461040	1461140	non,
1461260	1462660	j'ai une sorte de flemme
1462660	1463380	totale
1463380	1464300	qui fait que
1464300	1465480	je fais pas grand-chose.
1465980	1466500	Je lis un peu,
1466540	1467980	je lis le bouquin
1467980	1468420	de Big BD,
1468500	1469080	je vais avoir torché
1469080	1469600	en un jour,
1469700	1470420	parce que ça m'intéressait
1470420	1470580	un peu,
1470680	1471280	parce que c'était sur
1471280	1472400	tout ce qui était le rire,
1472480	1472820	le lol,
1472880	1473740	il se moque des humoristes.
1474680	1475160	Ah oui, oui, oui.
1475460	1475960	Ouais, ouais,
1476060	1477260	et ben...
1477260	1477620	Ben alors,
1477700	1477840	écoute,
1477900	1477980	moi,
1478040	1478840	je déconseille plutôt,
1479120	1480260	il les raconte quand même
1480260	1481380	énormément de conneries,
1481380	1481520	ce petit père.
1481520	1481840	Ouais, ouais,
1481960	1482620	c'est un peu de la merde.
1483000	1483300	Beaucoup,
1488280	1488820	ni personne,
1488900	1489480	ni contexte.
1489700	1490300	Pour la première fois
1490300	1490800	du confinement,
1490940	1491340	j'ai eu envie
1491340	1492080	de tuer quelqu'un.
1492300	1492540	Ah,
1492720	1493760	ah oui.
1494440	1495260	Et du coup,
1496900	1497140	en gros,
1497200	1498600	pour resituer professionnellement,
1498820	1499860	on a eu un petit clash
1499860	1501620	avec une personne extérieure
1501620	1502060	et du coup,
1502120	1502200	là,
1502220	1502720	je me suis dit,
1502940	1503920	c'est la première fois
1503920	1505080	que je ressens le confinement.
1505560	1506180	C'est-à-dire que
1506180	1507080	j'étais tellement énervé,
1507160	1507280	tu vois,
1507340	1507600	je me disais,
1507600	1507700	mais,
1508240	1509180	il faut que je sorte,
1509280	1509740	ça m'énerve.
1510220	1510800	Et en fait,
1511620	1511900	là,
1511980	1512420	je me suis dit,
1512580	1512720	ok,
1512900	1513180	en fait,
1513280	1514180	j'ai vraiment l'impression
1514180	1514940	d'être piégé
1514940	1516540	dans mon appart.
1516540	1517840	En trois semaines,
1517940	1518460	je ne l'ai pas ressenti
1518460	1519160	une seule fois
1519160	1520140	et là,
1520200	1520560	je me suis dit,
1520640	1521040	mais putain,
1521440	1522480	j'ai envie de,
1523060	1523660	je ne sais pas,
1523720	1524300	d'aller courir,
1524420	1525160	d'aller…
1525160	1526260	J'ai été agacé aussi,
1526780	1527040	mais moi,
1527240	1527920	le contraire,
1528060	1528440	j'ai vraiment,
1529080	1529860	j'étais furieux
1529860	1530720	de voir autant de gens
1530720	1531540	dehors dans la rue
1531540	1531860	aujourd'hui.
1532340	1532660	Genre,
1532720	1532900	vraiment,
1533060	1534880	ma sortie a été un enfer.
1535060	1535740	C'est vraiment le pire moment
1535740	1536100	de ma journée,
1536200	1536640	c'est les cinq minutes
1536640	1537300	que j'ai passées dehors.
1538560	1538920	Parce que,
1538960	1539340	en fait,
1539820	1540820	j'hésite vraiment,
1540940	1541120	tu vois,
1541240	1541360	alors,
1541740	1542400	quand on parle,
1542760	1542940	tu vois,
1543000	1543380	par exemple,
1543380	1544500	quand je reparle avec ma mère
1544500	1545980	qui est à la campagne totale,
1546340	1547620	elle ne se rend pas compte de ça,
1548400	1549680	mais il y a aussi le fait
1549680	1550380	qu'il y ait énormément
1550960	1552020	de monde à Paris.
1552260	1552380	Donc,
1552500	1552980	évidemment,
1553140	1553740	qu'il y aura des gens dehors.
1554540	1554660	Tu vois,
1554680	1554900	au début,
1554980	1555780	c'est des gens qui m'énervaient,
1555860	1556160	mais je me dis,
1556260	1556480	en fait,
1557040	1558780	c'est rien de voir dix personnes
1558780	1559500	sur contre-trajet.
1559720	1559740	Oui,
1559740	1560540	il y a eu des personnes glandées,
1560640	1561400	les gens faisaient leurs courses.
1562380	1562760	Ben voilà,
1562940	1563440	donc au final,
1563600	1564260	tu vois,
1564400	1565080	c'est plutôt
1565080	1567380	ceux qui…
1567380	1569500	Qu'est-ce qui se passe ?
1569500	1569520	Oui,
1569520	1569800	pardon,
1570020	1571040	mon téléphone fait de la merde.
1571700	1572060	Mais tu vois,
1572160	1572260	voilà,
1572260	1573200	du coup,
1573480	1573940	j'ai décidé
1573940	1575800	peut-être de
1575800	1577660	respirer un grand coup
1577660	1578660	quand je vois des mecs courir,
1578780	1579020	me dire,
1579200	1580240	même si c'est clairement
1580240	1580980	des branleurs
1580980	1581980	qui n'ont jamais couru de leur vie,
1582560	1583160	c'est leur sortie,
1583300	1584580	pourquoi pas ?
1584580	1584700	Là,
1585220	1586440	comme le préfet,
1586740	1587660	comme monsieur l'allemand,
1587960	1588100	moi,
1588200	1588900	c'est les gens
1588900	1589540	qui vont partir,
1589860	1590660	il y a des bouchons
1590660	1591260	sur le périph'
1591260	1591700	de personnes
1591700	1592600	qui partent en vacances,
1593840	1594200	tu vois,
1594680	1595100	en province.
1595100	1596080	Qu'en vacances ?
1596080	1596300	Ben,
1596340	1596780	c'est les vacances,
1596880	1596960	là,
1597000	1597180	ça y est,
1597180	1598420	c'est les vacances scolaires.
1599060	1599280	D'accord,
1599600	1599640	mais…
1599640	1600620	Et c'est pour ça que…
1600620	1600840	Du coup,
1600900	1601980	ça veut dire que
1601980	1604280	les cours télétravail
1604280	1605560	s'arrêtent ?
1605560	1606220	Pour…
1606220	1607200	Je crois que c'est par zone,
1607300	1607880	mais en tout cas,
1608000	1608120	là,
1608280	1609060	c'est progressivement
1609060	1609580	pour tout le monde.
1609720	1610060	Ah ouais ?
1610060	1610380	Ouais, ouais.
1610540	1610860	Et pourtant,
1610920	1611540	il va falloir s'y mettre,
1611820	1612920	on a appris aujourd'hui
1612920	1614760	que le bac…
1614760	1616320	Et le brevet.
1616440	1617240	Oh là là,
1617440	1618140	l'enfer,
1618260	1619180	putain du truc.
1619420	1619720	En même temps,
1619740	1620140	ils peuvent pas.
1621080	1621360	Et oui,
1621360	1622380	il y en a un collègue
1622380	1622760	qui disait,
1622860	1624720	imagine ceux qui se sont dit
1624720	1625360	qu'ils allaient y aller
1625360	1626740	au talent en fin d'année.
1627560	1627820	Ah ouais,
1627900	1628360	mais ça veut dire
1628360	1628680	que là,
1628820	1629380	tout est neutre
1629380	1630160	depuis le début d'année,
1630360	1631200	compte quoi ?
1631200	1631360	Tout.
1631600	1631940	Mais après,
1632620	1634340	je m'avance peut-être,
1634440	1634940	mais je crois que
1634940	1635860	la réforme du bac,
1636120	1637160	c'était déjà ça en fait.
1637540	1638460	C'était un peu
1638460	1639180	le contrôle continu
1639180	1640280	qui comptait beaucoup plus.
1640860	1641380	Alors peut-être
1641380	1642480	que ça avance d'une année
1642480	1643980	le bordel,
1644180	1645900	mais au final…
1645900	1646400	Mais donc,
1646640	1646800	oui,
1646880	1647200	mais ça veut dire
1647200	1647520	que là,
1647740	1648820	maintenant encore,
1649660	1650320	mais c'est bizarre
1650320	1650740	parce que du coup,
1650840	1651760	c'est que les DM,
1651900	1653060	tu peux t'aider des parents,
1653300	1654780	tu peux tout faire sur Internet.
1654800	1654820	Ah oui,
1654820	1655460	le contrôle continu,
1655640	1656720	peut-être à date,
1656860	1657140	tu vois,
1657520	1658760	du 1er mars.
1659380	1659820	Oui,
1659920	1660020	oui,
1660100	1660620	ok.
1660820	1661940	Ça veut dire que…
1661940	1662080	Oui,
1662120	1662480	mais dans ce cas,
1662620	1663640	ça veut dire aussi bien
1663640	1664320	que c'est la fin de l'année
1664320	1665420	pour les…
1665420	1665880	Ils sont obligés
1665880	1666760	de trouver une manière
1666760	1667220	de continuer
1667220	1667820	à les faire bosser.
1669260	1669480	Bah,
1669660	1669960	écoute,
1670340	1671020	de toute façon,
1671160	1672500	quand tu passes pas le bac,
1673240	1675080	quand t'es en seconde,
1675180	1676080	je pense que fin mai,
1676120	1677040	t'as terminé ton année,
1677760	1678440	ça va nous emmener
1678440	1679220	quasiment à la fin
1679220	1679680	du confinement,
1679880	1681400	donc pourquoi pas
1681400	1682600	et puis derrière…
1682600	1682860	En même temps,
1682860	1683440	ça aurait été marrant
1683440	1683900	les épreuves
1683900	1684740	avec un surveillant
1684740	1685520	en télétravail
1685520	1686560	qui a 30 écrans
1686560	1687160	en face de lui
1687160	1688580	et qui n'a pas la calculette !
1689380	1692600	Comment tu fais ?
1692600	1694000	Mais non,
1694140	1694240	ouais,
1694320	1695160	j'avoue que…
1695160	1695580	C'est horrible,
1695760	1697840	je pense que dans les familles…
1697840	1698840	J'ai lu un documentaire,
1698940	1699100	enfin,
1699340	1700300	un article sur
1700300	1701200	les familles
1701200	1702140	qui galèrent,
1702220	1702900	qui parlent pas forcément
1702900	1703340	le français,
1703500	1704400	qui ont pas vraiment d'ordi,
1704520	1704800	enfin là,
1704880	1705960	ils sont lâchés totalement,
1706080	1706200	quoi.
1706320	1706540	Ah non,
1706620	1708360	si t'as pas une bonne connexion,
1708720	1710400	si t'es pas au courant
1710400	1710740	des trucs,
1710740	1711860	si tu parles pas bien français
1711860	1712760	et qu'on t'a pas expliqué,
1712900	1713000	enfin,
1713180	1713740	c'est…
1713740	1715180	Ça va être une année,
1715280	1715700	je pense…
1715700	1716100	Je sais pas,
1716160	1716300	en fait,
1716340	1716820	je me demandais,
1717460	1718120	concrètement,
1718620	1718740	c'est…
1719380	1720280	Les diplômés là,
1720560	1721960	ils n'auront aucune valeur.
1722820	1724640	On peut dire que le bac 2020
1724640	1725320	n'a aucune valeur.
1725640	1725780	Oui,
1725880	1726400	de toute façon,
1726460	1727060	il n'y a plus de taf,
1727480	1727800	en vrai.
1728480	1728580	Oui.
1730180	1731480	C'est vrai que pour faire
1731480	1732980	des maraudes au bord des routes…
1732980	1733020	Non,
1733060	1733580	mais en vrai,
1733760	1734480	il faut…
1734480	1736240	Je pense pas qu'il n'y aura plus de taf,
1736400	1736880	mais qu'il va y avoir
1736880	1737900	un déplacement de taf,
1737900	1738960	il faut déjà commencer
1738960	1739900	à penser où…
1740760	1741160	À mon avis,
1741480	1742380	il y aura…
1742380	1743100	Généralement,
1743180	1743360	déjà,
1743440	1745020	je pense qu'il va y avoir
1745020	1745900	une espèce de repli
1745900	1746880	des économies sur eux-mêmes.
1747040	1747600	Même les gars
1747600	1748640	les plus mondialistes
1748640	1749340	sont en train de dire
1749340	1750500	« Ah, on n'aurait pas dû abandonner ça,
1750540	1752020	on va peut-être nationaliser ça. »
1752020	1752180	Donc,
1752220	1753820	je pense qu'il va y avoir
1753820	1754900	beaucoup de…
1755840	1755900	Relocalisation.
1756780	1757480	De relocalisation
1757480	1758080	de plein de trucs,
1758200	1758660	ça c'est sûr.
1759320	1761260	Ce serait la moindre des choses.
1762000	1762180	Tu vois,
1762260	1763500	ne serait-ce que dans le médical,
1763600	1763940	mais pas que.
1764340	1764800	Tu te rends compte
1764800	1765560	que de toute façon,
1765800	1766940	avec le mois de retard
1766940	1768340	qu'ont les États-Unis sur nous,
1768900	1770260	si notre économie reprend,
1770340	1771540	on ne pourra pas dépendre d'eux,
1771800	1772080	du tout,
1772480	1773100	parce qu'ils vont être
1773100	1774900	encore plus protectionnistes
1774900	1775400	et surtout,
1775480	1776200	ils seront dans la merde
1776200	1776800	parce que là,
1776880	1777920	je pense que…
1777920	1778500	C'est vraiment le truc
1778500	1779200	qui m'inquiète en ce moment,
1779340	1780160	c'est le carnage
1780160	1780840	que ça va être là-bas
1780840	1782540	et à côté de ça,
1782780	1782980	tu vois,
1783240	1784120	la Chine qui est en train
1784120	1784620	de se refaire
1784620	1786040	comme des porcs
1786040	1788060	avec toute la vente
1788060	1788960	de matos médical,
1789520	1789720	eux,
1790200	1790700	très clairement,
1791000	1792380	je pense que les mecs
1792380	1793100	ont retenu la leçon.
1793460	1794560	Tu ne peux pas être dépendant
1794560	1794780	d'eux
1794780	1796520	pour des trucs aussi vitaux.
1796740	1797060	eux,
1797160	1797300	en vrai,
1797400	1797920	peut-être que j'ai lu
1797920	1798540	trop d'articles,
1799200	1799840	mais vraiment,
1800340	1801180	j'y crois vraiment
1801180	1802120	à leur falsification.
1802600	1803020	En fait,
1803060	1803800	disons que l'écart
1803800	1804580	entre ce qu'ils ont dit
1804580	1805860	et ce que certains mecs disent
1805860	1806820	me fait penser
1806820	1807700	que si on est au milieu,
1807700	1808560	c'est énorme.
1808640	1809160	Parce que eux,
1809260	1809820	ils disent 3000,
1810340	1811580	il y a des gars qui estiment...
1811580	1811940	Urbain,
1812060	1812240	là,
1812400	1814120	ils ont moins de morts
1814120	1815460	que la France,
1816080	1816620	que l'Italie,
1816800	1818200	que les Etats-Unis
1818200	1819200	qui commencent à peine.
1819700	1820700	C'est du pipeau.
1821460	1822440	C'est évident.
1822940	1823640	Ce n'est même pas
1823640	1824480	une théorie du complot.
1825380	1826400	Ils ont mitonné
1826400	1827160	le H1N1,
1827280	1827880	ils ont mitonné
1827880	1828340	le SRAS,
1828480	1829300	ils ont mitonné
1829300	1830140	le coronavirus.
1830340	1830760	Mais là,
1830820	1831540	ils montent mal,
1831740	1831800	quoi.
1831960	1832100	Genre,
1832160	1832580	faites gaffe.
1833120	1833520	Non,
1833680	1834040	ça va.
1835380	1835560	Non,
1835560	1835720	non,
1835900	1836420	pourquoi ?
1836420	1837640	C'est vrai que 3000,
1837760	1838180	à l'échelle...
1838180	1838480	Mais en fait,
1838540	1839300	ça paraissait énorme
1839300	1839600	il y a longtemps,
1839720	1840380	mais maintenant qu'il est vrai
1840380	1841280	qu'on est tous à 10 000,
1841960	1842340	tu te dis,
1842440	1843540	mais non...
1843540	1844200	Alors,
1844380	1844720	après,
1845420	1847200	ils ont eu
1847200	1848400	un confinement drastique,
1849340	1850160	mais après,
1850360	1851320	ça n'a rien à voir
1851320	1852020	ce qu'ils ont fait
1852020	1853180	avec la manière
1853180	1854180	dont la Corée a réagi,
1854280	1854540	par exemple.
1854840	1855160	La Corée,
1855320	1856240	c'est incroyable.
1857020	1857960	C'est-à-dire qu'ils ont
1857960	1859700	des hôpitaux,
1860100	1861540	des centres de consultation
1861540	1862540	où le médecin
1862540	1863180	n'est pas en contact
1863180	1863880	avec le patient.
1864480	1865440	Ils ont des masques
1865440	1866560	pour tout le monde.
1866720	1867400	Ils ont des vaccins
1867400	1867680	pour tout le monde.
1867700	1869040	Et c'est eux
1869040	1869640	qui ont le mieux réussi,
1869700	1869920	tu vois.
1870340	1870480	Oui.
1870740	1873760	C'était un article aussi
1873760	1874120	que j'ai lu
1874120	1875080	qui expliquait
1875080	1875480	qu'en gros,
1875620	1875720	là,
1876080	1877340	on revoit bien
1877340	1879620	qui est un pays développé
1879620	1880180	et qui ne l'est pas.
1880320	1880740	Et clairement,
1880840	1881860	la Corée est devenue
1881860	1883040	un monstre mondial
1883040	1884000	et la France a perdu
1884000	1884900	énormément de place.
1885420	1885800	Très clairement,
1886020	1886580	on peut voir
1886580	1888180	qu'on ne peut plus du tout
1888180	1888880	se compter 6,
1888920	1889780	7e puissance mondiale.
1889920	1890680	On est 15, 20.
1890820	1891600	On est tout pourri.
1891880	1892800	Et à côté de ça,
1893760	1894000	tu vois,
1894080	1895420	il y a un auditeur
1895420	1896680	plutôt caustique,
1896780	1897320	par ailleurs,
1897320	1897400	qui a dit
1897400	1897680	qu'il y avait
1897680	1898780	un très bel homme
1898780	1900700	qui, en ce moment,
1900780	1901280	est en Suède.
1901780	1902940	Et c'est un pays particulier,
1903020	1903360	la Suède,
1904180	1904820	pour l'épidémie.
1905100	1905360	Je ne sais pas
1905360	1905880	si tu as suivi.
1905980	1906240	En gros,
1906420	1907900	eux refusent le confinement,
1908600	1909600	à part normalement
1909600	1910260	pour des personnes
1910260	1910920	très fragiles
1910920	1912040	comme les plus vieux.
1913620	1915720	Et eux disent
1915720	1916300	non,
1916500	1917480	on laisse filer,
1918480	1919240	tout va bien se passer.
1919560	1919980	Si tout le monde
1919980	1920820	respecte les consignes,
1920920	1921460	le peu de consignes
1921460	1921740	qu'on donne,
1921820	1922080	ça va aller.
1923500	1924180	Et a priori,
1924240	1925220	les gens doutent
1925220	1925680	un petit peu
1925680	1926900	et n'ont pas forcément
1926900	1927300	confiance
1927300	1927660	à ce qu'ils disent.
1927680	1928600	Parce que,
1928640	1929040	pour l'instant,
1929500	1930580	ça ne se vérifie pas tant.
1931500	1932320	C'est-à-dire qu'ils commencent
1932320	1933460	à avoir des décès
1933460	1935080	et il est trop tôt
1935080	1935460	pour savoir
1935460	1936080	si c'est un effet.
1936260	1936740	Mais eux,
1936780	1937860	c'est les seuls.
1938180	1939260	qui n'ont pas la même stratégie.
1939360	1940120	Parce que c'est que comme ça
1940120	1940800	qu'on peut comprendre
1940800	1942120	ce qui marchera ou pas.
1942600	1943380	J'ai vraiment rêvé
1943380	1944180	d'un pays qui dit
1944180	1944980	nous,
1945460	1947680	on va voir.
1949080	1949500	Les Anglais
1949500	1950320	ont failli le faire.
1951620	1952480	Je pense que tu peux
1952480	1953300	te permettre de faire ça
1953300	1953820	si tu as,
1954260	1954880	comme la Corée,
1955980	1956200	nous,
1956280	1956620	pour le coup,
1956620	1957220	ils ont fait l'inverse.
1957380	1957420	Mais,
1957680	1958860	si tu as des moyens derrière,
1959240	1959900	c'est-à-dire que là,
1960340	1961460	si tu es déjà en saturation
1961460	1962940	en termes de place
1962940	1963660	en réanimation,
1963780	1964580	que tu n'as pas de masque
1964580	1966480	et que ça commence déjà
1966480	1967360	à tomber comme des mouches,
1967460	1968580	en plus que ta population
1968580	1969280	est en surpoids,
1969440	1970040	parce que les Anglais,
1970120	1970360	c'est ça,
1970700	1972020	ce n'est pas un truc à suivre.
1972240	1972800	Les Anglais,
1972940	1974640	ça allait être un désastre
1974640	1975340	s'ils faisaient ça.
1975780	1975940	Oui,
1976020	1976140	non,
1976200	1976820	mais...
1976820	1977580	Les Suédois,
1977680	1978600	peut-être qu'ils s'en sortiront,
1978640	1978820	tu vois,
1978900	1980200	parce qu'on est sur une population
1980200	1981480	beaucoup plus hygiéniste,
1981660	1982420	beaucoup plus...
1982420	1983040	Tu vois...
1983040	1983300	Ah non,
1983340	1983520	mais moi,
1983520	1984620	je te parle même du contraire.
1984740	1985520	Je te parle de...
1987740	1989020	En gros,
1989140	1989500	je ne sais plus,
1989900	1990900	je crois que j'avais lu
1990900	1992980	que c'est si 70% des gens...
1992980	1993440	Si à un moment,
1993540	1994100	tu arrives à un point
1994100	1995000	où si tout le monde l'a,
1996060	1996500	ça...
1996500	1996620	Voilà.
1997140	1997620	Est-ce que
1997620	1999120	des gros barbares
1999120	1999440	qui disent
1999440	1999580	allez,
1999700	2000280	on se tousse,
2000280	2002180	on se tousse chacun
2002180	2003000	dans la gueule de l'autre
2003000	2004020	dès le premier jour,
2004340	2004660	comme ça,
2004760	2005020	vraiment,
2005180	2005680	c'est sûr
2005680	2006420	et on va se compter
2006420	2007020	très, très vite
2007020	2007940	et voilà.
2008540	2008900	Oui,
2008900	2010640	on aurait pu organiser
2010640	2013000	des petits tous-partis
2013000	2013500	et on aurait pu
2013520	2015040	ou tu viens cracher
2015040	2015740	dans la gueule de l'autre
2015740	2016500	des petites orgies
2016500	2017540	de coronavirus,
2017840	2018920	ça pourrait être sympa.
2020040	2021260	Tu sais que j'ai croisé
2021260	2022340	le préfet de police
2022340	2023740	à l'orgie de coronavirus.
2024260	2024400	Mais lui,
2024460	2024740	c'est sûr
2024740	2025680	qu'il fait des cof-parties.
2025940	2026140	Mais lui,
2026160	2026620	c'est sûr.
2028500	2028860	Lui,
2028920	2029420	c'est sûr.
2029980	2030340	Lui,
2030400	2030980	il se fait tousser
2030980	2031540	dans le fion.
2031840	2033140	C'est à peu près...
2033140	2034500	Bon,
2034760	2035220	eh bien là,
2035240	2036400	je crois qu'on est au terme.
2037000	2037120	Oui.
2038620	2038820	Ça,
2039680	2040400	c'est les pires épisodes
2040400	2041080	de Plutôt Caustique
2041080	2041740	et en plus,
2041740	2042500	on ne peut pas les monter.
2042900	2043320	C'est quand,
2043320	2044140	on dit,
2044420	2044820	c'est vraiment
2044820	2045740	les grandes gueules
2045740	2047140	mais sans les idées
2047140	2047980	et vraiment
2047980	2049320	avec aucune...
2050300	2051160	Trois articles,
2051340	2051400	lui,
2051480	2052380	vraiment le comptoir.
2052640	2052920	Vraiment,
2053140	2054060	n'écoutez rien
2054060	2054700	de ce qu'on a dit.
2054880	2055000	C'est vraiment un ralentissement.
2055000	2055920	C'est-à-dire qu'il y a...
2055920	2056740	C'est fantastique.
2056880	2058060	Il y a beaucoup d'idées,
2058300	2058920	beaucoup d'avis,
2059320	2060080	très peu de sources.
2060480	2060840	Rien.
2061800	2062380	C'est mauvais.
2062380	2063080	Très peu de chiffres.
2063140	2063600	C'est mauvais.
2063840	2064440	C'est vraiment...
2064440	2065680	C'est très, très, très,
2065680	2065700	très mauvais.
2065700	2067460	Mais énormément de certitudes
2067460	2068480	et c'est ça le plus beau.
2068600	2069160	Beaucoup d'applaudissements.
2069160	2070440	J'ai failli dire 33%
2070440	2070820	à un moment.
2070960	2071440	Je ne sais pas pourquoi.
2072640	2073500	J'ai quand même dit,
2073640	2073880	hier,
2074120	2074780	j'ai balancé,
2074840	2075380	je ne sais plus combien,
2075440	2076460	un pourcentage sur les morts
2076460	2077040	aux Etats-Unis.
2077420	2078240	Je l'ai sorti de mon fion,
2078400	2078780	très clairement.
2079000	2079720	Je n'ai aucune idée
2079720	2080380	de ce que je raconte.
2080440	2080860	C'est mauvais.
2081140	2081860	C'est très mauvais.
2083080	2083980	C'était un happening.
2084140	2085260	Si vous avez vraiment écouté ça
2085260	2086180	et qu'à un moment,
2086300	2086440	même,
2086500	2087180	il y en a un qui se fait
2087180	2087900	« Ouais, pas con »,
2087900	2089020	vraiment, c'est...
2089020	2089600	Je suis sûr.
2089720	2090280	De toute façon,
2090420	2090920	qu'est-ce qui nous dit
2090920	2092200	que les gens écoutent jusque-là ?
2092200	2093380	Regarde, ça fait 33 minutes.
2093860	2095440	Si vous avez écouté jusqu'ici,
2095860	2097060	vous allez mettre 5 étoiles
2097060	2098200	sur iTunes en disant
2098200	2099760	le mot de code,
2099860	2100380	c'est quoi ?
2100380	2101600	C'est...
2101600	2102780	Politiquement...
2102780	2104000	Non, pas politiquement pertinent.
2105900	2106780	Très enrichissant.
2107080	2108020	Non, les sources,
2108340	2110420	très enrichissant
2110420	2112820	et les sources sont fiables.
2113680	2114540	OK, sources fiables.
2114800	2116320	Si vous êtes arrivé jusque-là,
2116520	2117980	allez commenter sur iTunes
2117980	2119360	en disant « sources fiables ».
2119360	2122020	Il va y avoir un gage,
2122100	2122180	je pense.
2122200	2122720	Ce week,
2122760	2123960	et j'ai reçu d'autres messages.
2124440	2124980	Ce week-end,
2125140	2126460	si vous pouvez...
2126460	2126700	Et alors,
2126780	2128320	il y a Plutocostic à gmail.com,
2128400	2129840	il y a le Twitter de Plutocostic
2129840	2132560	et il y a le Facebook de Plutocostic.
2132680	2133400	Envoyez-nous des messages,
2133540	2134440	parlez-nous de vos expériences.
2134620	2135800	On parle trop de nous,
2135840	2136320	on parlera de vous
2136320	2136940	la semaine prochaine.
2137100	2137480	C'est vrai.
2138400	2139420	Il y a également le Discord
2139420	2143680	et l'Insta qui...
2143680	2145080	Bon, l'Insta qui n'est pas en forme,
2145300	2145940	mais il est là.
2146040	2146880	Il a démarré d'exister.
2147240	2147800	Non, non, l'Insta,
2147940	2148420	je vais te dire...
2148420	2149460	Attends, je vais me connecter dessus.
2150540	2151240	En fait, ce qui est fou,
2151240	2152060	c'est qu'il y a des abonnés
2152060	2153820	alors qu'il n'y a vraiment rien du tout.
2153960	2154240	C'est un Insta...
2154900	2156560	Peu de publiés.
2156840	2157500	Peu de publiés.
2158640	2159540	Peu de publiés.
2160300	2162360	Est-ce que ce n'est pas notre côté
2162360	2163680	de dire on se met en retrait
2163680	2165060	de cette crise ?
2165060	2166240	Non, mais peut-être aussi
2166240	2166940	qu'on n'a pas besoin
2166940	2168760	de tant de plateformes aujourd'hui.
2168860	2169660	Moi, ce qui m'intéresse,
2170000	2170940	c'est quoi ?
2170940	2172320	C'est peut-être Twitter, vite fait,
2172480	2173100	pour dire aux gens,
2173120	2173740	ça y est, c'est là,
2173820	2174300	et puis Facebook.
2174400	2175400	On a pris 13 abonnés
2175400	2175960	depuis la dernière fois
2175960	2176720	que je me suis connecté.
2177860	2179280	Et on est 257.
2179360	2179940	Mais ce n'est pas dégueu,
2179940	2182320	on va vite dépasser le reste.
2183460	2185000	On a 500 un peu partout,
2185140	2185580	mais je me demande
2185580	2186540	si c'est les mêmes connards.
2186960	2188220	Ah, c'est sûr, c'est sûr.
2188840	2189560	Je ne sais pas.
2190140	2191020	Non, mais ça ne sert à rien
2191020	2191520	de les ajouter.
2191680	2192240	Tu peux être certain
2192240	2193360	que c'est les 500 mêmes gars.
2194040	2194600	En tout cas,
2195400	2196540	vraiment, envoyez-nous vos messages.
2198240	2199220	Parlez-nous de votre confinement.
2199500	2200820	Parlez-nous de vos confinements,
2201080	2202340	parlez-nous de vous
2202340	2203280	et on parlera de vous.
2203640	2204520	Ou posez-nous des questions
2204520	2205760	pour la semaine prochaine aussi.
2205980	2206700	Allez, faisons ça.
2207900	2208160	Merci beaucoup.
2208160	2208840	Bon, Paris 18,
2208840	2209920	je vous souhaite un bon week-end.
2209940	2210380	Eh bien oui,
2210440	2211000	vous allez me manquer,
2211080	2211820	ma grande gigue.
2212040	2212580	Eh bien, écoute,
2213320	2214780	c'est vrai que je penserai
2214780	2216240	à vos bisous tout doux
2216240	2218120	et puis j'essaierai de tenir.
2218620	2222560	Bon, tant qu'il y a du caillou,
2222680	2223280	tant que c'est tout doux,
2223380	2224060	tant que c'est poutou,
2224760	2227240	moi, j'estime que je vais tenir.
2227760	2229580	Mais bon, j'avoue que lundi,
2229840	2230700	je serai un peu en manque
2230700	2231620	de poutou tout doux.
2235600	2237220	Allez, bon week-end
2237220	2237860	par la visite.
2237860	2239000	Salut.
2239940	2240940	Salut.
2242680	2243720	Eh, je l'aime bien, finalement.
2244040	2245360	Non, mais je l'insulte comme ça.
2245580	2246520	Mais le mec, le mec,
2246880	2248760	bon, mentalement,
2248940	2250620	il est en retard.
2251220	2252320	Mais il s'en va.
2252500	2252940	Il s'en va.
