start	end	text
0	18160	Allez, comme prévu, on appelle monsieur, monsieur la personne, je sais pas ce qu'on pourrait dire de cette personne, peut-être un connard ?
18160	20920	Peut-être une personne, non mais on sait pas.
23620	24020	Ouais.
24800	25440	Bonsoir.
25860	26760	Ouais, je te dis ouais.
27260	28460	Tu me dis ouais ?
28460	32540	Je te dis ouais, écoute, je suis là comme ça, je suis dans mon canap', j'ai envie de te dire ouais.
32840	33920	J'ai envie de te dire bonsoir.
34140	36460	Moi j'ai envie de te dire bonsoir !
37200	42180	Alors, on est presque à la moitié de la semaine, on y est, on y est, on a tenu, on est vivant.
42700	53240	Alors, à la moitié de la semaine de la semaine plutôt confiné parce que je fais souvent ce jeu, dis-moi très rapidement quel est le milieu de la semaine, très rapidement, réfléchis pas.
53420	53680	Jeudi.
54080	55460	Jeudi quand ?
56180	57220	Comment ça c'est-à-dire ?
57220	58080	Ah, à quelle heure ?
58080	58240	Oui.
58460	58740	Jeudi.
60780	61980	Je sais pas, jeudi midi ?
61980	63140	Jeudi midi pile, voilà.
63460	66000	Mais souvent, on pense mercredi, tu vois.
66280	68280	Est-ce que je t'ai bluffé peut-être ?
68280	72960	Un peu, un peu, parce que c'est vrai que souvent les gens hésitent un peu plus, parce que c'est vrai que jeudi ça fait plus fin, alors que c'est pile le milieu.
72960	78460	Mais tu sais pourquoi ? C'est parce que les gens ils pensent qu'en termes de travail, de taf, tout le temps, la semaine de travail.
78560	81140	Arrêtez, pensez au boulot, au turbin.
81860	83200	Tu vois, faut penser à autre chose.
83540	86540	Moi, déjà le travail c'est pas un problème, le travail c'est un plaisir.
87240	88080	Donc, le week-end je me dis...
88080	89380	Le week-end je me fais chier, tu vois.
90180	92660	Donc pour moi, y'a pas de week-end, y'a pas de travail.
93100	94720	Y'a pas de boulot, y'a pas de boulot.
94840	102680	La vie c'est du boulot, et des fois, Besogne et Maman c'est du boulot, bon ben on le fait, on le fait, voilà.
103260	104400	Tu peux pas t'empêcher.
105980	107340	Besogne et Maman, j'ai pas pu m'empêcher.
107660	112520	Pourquoi ? Parce que je regarde en boucle des vidéos du Major Gérald.
112740	114420	Je sais pas si t'as vu ma story sur Instagram.
115220	117800	Non, pas du tout, le Major Gérald, qui est-il ?
118080	124900	Le Major Gérald est le Major YouTuber de la Légion étrangère française, enfin la Légion étrangère quoi,
125500	129140	et qui fait des petits cours de fitness sur YouTube.
130100	131100	Ah !
131100	134080	C'est un mix entre Fianso et Gérard des filles d'à côté.
135960	142060	Est-ce qu'il est... parce que j'ai appris que tu cherchais quelqu'un d'un peu sévère pour t'aider à faire ton sport.
142760	144880	Est-ce que lui, il te gueule dessus ?
144880	146600	Il est pas mal, mais on est toujours pas à mon truc.
146600	148000	Je pense que ce serait une chaîne YouTube.
148080	152780	Qui cartonnerait d'un mec qui te fait faire des pompes, mais en te gueulant dessus comme un entraîneur de boxe dans les films américains.
153440	154500	Mais tu crois que ça existe pas ?
154500	155640	Eh, vraiment, j'ai cherché.
155820	158160	Allez, bande de salopes, aujourd'hui on fait 100 pompes !
158160	161480	Tu ressembles à un putain d'otarie vieillifiante !
161480	165320	Et c'est sûr que ça motiverait, et ça ferait en tout cas marrer les gens, je pense.
165620	166520	Ah, c'est certain, oui, oui.
166540	167440	Les gens, ils veulent quoi ?
167440	169300	Les gens, ils veulent quoi ?
169300	170160	Ils veulent se marrer !
170160	171080	Ils veulent se marrer !
171080	171680	Ils veulent se marrer !
171680	172900	Ils veulent se marrer !
172900	173080	Comment ?
173080	176520	Mais c'est vrai, les gens veulent se marrer !
176520	178440	Ben ouais, en ces temps de sinistrose.
178740	181200	Mais les gens, ils veulent pas que tu tires la gueule.
181220	182520	Ben ouais, tu tires la tronche.
182520	184200	Ils veulent pas quelqu'un de bégueule, comme ça.
184360	185180	Ben oui, oui, oui.
185180	186780	Ils veulent se marrer, bien sûr.
186900	190980	Les bonnes femmes, souvent, elles tirent la tronche, ça tire la tronche, ça va, ça va.
195280	202380	Après, je te cache pas, tu sais, ça sera intéressant de réécouter Plutôt Confini plus tard, dans un an ou deux,
202700	206360	parce que je pense que potentiellement, il y a une sorte de folie de tout le monde,
206520	211340	et personne n'est sain pour le remarquer, et qu'on est tous en train de sombrer dans une sorte de...
211340	216260	Moi, en fait, en vrai, je me rends pas compte, mais il y a vraiment constamment des personnages dans ma tête,
216340	217900	dont le mec qui parle comme ça, quoi.
218760	220380	Il est vraiment là, tout le temps.
221780	224600	Il y a quoi ? Il y a lui ? Il y a la femme forte ?
224600	226720	La femme forte, il y a...
226720	230240	Régulièrement, je regarde des...
230240	232200	Souvent, je regarde des films avec ma copine, mais là, elle est pas là.
232300	235640	Donc régulièrement, je pense à ce qu'elle dirait sur des scènes,
235740	236500	et je me fais des dialogues avec elle.
236500	239000	Je me fais des dialogues dans ma tête, et des fois, ça va hyper loin, quoi.
239340	241460	Elle me dit, ouais, elle, je l'aime pas.
241560	243680	Comment ça, tu l'aimes pas ? Alors qu'elle a jamais dit ça.
243860	244760	Ah, genre des...
244760	245380	Mais oh, dis !
245380	248180	Est-ce que c'est des arguments sérieux où t'essayes de gagner ?
248180	249300	Mais ouais, c'est vraiment des trucs.
249420	250880	À la fin, je dis, mais comment tu peux dire ça ?
250880	253000	Elle ne l'a jamais dit, dans ma tête, elle l'a dit.
253080	254940	Mais le truc, des fois, je me...
254940	256180	Ah oui, vache !
256180	259920	Au bout de cinq minutes d'échange dans ma tête, je me dis, mais elle n'a jamais dit ça.
260580	264220	Et oui, mais en même temps, c'est vrai que là, d'un côté, tu vois,
264220	266020	t'es en train de faire...
266020	267980	On n'a pas la même expérience du confinement, tu vois.
268320	269480	Toi, t'es tout seul dans ton appart.
269900	270680	Ah, moi, je suis seul.
270960	273340	Seul, j'ai vraiment, depuis trois semaines,
273440	276360	j'ai vu personne à part la caissière du Carrefour Market.
277060	278220	Et du coup, comment tu...
279300	280160	C'est dur ou pas ?
280160	281520	Parce qu'on n'en a jamais vraiment parlé, en fait.
281540	282740	Je sais pas, je me rends pas compte, en fait.
282820	284100	Non, moi, je pense que je m'en branle,
284220	285380	parce que j'ai quand même beaucoup de contacts,
285480	286700	je parle à beaucoup de gens dans la journée,
287320	289540	et j'ai besoin de les voir, les gens en vrai, pour...
289540	293220	Mais c'est vrai que je me rends compte quand même que ça commence à...
293560	293920	J'ai...
293920	295480	J'ai plus aucune motive, par exemple.
295780	297680	Je cuisine vraiment le minimum,
298480	299860	je me lève très peu de mon lit,
299920	301140	j'ai quand même très peu de motivation.
301880	303520	En général, quand je suis chez moi, je glande, hein,
303520	304120	j'ai toujours fait ça,
304180	305840	mais là, c'est vrai que ça fait trois semaines, et...
305840	307600	Mais je crois que c'est assez...
307600	312260	C'est assez commun aux expériences de tout le monde, hein, ce truc-là.
313220	313500	Seul...
313500	316220	Tu vois, c'est cette perte de motivation...
316220	319480	Mais bon, je me dis que c'est quand même vachement différent
319480	320760	de la solitude...
320760	323860	La solitude forcée des vieux
323860	323900	qui sont en train de faire des choses,
323900	325980	qui ont pas forcément le réflexe de s'appeler,
326160	327820	de parler, de...
327820	330000	Bon, je sais pas. Après...
330000	331740	Non, mais je me dis que si c'est vraiment ça,
331780	333900	la solitude forcée, bon...
334760	335320	C'est pas la même chose...
335320	337280	En fait, il y a deux choses. Déjà, il y a que toi, tu bosses.
337880	338100	Ouais.
338880	341680	Ça joue un peu, et puis peut-être aussi le fait que,
341900	343380	mine de rien, même si on sait pas vraiment,
344020	345320	on sait que c'est temporaire, tu vois.
346240	347800	Oui, et puis c'est vrai que les réseaux sociaux,
347960	349640	ça aide. J'ai jamais autant échangé
349640	352060	avec des gens qui me suivent.
352060	352220	Ouais.
352800	353860	Et qui sont plus ou moins...
353860	355080	Des amis, maintenant.
355700	358240	En tout cas, le temps du confinement. Après, je les jetterai comme des vieilles merdes.
359720	360040	Mais...
360040	360660	Normal, normal.
361360	363580	Non, mais je veux dire, oui, c'est vrai, on parle beaucoup.
363720	365340	Ma grand-mère, je pense qu'elle a moins d'échanges.
365560	367040	J'en sais rien. Je sais pas comment ça se passe.
367360	369920	Et puis, en fait, la solitude
369920	371580	subie, c'est pas la même.
371700	374060	Parce que là, c'est vraiment...
374060	376340	Tu vois, on irait...
376340	378000	Par exemple, toi, tu m'adores.
378260	379280	Si c'était la fin du confinement,
379920	381120	bon, on irait boire un coup.
381120	382980	Bon, peut-être que tu pourrais pas. Je sais pas.
383860	386160	Pourquoi que je pourrais pas ?
386160	387860	Je sais pas. Si c'était la fin du confinement,
388020	389720	on pourrait, par exemple.
390700	392420	Ah, tu veux dire en termes de safety ?
392420	393780	Non, non. Juste là,
393920	394940	tu serais libre.
396020	397920	Ah bah oui, bien sûr. Tu sais, après le boulot,
398320	399580	après le boulot, comme ça,
399640	401360	on irait se boire une petite bière, bien sûr.
401540	404400	Entre collègues, entre bons collègues.
404700	405860	Et si je peux, genre...
406420	408020	Ouais, et puis genre, deux, trois bières,
408120	409240	et puis après, on irait chez toi.
410780	411820	Ouais, alors après, faut voir,
411820	413700	parce que tu sais, moi, j'ai quand même...
413700	415580	J'ai quand même... Je vis avec quelqu'un.
415900	416100	Oui.
416880	418440	Donc ça pourrait peut-être être...
418440	420500	Mais à côté de ça, attends, bien sûr, bien sûr.
420980	421900	Je me ferais petit, genre.
422860	425900	Oui, et tu resterais ou pas ?
425900	426740	Non, mais je veux dire...
426740	428200	Je veux dire, dormir ou...
428200	429500	Non, mais si j'avais bu un verre,
430460	431160	bah peut-être que j'aurais...
431160	433740	Tu vois, moi, j'ai toujours mon matelas gonflable sur moi, au cas où, tu vois.
433840	436920	Ouais, ouais. Alors, j'ai plus ma pompe à matelas, moi.
437180	440420	Alors, du coup, ça serait compliqué pour ce soir-là, tu vois.
440420	442420	Mais votre lit, c'est un 160, c'est quoi ?
443380	443620	Alors,
443700	445560	ouais, mais nous, on est un peu à l'étroite.
445680	446820	Je suis très, très grand.
448340	450200	Ça m'embête. Ça m'embête un peu, quoi.
450540	451420	Ouais, bah...
451420	453060	Non, mais tu sais, après, le confinement n'est pas fini.
453240	455660	Elle est loin d'être finie. On ne sait pas ce qui peut se passer.
455960	458380	Ça m'embête aussi pour ta copine, qu'elle doit dormir dans la cuisine.
458900	459360	Ça, vraiment.
459940	460720	Dans le clic-clac.
462280	463200	Tu connais ce...
463200	465140	Ah, tu comprends, c'est urbain. Il a le dos fragile.
466180	467340	Ouais, mais là, ça fait six mois.
467780	470020	Tu connais ce sketch incroyable
470020	471340	de Coluche, l'autostoppeur ?
472840	473340	Euh...
473700	474760	Il est vraiment bien.
474760	476120	Ça me dit quelque chose, peut-être.
476140	478640	En gros, il fait de l'autostop et il fait que comme ça,
478720	481000	en mode, il est emmerdé de ce qu'il va demander au mec.
481240	482760	Et franchement, il est incroyablement éco.
482760	483960	Ça me dit quelque chose.
484700	486420	Ça fait depuis l'époque des VHS
486420	487500	que j'ai parvu
487500	490520	du Coluche. J'avais une cassette avec
490520	492600	des sketchs divers sur scène,
492660	494480	mais aussi à la télé, où il chante
494480	496600	Misère, ou tu vois, ces trucs-là.
496620	498120	En fait, le truc de Coluche, c'est que
498120	500180	c'est con, ils n'ont jamais vraiment filmé ces spectacles.
500320	502500	Tous les sketchs qu'il y a, c'est des sketchs qu'ils faisaient à la télé.
502500	504280	Il y en a quelques-uns sur scène.
504620	505680	Il y a le gendarme, je crois.
506020	508560	Ah ouais, ouais. Mais il y en a moins, quoi.
508620	510100	C'est con, mais il n'y a jamais de spectacle en entier.
510260	510500	Bref.
512420	514500	Qu'est-ce que je voulais dire ?
515200	516260	Ouais, Major Gérald,
516320	518180	qu'est-ce que j'ai vu d'autre ?
518180	520500	C'est vrai qu'Edouard Philippe s'est fait auditionner
520500	522380	par les députés ?
522380	524100	T'as vu ça ? Alors, je n'ai pas suivi
524100	526500	du tout cette histoire d'actualité.
529580	530380	Tout ce qui est d'ailleurs
531080	532380	actualité, pas que...
532500	533580	pas que le coronavirus.
533900	536640	Je suis relativement coupé de l'actu en ce moment.
537000	538500	Vous n'êtes plus dans l'actu ?
539140	540060	Disons que j'évite.
540160	542080	Je le suis déjà pas mal fait
542080	544620	relativement d'ailleurs par le boulot.
544720	546300	Mais en fait, le boulot maintenant, c'est plutôt
546300	548460	le confinement qui fait parler.
548740	550500	Mais non, ouais, le suivi
550500	552560	coronaviral, finalement,
552860	554000	je ne le fais plus du tout.
554420	556280	Tu vois, le nombre de cas,
556500	558700	les pays, est-ce que la courbe s'a planie ?
558700	560600	Alors, on peut parler de Trump quand même
560600	562480	qui a quand même fait la meilleure technique.
562500	564780	C'est une technique à appliquer dans la vie.
567100	568440	Balancer des chiffres énormes
568440	570120	et dire que si on fait ça, il a dit
570120	572420	bon, si on est à 100 000 morts, on pourra dire
572420	573500	qu'on a fait du bon taf.
574580	575880	Ah ouais, il est assez...
575880	577900	Mais pour ça, je le trouve assez cash.
578240	580160	C'est vrai qu'il a... Bon, les mecs nous ont dit
580160	582340	en vrai, c'est vrai qu'on sera plus
582340	583840	du côté de 500 000,
584920	586120	potentiellement même beaucoup plus.
587760	589500	500 000 aux Etats-Unis ?
589500	590620	Ah mais peut-être plus, ouais.
590620	592460	Mais je crois, et en même temps, je te dis,
592500	593720	ça, moi, tu sais les chiffres.
594980	596240	À part les produits, on croit.
596440	597920	Non, non, non, mais ce qu'ils disaient, c'est que là, en fait,
598260	600460	ils se rendent compte qu'avec la comorbidité
600460	602180	liée à l'obésité,
602720	604520	ça peut être vraiment très,
604520	606380	très, très, très, très, très vénère
606380	606820	chez eux.
607700	609340	Putain, ça serait vraiment très, très chaud.
609400	611580	Parce qu'en même temps, ça paraît logique, quoi.
611680	614180	Tu vois, si les mecs sont
614180	615760	tous énormes...
615760	618160	Le pire, c'est que je pense qu'il y a certains mecs
618160	619820	aux finances
619820	622300	qui doivent se dire que perdre 500 000
622300	624480	vieux, vu comment l'économie, ça va être dur,
624540	626340	je suis sûr qu'il y en a qui font des calculs en se disant
626340	627600	en fait, c'est bien.
627620	628160	Tu crois ?
628160	632060	Ils le disent pas, mais de toute façon, techniquement,
632200	634200	il y a forcément des gars qui sont en train de faire des calculs en se disant
634200	636220	si on perd beaucoup de vieux
636220	637880	obèses qui produisent plus,
638360	640440	finalement, pour l'économie, c'est plutôt une bonne chose.
641920	642540	Non mais c'est vrai !
642540	644320	Déjà, il y a cette affaire de retraite.
646280	648220	C'est certain que cette affaire de retraite,
648320	649440	on se rend compte peut-être
649440	651820	qu'avec une épuration dans les
652300	654480	EHPAD, ça pourrait en
654480	656280	favoriser plus d'un, si tu vois ce que je veux dire.
657300	658180	Après, j'ai du mal,
658280	661080	moi j'ai toujours du mal à croire que les gens puissent être
661080	663440	aussi cyniques.
663960	665020	Mais en même temps...
665020	666120	C'est la phrase
666120	668500	de Staline, je sais pas si c'est lui
668500	670320	qui l'a dit, mais on dit toujours que c'est lui, mais il dit que
670320	672260	un mort c'est un drame et 200 000
672260	674840	c'est une statistique. Pour des statisticiens
674840	675980	en haut, tu leur dis 200 000,
676200	678620	tu peux pas être triste pour 200 000 personnes.
678840	680360	Tu peux l'être,
680520	681500	mais tu comprends pas.
682300	685780	Tu crois que c'est trop abstrait pour...
685780	687080	Moi je pensais jamais que ça serait dans ces
687080	689260	500 000 aux Etats-Unis, et si il dit...
689260	690900	Non mais j'ai peut-être complètement...
690900	693000	Non mais c'est possible, parce que si on est à 1%
693000	695000	de la population...
695000	697300	En fait, en plus, vu le rythme
697300	701060	auquel le truc se propage,
701140	702260	étant donné qu'il n'y a pas un Etat
702260	704340	qui fait la même chose que l'autre,
704920	706220	parce que les mecs sont pas foutus
706220	708900	de se mettre d'accord sur une
708900	710900	putain de politique commune,
712300	713260	ouais, en effet, ça a l'air
713260	715280	un peu mal barré, quoi.
715940	716260	Putain.
717360	720020	Et du coup, ouais, t'as des
720020	722160	chiffres,
722300	723300	bon, tu vois, forcément,
724320	725460	t'as des trucs un peu plus
725460	727520	alarmistes que d'autres, mais
727520	729740	je trouve quand même que dans l'idée,
730540	731640	moins je les regarde,
732540	733980	moins je me tiens au courant,
734240	735260	moins c'est anxiogène, tu vois.
735300	736380	Ah non, mais je suis d'accord, je suis d'accord.
736380	737340	Ce qui est évident, au final.
737540	739800	Même si là, j'ai vu des...
739800	741880	Enfin, je sais pas, peut-être qu'ils tendent à être un petit peu optimistes,
742300	744300	mais ils parlent de début de fin en Italie,
745320	746220	je sais pas, je cherche,
746440	748760	je m'accroche au premier truc,
748960	749780	de pourquoi pas,
750480	752620	et comme quoi, nous, on irait pas aussi vite que l'Italie,
752920	754620	bon, je sais pas, j'essaie de me rassurer.
754760	755740	Bah, c'est ça, écoute, moi,
755820	758180	j'ai un peu laissé tomber, de façon, maintenant,
758700	759800	a priori, à part,
760700	762440	tu vois, on peut pas faire
762440	763640	plus que ce qu'on fait déjà, en fait.
764260	765060	Oui, non, mais ça, c'est sûr.
765520	767520	Donc, à partir de là, moi, si
767520	769940	on estime que nous, on a fait
769940	772180	notre part, après, tu vois, je vois pas trop l'intérêt,
772300	773880	alors, c'est sûr, on dit, ah, bah, là,
774060	775960	il y a un mec de 13 ans qui est mort.
776200	778480	Ah, bon, c'est pas que les vieux, alors. Ah, non, c'est pas que les vieux.
779020	780060	Bah, du coup, tu
780060	782400	tombes dans ces trucs, témoignages d'un mec qui s'en est
782400	784460	sorti, le gars, il a 30 piges, il dit que c'était horrible
784460	785940	et qu'il est épuisé.
787280	788300	Si ça incite des gens à
788300	790260	rester chez eux, tant mieux, mais en vrai,
790460	791520	en vrai, moi, c'est...
791520	794240	J'avoue que mettre en boucle tous les cas qui sont un peu
794240	796280	jeunes, leur prénom,
796420	797400	c'est vraiment horrible.
798220	799360	Bah, ouais, ouais, mais il y en a plein, en fait.
801320	801640	Et
801640	802280	sûrement à raison.
802300	803840	Sûrement à raison, si ça incite des gens
803840	805680	à rester chez eux, mais moi,
806160	808060	c'est bon, je reste chez moi, je peux pas faire plus.
808820	809980	Donc, les symptômes,
810540	811960	je les connais, maintenant,
812060	814080	voilà, tu vois, j'ai pas besoin de...
814080	816240	Ouais, ouais, là, je me dis, putain, si je le chope
816240	818020	là, ça serait quand même vraiment... Faudrait que les
818020	820060	deux fois où j'ai fait des courses,
820560	822000	que je sois tombé sur le truc
822000	824000	qui était pas désinfecté, alors que j'ai essayé de le désinfecter,
824080	825760	si je l'ai là, je serais quand même vraiment vénère.
825980	828080	C'est ça le problème, en fait, c'est que
828080	830500	ton... Comment ça s'appelle ?
830500	831260	Ton compte à rebours,
831260	833220	tu le resets à chaque fois que tu
833220	834680	vas faire tes courses, quoi. Ouais, c'est ça.
834860	837340	Et à chaque fois que tu fais une sortie, et du coup, c'est un...
837340	839340	Légèrement... Ça, c'est
839340	841200	d'ailleurs, le truc qui me saoule
841200	843100	un petit peu, c'est que t'es
843100	845140	jamais, même en respectant ton
845140	847200	confinement, t'es jamais sûr de toi, à part
847200	849200	si t'as fait, comme les autres cons,
849420	851160	dès le début, et au final,
851300	852700	ils étaient peut-être dans le vrai, du coup,
853240	855360	des réserves de fous, tu vois. En tout cas,
855880	856200	là,
857400	859200	ce que je sais, c'est que si je l'ai pas chopé
859200	861120	les deux fois où j'ai fait les courses, je l'ai pas chopé
861120	863140	avant. Ça, c'est sûr, parce que là, on est
863140	864740	à 17 jours depuis le confinement,
865500	866660	ça serait quand même vraiment chaud,
867260	868980	et je suis quand même...
868980	871120	Et je me dis qu'avec le nombre de spectacles,
871200	873060	la dernière semaine, justement, on faisait tous
873060	875040	les derniers spectacles, et tous les trucs pleins,
875040	876980	enfin, aucune précaution, quoi.
877500	878820	Donc... Ah ouais ?
878820	880740	Bah, ils se lavaient les mains et tout, mais
880740	883440	je voyais des gens tout le temps, le métro...
883440	884860	Donc, si je l'ai pas chopé là, tant mieux,
884960	887040	si je l'ai chopé depuis, c'est vraiment... On est sur
887040	888900	une chance horrible, quoi.
888900	890700	Enfin, y a vraiment... Bah ouais, mais en même temps,
891120	893260	en même temps, tu vois, moi, je te dis, je te disais hier,
893320	895360	les courses, rien n'a été
895360	897500	fait dans mon...
897500	898980	dans mon supermarché,
899300	900560	tout le monde était plus ou moins
900560	903060	sans protection, donc
903060	905120	oui, c'est complètement possible que
905120	906820	je l'ai chopé là-bas, donc
906820	908340	étant donné que, voilà, on n'en sait rien,
909520	910840	moi, je vais plutôt
910840	911860	attendre
911860	914960	que dans 10 jours, on nous dise
914960	916940	qu'on reprolonge, d'ailleurs,
917060	918040	moins de 10 jours, en fait.
918660	921000	Non, mais on va jusqu'à la fin du mois d'avril, ça, c'est à peu près
921120	921240	sûr.
922580	924900	Oui, voilà, moi, je pense que, déjà, si tu
924900	927080	considères que t'as fait ton mois d'avril pas malade,
928580	928920	mais bon,
929080	930580	voilà, je suis pas...
930580	932460	Je te dis, je suis plus au courant des cas,
933020	934720	des évolutions,
935420	936860	même Didier Raoult, tu vois,
937140	939000	à un moment, qui a quand même apporté une petite
939000	941080	lueur de rire dans mon quotidien,
941600	943000	les débats autour de lui sont
943000	944940	tellement débiles, d'un côté comme de l'autre,
945400	945820	mais vraiment,
946000	948560	ça me déprime de voir
948560	951000	Rémi Gaillard, qui donne son...
951120	953260	son avis, suivi par Anouna...
953260	954480	Ah non, mais ça, non, mais ça, je sais pas.
954700	956520	Non, non, pour le coup, autant, je regarde un peu
956520	958960	Internet, mais la télé, j'ai pas
958960	960560	touché. Déjà, j'ai touché pas avant.
961020	962440	C'est d'ailleurs la preuve, ça, je me rends compte que c'est que...
962440	964600	Ah, mais Gaillard, il donne son avis sur Internet, hein.
964840	966800	C'est qu'il y a des gens qui se remettent à la télé et tout.
966880	968900	Moi, je, vraiment, je regarde un nombre
968900	970920	de films incroyables. S'il y a des gens qui sont sur l'application
970920	973180	Letterboxd, allez-y, c'est un sens
973180	974980	critique, mais en anglais, mais avec
974980	976860	que le film, qui est vraiment bien fait.
976860	1006840	Ah ouais ?
1006860	1008620	Tu vois, moi,
1008660	1010660	on en a déjà parlé, mais moi,
1010740	1012560	je pense que, déjà, avec
1012560	1014400	toutes les séries que je me frappe, si toi,
1014440	1016760	tu les remplaces par des films, c'est...
1016760	1018760	J'ai fait 220 l'année dernière
1018760	1020120	et je compte faire un peu mieux cette année.
1021340	1022500	Ouais, ouais, c'est énorme.
1022500	1023720	Ce qui serait pas mal, ce serait...
1023720	1026360	Et du coup, dans ces films-là, est-ce qu'il y a...
1026360	1028600	Est-ce qu'il y a des...
1028600	1030640	Tu comptes les re-watchs ?
1030640	1031800	Ouais, je compte les re-watchs, ouais.
1031960	1034200	Là, de ce que j'avais vu la semaine dernière,
1034300	1035980	il y en a beaucoup que j'avais déjà vu. J'avais déjà vu Les Dents de la Mer,
1036040	1036680	j'avais déjà vu
1036680	1038360	Les Évadés, j'avais déjà vu
1038360	1041020	King of New York. Vous avez vu Les Dents de la Mer ?
1041020	1043080	Ouais. Et alors, c'est bien ?
1043080	1043940	Bah ouais, c'est vachement bien.
1044420	1046700	C'est un bon film ? C'est un excellent film
1046700	1048620	qui fait écho à ce qui se passe en ce moment.
1048800	1049420	C'est ce que je disais.
1051000	1051800	C'est-à-dire ?
1051800	1052760	Bah, c'est-à-dire
1052760	1055240	le côté...
1055240	1057460	Il y a un mec... C'est même frappant à quel point
1057460	1059320	ça ressemble. En gros, il y a une attaque,
1059780	1061700	il y a un mec qui dit « Ok, on ferme toutes les plages »,
1061700	1063360	les politiques qui disent « Bah non, on peut pas fermer
1063360	1064820	parce que c'est le moment où il y a des gens... »
1064820	1067200	Les gens leur disent « Ah, mais c'est dangereux ». Là, il y a les scientifiques
1067200	1069060	qui disent « Oui, c'est déjà arrivé ailleurs, faites gaffe,
1069400	1071000	faut vraiment pas faire les cons, faut... » Voilà.
1071520	1073300	Et après, il y a l'escalade des gens. C'est tout pareil,
1073380	1075260	en fait. C'est tout pareil, sauf
1075260	1076660	que c'est un requin.
1077380	1079360	Alors, il y a le côté requin qui est moins virus.
1080360	1081380	Ouais, c'est ça. C'est-à-dire
1081380	1083020	que le requin, finalement...
1083020	1085340	Un peu plus gros,
1085440	1086820	finalement, que le virus.
1087040	1088660	Non, mais le côté...
1088660	1091300	Que ça soit dans la population et les politiques, tant que c'est pas mon
1091300	1093520	enfant qui s'est fait manger, je ne crois pas aux mesures
1093520	1094880	Oui, bien sûr, l'égoïsme.
1095240	1097340	L'égoïsme de l'être humain. Mais l'être humain
1097340	1099380	est un loup. Un loup, un loup, ouais.
1099700	1101260	L'homme est un loup. Un loup pour l'homme.
1101460	1103180	Ça, c'est certain. Ça, c'est certain. Vous avez
1103180	1105220	d'autres merdes à dire comme ça ?
1105220	1107840	Absolument banales et tout à l'heure ?
1107840	1109420	Ouais, ouais. Écoutez, moi, je pense
1109420	1111560	qu'à priori,
1112260	1112780	quel que soit
1112780	1115380	le flacon, pour eux,
1115420	1117180	qu'on ait l'ivresse... Ah ouais, c'est de la merde, ça.
1117640	1119140	Ouais. Quoi que ça, c'est ça.
1119140	1120240	Pour le coup, j'y crois un peu.
1121000	1122880	Et puis, non, sinon,
1122880	1124720	le bien pourri, c'est qu'il n'y a pas de fumée sans feu.
1125040	1127140	Ouais. Qui est quand même assez pourri.
1128560	1129280	Et tous les
1129280	1130900	moments, même ta rhum. Ça, je me trouve
1130900	1131660	compris pourquoi.
1132960	1135060	Ouais. Voilà, ça, c'est bien de la merde aussi.
1135460	1136100	C'est un peu de la merde.
1137440	1139240	Donc, vous avez dit tous les proverbes de merde.
1139300	1140560	Je crois que c'est bon. On peut terminer l'épisode.
1140740	1142600	Est-ce que vous avez fait du sport ?
1142600	1143180	J'ai fait
1143180	1147200	trois quarts d'une séance d'abdos
1147200	1148540	du Major Gérald.
1148840	1151240	Trois quarts ? Ouais, alors, c'est une séance
1151240	1152860	assez longue. Alors, en fait, elle consiste
1152860	1155040	à quatre exercices qu'il explique.
1155400	1156900	Et ce qui me rassure, enfin, ce qui me rassure,
1157200	1158320	ce qui me fait croire que ce gars,
1158900	1161280	c'est un bon, c'est que c'est vraiment des trucs de la Légion
1161280	1163140	et que tous les exercices d'abdos qu'il fait,
1163220	1165140	il y en a trois sur quatre que je ne connaissais pas du tout.
1165680	1166840	Et il explique bien.
1167340	1169220	Et après, des trucs
1169220	1171380	de gainage. C'est une séance de dix minutes que les abdos
1171380	1173080	qui est vraiment bien. Bon, moi, je n'avais fait que cinq minutes
1173080	1174960	parce que je n'étais pas prêt. Je voulais juste voir un petit peu.
1174960	1176000	C'était trop compliqué.
1176700	1178500	Mais, abdominaux,
1178920	1180720	Légion étrangère, Major Gérald sur YouTube,
1180840	1182400	vous allez au moins vous marrer.
1182860	1185100	Oui, alors, je t'avoue que
1185100	1187040	moi, j'ai déjà un peu mes trucs, mais si
1187040	1188920	on peut se marrer, tu sais,
1189040	1190520	le rire. Le rire,
1190740	1192960	il ne nous reste plus que ça. Il ne nous reste plus que ça
1192960	1194100	et puis c'est bon pour les abdos.
1195000	1196960	C'est tout bénef, comme on dit. C'est encore ça
1196960	1198040	qui ne nous prendra pas ma crotte.
1199340	1200340	Et alors, le salaud,
1200400	1202040	le salaud, mon gars,
1202040	1204120	ça réagit.
1205760	1206860	Le peu de trucs que j'ai lu,
1206980	1208040	c'est les réactions à cette cagnotte.
1209100	1209860	Ah oui ? Incroyable.
1210200	1211460	Et je peux te dire que les gens
1211460	1212840	n'oublieront pas.
1212860	1213740	Ça, j'avoue.
1214200	1215860	Ça, ça va gueuler.
1216020	1218580	Allez, marrez-vous, regardez des films
1218580	1220200	et baisez.
1220240	1220920	Et faites du sport.
1222540	1225100	Baisez des gens qui le veulent, qui ne le veulent pas.
1225580	1226180	Si, si, si.
1226800	1228420	Qui le veulent, je ne sais plus.
1229420	1231120	J'y connais plus rien, en règle.
1231540	1231960	Moi, je ne sais pas.
1232740	1234120	Mais toi, tu es du vieux monde.
1234740	1236840	Ou du nouveau. On ne sait pas ce qui va se passer
1236840	1237620	dans le nouveau monde.
1238000	1240460	Ce sera peut-être Mad Max, je fais l'amour.
1241160	1242440	Toi, tu es de la vieille école.
1242620	1242780	Mais non.
1242860	1244280	Mais toi, c'est l'innoventura.
1244520	1245520	C'est bénichou, toi.
1245700	1247040	C'est ça, ton temps à France.
1247240	1248280	La béniche.
1248820	1249520	La béniche.
1251400	1252000	Bon, allez.
1252000	1254620	Bon, écoute, ce petit épisode
1254620	1256360	est dédié à Pape Diouf.
1256500	1258340	Ah oui, pour le coup, Pape Diouf.
1258380	1259920	Parce que ça fait quand même bien chier.
1260940	1262300	Il y a des légendes comme ça,
1262460	1263580	bénichou, Pape Diouf.
1264080	1266780	Et puis, on envoie des ondes positives à Christophe.
1266920	1267420	À Christophe.
1268240	1269840	Et Tom Hanks, je crois, va mieux.
1270560	1272840	Et le chanteur de Rammstein va mieux.
1272860	1274440	Oui, oui.
1275560	1277360	C'est vrai que mon Pape Diouf,
1277740	1278400	ça m'a fait mal.
1278420	1279620	Pape Diouf, ça fait mal, ça pique.
1280260	1282760	On l'entendait pour un second, parce qu'il parlait tellement bien, ce mec.
1282960	1283380	Moi, je l'adore.
1284060	1286820	Il parlait peu, mais je sais que, en tant que
1286820	1289120	Marseillais, c'était un peu votre...
1289120	1290940	Votre...
1290940	1292100	Comment dire ? Je ne sais pas.
1292260	1294360	À Marseille, j'ai vu qu'il y avait déjà des banderoles.
1295080	1296900	Ah oui, oui, c'est dur.
1297180	1299000	Et puis, mon côté
1299000	1300880	woke,
1301620	1302220	non, mais
1302220	1302620	me fait...
1302620	1303560	me fait penser que...
1303560	1304240	Non, mais en vrai,
1305600	1308900	le football, je crois, souffre
1308900	1310620	beaucoup de...
1310620	1312920	de ne pas avoir assez de présidents
1312920	1315040	et d'entraîneurs
1315040	1316560	noirs, alors que...
1316560	1317420	Ou arabes, d'ailleurs.
1318000	1319400	Lui, il n'a pas entraîné du tout.
1319680	1322160	Il n'a pas entraîné, mais il a été agent de joueur.
1322160	1323100	Moi, je ne connais pas trop...
1323100	1325780	Il a été journaliste, agent de joueur et président.
1326240	1328160	Mais enfin, un président noir
1328160	1330220	en France, je peux te dire qu'il n'a pas eu beaucoup.
1331980	1332340	Et...
1332340	1333740	Je crois que Jean-Michel Aulas
1333740	1336340	s'identifie à un Tunisien.
1336420	1336860	Ah, d'accord.
1337000	1338180	Si vous voulez des minorités.
1338360	1338860	Ça va, alors.
1339560	1340200	Ça va, alors.
1340280	1340920	Bon, ben, c'est bon, alors.
1341040	1342080	Donc, voilà.
1342520	1343860	J'aimais beaucoup Papdouf.
1344040	1347300	Par contre, je ne sais pas s'il a trop, trop respecté le Sénégal,
1347640	1349400	parce qu'il paraît qu'il a tout fait pour essayer de se barrer
1349400	1350980	pour se faire soigner en France dans les derniers moments.
1351300	1351700	Donc, pas cool.
1351720	1352000	Ah, merde.
1352380	1355480	Ben oui, mais il a peut-être vu que ça partait mal, quoi.
1355840	1356520	Oui, non, je sais.
1356600	1360180	Mais bon, c'est quand même toujours triste d'être un...
1360180	1362180	Voilà, quand la France, ça sera un pays qui galère,
1362180	1363920	moi, dans mes dernières heures,
1364160	1367040	quand j'essaierai de tout faire pour me soigner aux Etats-Unis
1367040	1367860	et que je meurs avant,
1368380	1369840	bon, ben, il y a un moment, ils vont lui...
1369840	1371920	Tu vois, dans les derniers moments, ils ont dû lui en vouloir
1371920	1374420	quand il a tout fait à l'hôpital où il est mort.
1374440	1375980	Ah, ben, quand il était dans sa petite robe de...
1375980	1378180	Je me casse, je me casse, s'il vous plaît, je me casse.
1378300	1380960	Quand il était dans sa petite robe d'hôpital
1380960	1383860	à essayer de s'enfuir qu'une nuit par la fenêtre.
1384120	1384760	C'est moche.
1385020	1386600	C'est sûr que les mecs ont du mal le prendre.
1386740	1387760	Là, mais, en fait, je me suis toujours dit...
1387760	1388820	Monsieur Diouf !
1388820	1390040	Monsieur Diouf !
1390040	1391520	Quand les gens veulent se barrer d'un hosto,
1391880	1393460	il faut essayer de le faire discreto, c'est être sûr,
1393540	1396000	parce que sinon, après, tu perds tellement la confiance
1396000	1397440	du personnel qui est en train de te soigner
1397440	1398020	quand t'as essayé de te faire...
1398020	1398680	Ah, ben, après, c'est fini.
1399260	1401160	D'ailleurs, ils ont dû, à un moment, dire,
1401300	1404020	bon, monsieur Diouf, ça fait trois fois, écoutez...
1404020	1406000	Non, mais c'est chaud, quoi.
1406280	1407440	C'est très dur de revenir en disant,
1407500	1410120	non, mais je fais confiance à l'hôpital.
1410120	1411240	Non, non, mais je...
1411240	1414100	Alors là, docteur, je vous respecte énormément.
1414640	1415260	Que ce soit clair.
1415640	1417620	Quand j'ai dit que vous étiez une merde incapable
1417620	1419380	et que je me suis enfui en scooter,
1420040	1421620	je le regrette énormément, il faut le savoir.
1423760	1424480	C'est pour...
1424480	1425280	Voilà, si tu vas,
1425580	1428120	au milieu d'un plat dans un restaurant
1428120	1429720	que tu te barres, en essayant d'aller à côté,
1429840	1431940	et puis qu'à côté, c'est plein, et que tu reviens finir ton assiette,
1432120	1432980	il y a moins que les serveurs...
1432980	1434900	Vous avez, finalement...
1434900	1436740	Je dis que c'est possible.
1437600	1437880	Bref.
1438880	1440260	Tu vois, j'essaie de me marier avec tout,
1440340	1441320	et pourtant, ça me fait pas marrer.
1442200	1444320	Pourtant, c'est triste, mais c'est ce qui va nous faire tenir.
1445860	1447240	Tenez bon, tenez la barre,
1447340	1448020	on est tous ensemble.
1448040	1450020	Fin du jour 17, on est ensemble.
1450040	1450660	Allez !
1450660	1452520	Et puis, à demain Paris 18.
1452660	1455200	Allez, à demain Paris 20. Et salut, les confinos.
1455400	1455840	Et salut.
1461000	1463280	Ah, et ben, et ben, et ben...
1463280	1465060	Correct, voilà, correct.
1465380	1465880	Sans plus.
1466120	1467600	Épisode B-.
