start	end	text
0	17000	Allons-y, allons-z-en, ça va être un bon épisode, je vous le dis, si je suis en forme comme ça, de toute façon, moi, le lundi, je suis black, black, black, black, black, black, black, black, black, black, black, black.
18680	19000	Paris 20 !
19860	24220	Oui, écoutez, je m'excuse au moment où vous m'appelez, les cloches se mettent à sonner.
24460	27260	Ah bah écoutez, il n'y a pas besoin de vous excuser, mon grand, on est encore...
27260	28680	C'est un signe, c'est un signe, je pense.
28680	33740	On est encore en France ? On peut encore avoir des églises ?
33740	36180	Pays aux mille clochers ?
36180	39680	Pays aux huit millions de fromages ?
40240	44680	Pays à la blancheur de peau inégalée ?
45780	48780	Pays éternel ?
48780	54440	Il me fait rire, il y a eu mon pauvre Benzema qui s'est encore mis dans la merde tout seul en parlant.
54440	60220	Et il a dit, je vous passe les détails, mais il a dit, il n'y a pas de racisme.
60520	62860	Il y a les Noirs, les Arabes, les Français, on est tous pareils.
64400	65220	Ça me fait rire.
67260	69080	Oui, je l'ai suivi le live.
69480	74960	Écoute, moi je trouve que c'est un peu abusé parce qu'en fait, il a parlé longtemps de Giroud, il a beaucoup dit de bien.
75300	78340	Et après, il a juste dit qu'il se trouvait meilleur, mais beaucoup de gens le pensent.
78720	82220	Oui, mais je crois qu'il est dans la sauce plutôt pour ce qu'il a dit sur Bassem.
82940	84420	Ah bon, il a dit quoi sur Bassem ?
84440	89860	Il a dit qu'en gros, ce que je trouve normal, il a dit que ce n'était pas bien qu'il se soit fait casser la gueule.
90360	93880	Et ça s'est transformé en Benzema soutient Bassem, le gros raciste.
94660	95200	Ah d'accord.
96360	99440	De toute façon, je ne pense pas qu'il puisse dire quoi que ce soit sans que ça soit déformé.
100000	104440	De toute façon, si vous voulez un conseil pour votre carrière, ne faites pas de live avec Mohamed Henni.
104440	107360	Il y a un moment où vous allez dire une connerie, c'est sûr.
107820	113220	Moi, s'il me propose mon mot, je sais que ça va me coûter plus cher que ce que ça va me rapporter.
114440	120820	Après, il n'a pas attendu Mohamed Henni pour dire de la merde ou être malhabile.
121120	121920	Non, il a parlé.
122120	127600	Après, il est assez bon communicant pour savoir qu'un live si suivi, de toute façon, tout va être repris.
127640	129280	Il ne peut pas être étonné.
130460	133400	Qui avait chié sur Laurent Blanc ?
133400	134720	C'est un joueur du PSG, non ?
134720	140940	Oui, c'était Serge Aurier qui avait dit que c'était une gueule, que c'était une pute.
141520	142160	Mais ça, c'était le début.
142160	143620	Laurent Blanc, la grosse gueule.
143840	144280	D'ailleurs, qu'est-ce qu'il a dit ?
144280	144360	Qu'est-ce qu'il a dit ?
144360	144400	Qu'est-ce qu'il a dit ?
144400	144420	Qu'est-ce qu'il a dit ?
144440	145620	Qu'est-ce que c'est devenu cette application ?
145620	147560	J'ai oublié le nom de cette appli qui cartonnait à l'époque.
148740	150180	Il était sur Periscope.
150580	151540	Periscope, mais c'est ouf.
152360	155500	En fait, c'était le truc de live de Twitter, je crois.
155700	157180	Oui, de Twitter.
157420	158060	Mais c'est fou.
158560	163280	Instagram a sucé Snapchat, sucé Periscope et est devenu surpuissant.
163600	167460	Oui, mais je pense que ça existe encore.
168080	168740	Oui, ça existe.
169120	169380	Mais à l'époque, on n'en parle pas.
169380	171720	Les live Twitter, c'est vrai que ce n'est pas de ton.
172220	174360	J'avais oublié le nom.
174360	176320	Alors que ça faisait un buzz énorme, ce truc.
177060	182020	Si vous avez des questions de type informatique, software, hardware, n'hésitez pas.
182240	182780	Je suis dispo.
183580	186840	Par exemple, quand j'allume mon ordinateur.
186840	189380	Par exemple, là, vous avez des problèmes de VPN, par exemple.
189780	190540	Non, non, là, ça va.
190580	191200	On s'entend bien, là.
191820	192420	Oui, là, c'est bon.
193140	194020	Non, non, mais ça va.
194180	194880	En plus, c'est réglé.
195060	199000	Et là, pour le coup, maintenant, quand je l'active vraiment pour Netflix USA, ça marche vraiment.
199440	200200	Ça ne valait pas 50.
200620	202320	Non, mais ce sera pratique en voyage.
202320	203420	Et puis, ça sera...
203420	203960	Bien sûr.
204360	205660	Et puis, j'ai fait une connerie.
205820	206520	Voilà, c'est tout.
206980	213920	C'est surtout que tu étais en galère parce que tu n'avais pas dépensé de thunes depuis le début du confinement et tu as craqué.
214180	214560	Oui, oui.
214740	215380	Quelle idiotie.
215820	221720	Mais bon, après, je vais encore me justifier, mais c'était vraiment une offre de ouf.
221820	223060	Au final, ça revient à 30.
224200	224960	Non, mais c'est vrai.
225100	227520	Un VPN, même un bon, c'est 10 euros par mois.
227600	229480	Là, ils avaient pété les prix et c'était...
229480	230900	Là, je l'ai pour 3 ans.
231080	232720	Ça va peut-être me servir à quelque chose dans 3 ans.
233060	234120	Non, mais je suis sûr qu'en plus...
234360	237440	Je suis sûr qu'il y a des utilités que je ne soupçonne pas, mais...
237440	239100	Là, ça fait mal, tout de suite.
241120	241400	Mais...
241400	242200	Bref.
242400	243420	Bon, on va parler d'autre chose.
244120	245600	Bon, comment ça va ?
245600	246420	Ça va.
246600	247740	Enfin, je suis très fatigué.
247820	248780	J'ai eu beaucoup de mal à dormir.
248920	250200	Je n'ai eu pas un problème d'houmous.
250320	251560	J'ai eu un problème de...
252180	253640	Enfin, de même type, quoi.
254440	254780	Ah, merde.
255300	257300	Tu t'es réveillé en tapant comme ça ?
257300	258080	Ah, mais de ouf.
258160	258800	Je l'ai fait toute la nuit.
258840	259280	C'est vrai ?
259280	260300	Ah, mais je n'arrivais pas à dormir.
260300	263260	En fait, j'ai eu un problème de flageolet.
263260	263520	Merde.
263640	263800	Voilà.
264360	264880	C'est les flageols.
265640	267400	C'est les flageols qui me font mal.
267400	268220	Ah, tu le sais, pourtant.
268560	269040	C'est pas nouveau.
269140	269660	Mais oui, je le savais.
269780	272940	Mais franchement, maintenant, c'est incroyable de voir...
272940	276400	En vrai, je ne peux manger aucun truc.
276520	279660	Tous les trucs qui sont censés faire péter, ça marche de ouf sur moi.
279860	281100	Mais c'est grave, quoi.
281600	281860	Vraiment.
282180	283160	Au moins, maintenant, je sais.
283360	287700	Hier, je n'ai pas pris beaucoup de flageolet, mais ça m'a niqué toute la journée.
288420	289300	Toute la journée.
289740	290420	Je te jure.
290420	291440	Il faut arrêter.
291540	292660	Il faut arrêter de manger ces trucs-là.
292800	294120	Je sais qu'en tant que...
294120	294140	Oui, oui.
294140	294240	Je sais qu'en tant que...
294240	299780	Clairement, toi, amoureux de la France, au milieu de la clocher, au milieu de l'âge,
300060	300880	au milieu de fromage...
300880	301220	J'ai 8 millions.
301320	301980	8 millions de fromage.
302100	302460	8 millions.
302580	303340	Ce n'est pas facile, quoi.
304260	304540	Mais...
304540	305180	Non, mais c'est con.
305400	306080	Non, mais arrête.
307000	309620	Non, mais c'est des légumes importants, quand même, tout ce qui est...
309620	310840	Je ne peux pas m'interdire.
311580	316180	Flageolet, pois chiches, lentilles.
316860	317540	Je comprends.
317620	318740	Mais si ça ne vous m'est pas...
318740	318920	Écoutez.
319340	319880	Oui, je sais.
319880	321780	Mais où c'est que je vais trouver ces nutriments ?
321780	322960	Déjà que je ne mange pas beaucoup de légumes.
322960	325680	Ah ben si, ça doit se trouver.
325900	326860	Vous vous débrouillez, quand même.
327140	331880	Bon, si vous avez des alternatives non gazières de ces trucs-là...
331880	333420	Appel à la communauté.
334200	335000	Appel au Discord.
335340	335920	Mobilisez-vous.
336040	336320	Ah oui, ça...
336320	341220	Et trouvez le régime alimentaire, le nouveau régime alimentaire d'Urbain.
341380	341920	Putain, ouais.
342000	346080	Bon, mais du coup, dodo à 4h du mat', quand même.
346160	346900	J'ai re-regardé.
346920	347800	Ah oui, dur, dur.
348160	349340	Ouais, mais en plus, j'ai fait une connerie.
349460	352280	Quand j'étais en insomnie, j'ai voulu re-regarder Shoshin Redemption.
352280	352940	Enfin, les évadements.
352960	354960	Et le truc, c'est que...
354960	355980	Il dure 3h, non ?
355980	356700	Ouais, il dure longtemps.
356800	359080	J'ai pas vu en entier, mais il est dur à lâcher, le film, en fait.
359240	360780	C'est que des scènes cultes.
361060	361540	Il est vraiment...
361540	362120	Il se revoit bien.
362800	364080	Je l'ai revu il y a peu de temps.
364140	364580	J'avais adoré.
364740	368760	Je suis tombé, en fait, à fond dans un podcast qui s'appelle The Rewatchables, où c'est
368760	370960	des mecs qui parlent de films que...
371500	372860	Ceux qu'on aime bien revoir et tout.
372940	375880	D'ailleurs, j'ai presque envie de le faire en français.
376320	376680	Mais...
376680	379280	Donc, c'est un super podcast avec des mecs de HBO.
379440	380760	Ils invitent des fois des gars très connus.
380760	382660	Tarantino, on a fait 3.
382980	383760	Il a fait Dunkerque.
385320	386140	Il a fait...
386140	386380	Ouais.
386700	388440	King of New York de Abel Ferrara.
388980	392940	Et aussi Unstoppable, un film que je connaissais pas du tout, de Tony Scott, qui est une sorte
392940	394080	de speed, mais avec un train.
394740	395920	Et du coup, j'ai fait l'expérience...
395920	396740	Oui, oui, oui.
396860	397420	Avec...
397420	398580	C'est Denzel Washington, non ?
398580	398780	Ouais.
398920	399620	Et Chris Pine.
399640	399960	Ouais, je crois.
400100	401120	Et c'est un super film, en vrai.
401640	402120	Mais non, mais en vrai, c'est un super film.
402120	402680	Ouais, ça va bien.
403160	405700	Mais en gros, regardez le film.
406180	407880	Et après, écoutez Tarantino en parler.
407980	408540	C'est incroyable.
408540	410660	Mais après, j'ai fait d'autres...
410660	412160	Des épisodes même sans guest.
412480	413540	Et en fait...
413540	413560	Ouais.
414060	415300	Je sais pas, il y a un côté cool.
415480	419160	Là, en ce moment, en fait, au lieu de découvrir des nouveaux trucs, je revois des...
419160	420680	Il y a un côté rassurant de revoir des films.
420680	425200	Oui, mais Dunkerque, on n'est quand même pas déjà au point de le remater, si ?
425200	426700	Non, bah Dunkerque, c'est Tarantino.
426700	427900	C'est Tarantino, il a choisi ses films.
427940	430660	Il a pris vraiment des trucs bizarres, parce que d'habitude, les mecs, les épisodes,
430800	431640	c'est des classiques.
431760	433360	C'est le parrain d'oeufs, le parrain de la mer.
433360	438360	Et là, il a voulu faire ça parce qu'en fait, il disait qu'il faisait son top 10 de la décennie.
439180	439560	Qu'il avait mis Dunkerque.
439560	440860	Oui, qui est sorti déjà, je crois, d'ailleurs.
441300	442420	Que j'arrive pas à trouver, en fait.
442940	444640	Il l'a pas donné ? Je crois qu'il l'a donné.
445080	446640	Non, parce qu'en fait, il parle que de ça, en fait.
446920	449760	Tout ce qui ressort de ce qu'il a dit, c'est des trucs qu'il a dit dans ce podcast-là, en fait.
449880	450060	Ouais.
450480	454980	Et justement, il a tapé un peu sur 1977 pour dire à quel point il aimait Dunkerque.
455040	455320	Mais bref.
455720	458780	Et du coup, c'est un fou, Tarantino, de regarder des films 5, 6, 7 fois.
458780	462400	Et donc, il dit que plus il revoit Dunkerque, plus il l'a kiffé.
463140	466780	Ah ouais, bah écoute, ça vaudra le coup parce que je m'étais pas...
468000	468960	Ça m'avait pas bluffé.
469820	470780	The Rewatchables.
471060	471380	Et bref.
471500	475620	Et du coup, il y a évidemment un épisode énorme sur Les Évadés.
475840	478500	Et c'est vrai que c'est vraiment un Rewatchables, Les Évadés.
478600	480080	Tu peux le voir, le revoir, le revoir.
480100	482800	Et du coup, en français, on l'appellerait Les Reregardables ?
482800	483460	Bah, je sais pas.
483740	485560	Mais c'est un truc que...
485560	487380	C'est quoi, toi, les films que t'as le plus vu dans ta vie ?
487380	488380	Moi, j'ai beaucoup vu La Hesse.
488780	490040	Paul Fiction.
491300	496880	En fait, le truc, c'est que ces gars-là aussi, ils parlent d'un truc spécifique.
497160	499740	C'est que c'est des gars qui ont genre 10 ans de plus que nous.
500380	501220	A peu près 10-15.
501400	505220	Et en gros, tous leurs Rewatchables, c'est beaucoup les années 80-90.
505380	506900	Parce que c'est beaucoup des films qui...
506900	509860	À la télé, en fait, aux États-Unis, il y a vraiment des chaînes de cinéma
509860	511020	qui sont pas forcément sur le câble.
511560	513460	Et les films, ils passent tout le temps, tout le temps, tout le temps.
513580	514140	Le gars, en gros...
514140	515980	Oui, puis même, quand tu grandis, enfin, tu vois,
515980	517820	là, moi, celui que j'ai le plus vu, au final,
518180	518740	il doit y avoir...
518780	523000	Il y a énormément de films liés à mon enfance et mon adolescence.
523040	523420	C'est ça.
523960	525900	Et pourquoi tu l'as gardé beaucoup ?
525900	527160	Parce que tu n'avais pas beaucoup de cassettes.
527940	529100	Oui, c'est ça, qui tournaient.
529420	532440	Donc, moi, je pense qu'on partirait sur, tu vois,
532740	534040	déjà tous les Jim Carrey,
534620	536220	The Mask of the Middle-Earth,
536280	537280	en passant par les Venturas,
537420	538420	ceux-là, je les ai saignés.
539480	542580	Après, en films plus récents ou de mon histoire adulte...
542580	544240	En fait, on a moins l'occasion.
544240	547560	Parce que maintenant, il faut se remettre un fichier sur Internet.
547660	548220	Oui, c'est ça.
548220	548720	Il faut vraiment le faire.
548720	548740	C'est ça.
548780	549260	On le prévoit.
549420	552020	Alors qu'avec ces trucs qui tournaient beaucoup à la télé
552020	554740	ou qu'on avait en cassette ou qu'on regardait entre potes,
554800	555980	maintenant, un rewatchable...
555980	557480	Mais même à l'époque du disque dur, tu vois,
557540	560300	et du DivX, ça existait encore aujourd'hui, moi.
560460	561440	Une fois que tu l'as vu sur Netflix,
561580	564420	il sort de ton algorithme et il n'était même plus proposé.
564440	564840	Oui, voilà.
565120	567080	Donc, à moins de faire la démarche...
567080	569460	Mais tu vois, oui, il y a des films...
569460	570820	Je sais que...
570820	572620	Je pense que ceux que j'ai le plus vus,
572620	575180	c'est ceux, je pense, de ma décennie de la vingtaine, tu vois,
575540	576920	où on était en disque dur.
577040	578720	Il n'y avait pas encore les plateformes de VOD
578720	582580	et ça devait être Time Untied de Tzuark.
583120	583620	Ah ouais ?
583620	585900	Qui est un film d'action, mais incroyable.
586460	587820	Qui est un de mes films préférés.
587920	588360	Ah, là, je vais regarder.
589260	591580	Et Lost in Translation, mon petit côté fleur bleue.
591680	594020	J'ai dû le mater, Lost in Translation, je pense, une quinzaine de fois.
594200	595900	Ouais, c'est ouf parce que maintenant, si je...
595900	597360	Alors que je ne le regarde plus, tu vois, maintenant.
597620	599780	Ça fait, je pense, 5-6 ans que je ne l'ai pas vu.
600020	603260	Si je revoyais des films, je pense que ce serait des comédies, maintenant.
603600	604440	Pour marrer, quoi.
604520	604940	Disculpez-moi.
605160	606160	Ouais, parce que t'aimes ça.
606220	607000	Mais en vrai, ouais.
607860	608600	Je pense que, ouais.
608600	610680	Moi, c'est vraiment un rapport avec les VHS que j'avais.
611900	615760	Genre, vraiment, La Haine, Orange Mechanic, Trainspotting, Pulp Fiction.
615940	617040	Ça, c'est des films que j'ai vus.
617660	619520	J'ai vu, revu, re-revu.
619580	621480	Bien écrit au feutre, sur la tranche.
621940	623240	Ah non, ça, par contre, j'avais les vrais, moi.
624140	624920	Ah, putain, ouais.
625040	625680	Alors, nous, jamais.
626020	628560	Nous, on avait Canal et on enregistrait sur Canon.
629680	634060	Aussi, un peu, mais c'est vrai qu'il y a des moments, je crois...
634060	636820	Canal, ils avaient le film avant la VHS, non, ils l'avaient après.
636820	638580	Et le truc, c'est que quand le film était culte,
638600	640080	tu voulais...
640080	640780	Pas toujours, hein.
641140	642820	Je pense que s'ils l'avaient après...
642820	647960	Genre, ça faisait Canal, genre, t'as le film, un an après, t'avais la VHS,
648220	649880	un an et demi après, tu l'avais sur Canal, en gros.
649980	650720	Ouais, peut-être, ouais.
651160	655120	Et du coup, quand tu voulais revoir un truc que t'avais vu au ciné, bon, voilà.
655700	656600	Et du coup, ben...
657800	658200	Voilà.
659800	661760	C'est une bonne liste de bons classiques.
662740	663540	Je pense que...
663540	665780	Je comprends ce que tu veux dire, mais moi, j'essaye.
666020	667640	Enfin, c'est même pas que j'essaye, c'est même pas volontaire,
667640	667740	mais...
667740	667760	Mais...
667760	667820	Mais...
667820	667860	Mais...
667860	667920	Mais...
667920	667940	Mais...
667940	667960	Mais...
667960	668060	Mais...
668060	668140	Mais...
668140	668160	Mais...
668600	673540	Mais on ne peut pas faire du re-watchage, tu vois, à outrance.
673540	674160	En fait, c'est bien.
674780	678560	Parce que c'est bien, c'est sympa, ça ne prend pas trop de temps, mais je n'ai pas envie
678560	681840	non plus d'être celui qui s'est arrêté dans sa musique au goût qu'il avait au lycée,
682080	682300	tu vois.
682380	683580	Moi, j'aime bien découvrir des choses.
683760	683820	Non, non.
683820	687580	Mais même maintenant, je veux dire, si on aime bien un film, genre Mad Max Fury Road,
687760	690220	qui doit être mon film récent préféré, je l'ai déjà vu trois fois.
690860	691100	Oui, oui.
691220	692600	Alors, je pourrais me le mettre tranquille tous les six mois.
692600	695520	Un film avant de vraiment tout connaître, il faut le poncer, quand même.
696600	696800	Hum.
696800	698560	non mais c'est clair
698560	699400	et comme pour les albums
699400	699780	aujourd'hui
699780	700680	t'as tendance forcément
700680	701780	à moins poncer les trucs
701780	702840	tu les jettes
702840	703380	s'ils te plaisent pas
703380	704160	au bout de deux trucs
704160	705440	au bout de deux écoutes
705440	706820	donc moi je me force
706820	707960	en tant que vieux con
707960	708920	à écouter les albums
708920	709400	en entier
709400	709820	à faire
709820	710500	tu vois
710500	712180	à y revenir
712180	712720	souvent
712720	713460	même si j'accroche pas
713460	714020	tout de suite
714020	715600	ça prend du temps
715600	717400	je pense qu'aujourd'hui
717400	719640	je sais pas de cette génération là
719640	720160	mais je pense que
720160	720960	les gars qui découvrent
720960	721380	les Marvel
721380	722160	depuis 5-10 ans
722160	722900	ils doivent les poncer
722900	723660	ils doivent vraiment
723660	724120	les revoir
724120	726160	genre dans la génération
726160	726700	un peu plus jeune
726700	727460	je pense que
727460	728960	je suis pas persuadé
728960	729540	parce que tu vois
729540	730760	il y a tellement de trucs jetables
730760	731760	tu regardes aujourd'hui
731760	732680	toute la prod Netflix
732680	733360	franchement là
733360	734640	les films Netflix
734640	735240	si tu prends
735240	736140	hormis je pense
736140	737000	quelques grands réals
737000	737720	et encore il y en a
737720	738380	qui se sont gaufrés
738380	740100	mais si t'enlèves Scorsese
740100	740800	ou si t'enlèves
740800	742060	les frères Cohen
742060	743480	qui ont sorti des tueries
743480	744220	sur Netflix
744220	745820	les prods Netflix
745820	746460	long métrage
746460	747760	c'est souvent
747760	748920	très très très décevant
748920	750180	t'as un pitch de ouf
750180	751000	et ensuite derrière
751000	752180	ça tombe à plat
752180	752780	faut que ça soit
752780	753240	bon film
753240	754100	Harry Watchable
754100	754660	par exemple
754660	755160	oui mais tu vois
755160	755740	c'est consommé
755740	756420	je veux dire aujourd'hui
756420	757120	c'est consommé
757120	758460	même des films occultes
758460	759000	tu te souviens
759000	761380	du film avec Sandra Bullock
761380	762080	où elle se cache les yeux
762080	763500	les oiseaux au Bird Box
763500	764200	je l'ai même pas vu
764200	765840	bon ça c'est un truc
765840	768000	tout le monde l'a regardé
768000	768560	en même temps
768560	769140	en un mois
769140	770080	et le truc est oublié
770080	770940	parce qu'il était nul à chier
770940	771760	oui oui
771760	773580	mais je pense
773580	774480	que la génération
774480	776560	juste après nous
776560	778580	le Seigneur des Anneaux
778580	779200	et Dark Knight
779200	779880	je pense que c'est des gens
779880	780580	ils les ont vus 15
780580	781440	20 fois ces films
781440	782360	ça c'est vraiment
782360	783000	des Harry Watchable
783000	783820	de fous
783820	784460	le Dark Knight
784460	785120	je pense que
785120	785520	moi encore
785520	785700	je l'ai pas vu
785700	786400	moi aussi
786400	786820	j'avoue que
786820	787520	je les ai pas mal revus
787520	788420	ils se revoient
788420	789060	ils se revoient
789060	790140	et je pense que
790140	791740	les bons des Marvel
791740	792840	ils doivent se
792840	793280	beaucoup
793280	794760	mais à part ça
794760	795800	peut-être Parasite
795800	797440	je pense que je le reverrai bien
797440	798960	je sais pas trop
798960	799880	il y a pas trop de
799880	800660	il y en a un paquet
800660	801000	quand même
801000	801740	moi il y en a un paquet
801740	802700	de récents
802700	803820	que tu reverrais beaucoup
803820	805140	ah ouais ouais ouais
805140	805900	Mad Max moi
805900	806280	vraiment
806280	807180	mais à part ça
807180	807980	Mad Max je l'ai revu
807980	808400	il y a pas longtemps
808400	809340	il y en a plein
809340	810840	des thrillers coréens
810840	812080	de fous
812080	814680	même des comédies
814680	814900	tu vois
814900	815360	on me parlait
815360	815800	l'autre jour
815800	816360	tu me demandais
816360	817360	j'ai pas réfléchi
817360	819800	mon acteur préféré
819800	820320	mais tu vois
820320	820780	par exemple
820780	821900	le duo
821900	823120	Will Ferrell
823120	823840	Marc Wahlberg
823840	825500	ah je l'ai revu celui-là
825500	826320	je l'ai vu deux fois au moins
826320	827600	ils ont fait
827600	829020	deux trois films ensemble
829020	829840	ils ont fait
829840	831040	celui où ils sont
831040	831980	père de famille
831980	832980	qui est un peu en dessous
832980	834180	et celui qui s'appelle
834180	834940	The Other Guys
834940	836440	où ils sont flics
836440	837140	il est vraiment bien
837140	838360	il est incroyable
838360	839760	c'est un excellent film
839760	840320	que j'ai dû voir
840320	841100	au moins 4-5 fois
841100	841820	et
841820	843800	donc je me lasse pas
843800	844040	tu vois
844040	845720	celui que je reverrai bien
845720	846220	que j'ai vu au moins
846220	846620	deux fois
846620	847860	comédie récente aussi
847860	848620	qui me fait vraiment rire
848620	848940	à chaque fois
848940	850280	c'est 21 Jump Street
850280	851780	ouais
851780	853540	alors j'ai bien aimé
853540	854540	pour certaines scènes
854540	855300	mais je me suis un peu
855300	857500	à celui-là quand même
857500	858560	j'étais un peu déçu
858560	859200	même la suite
859200	859860	m'a pas
859860	860620	mais oui oui
860620	861520	il y avait des scènes incroyables
861520	862920	mais tu vois par exemple
862920	863760	un des trucs
863760	865220	toute la team
865220	867760	je pense que j'ai le plus vu
867760	868140	revu
868140	869240	et que j'aimerais revoir
869240	870000	de ces dernières années
870000	870300	c'est
870300	871720	tous ceux qui étaient autour
871720	872220	de la clique
872220	872860	à Pato
872860	874020	quand elle est débarquée
874020	874540	ouais
874540	875820	tu sais avec
876220	877720	le film de Greg Motola
877720	879600	Superbad
879600	881220	ouais mais Superbad
881220	882960	qui est un film culte
882960	883240	pour moi
883240	885280	qui est une meilleure comédie
885280	886040	ah ouais
886040	886540	ben voilà
886540	887040	Superbad
887040	888120	je l'ai vu une dizaine de fois
888120	889120	et tu vois
889120	889720	là ça fait longtemps
889720	890760	j'aimerais bien me le retaper
890760	892360	en fait on se laisse trop avoir
892360	893140	par les titres français
893140	894060	souvent tu vois
894060	894700	que ce soit
894700	895340	Bridesmaids
895340	896680	les Other Guys
896680	897520	ou Superbad
897520	898580	même les Wilfred
898580	899400	qui tombent avec des trucs
899400	900660	ils commencent tous par
900660	901260	Very Bad
901260	901740	tu vois
901740	902980	j'en ai découvert un hier
902980	904300	où il fait du
904300	904640	il fait du basket
904640	905680	avec
905680	906400	Matthew
906400	907960	avec Woody Harrelson
907960	909260	et André
909260	910120	de Outcast
910120	910900	et franchement
910900	912100	ils ont coché tous les sports
912100	912400	en fait
912400	913160	ouais ouais
913160	913940	le patinage
913940	914720	la course auto
914720	915600	ouais ouais
915600	916140	ah ben je vais me faire
916140	917320	Ricky Bobby ce soir d'ailleurs
917320	918860	enfin
918860	919220	je vais
919220	919460	non
919460	919800	attends
919800	920320	c'est pas
920320	922200	vu qu'on est sur un épisode ciné
922200	923400	j'ai
923400	926020	hier j'ai vu
926020	927120	la moitié de Stalker
927120	927820	de Tarkovski
927820	928580	qui est un truc
928580	929620	culte à fond
929620	930280	c'est incroyable
930280	931060	qui est
931060	931480	voilà
931480	932240	qui était sur ma liste
932240	932740	depuis longtemps
932740	933500	qui est hyper long
933500	934640	du coup on l'a vu avec ma meuf
934640	935000	on s'est dit
935000	935560	bon c'est pas
935560	935840	en deux
935840	936580	parce qu'en Skype
936580	937040	en plus
937040	938420	ouais ouais
938420	939160	donc j'ai fait
939160	940060	les premières heures et demie
940060	940960	et c'est long
940960	941880	c'est bien
941880	942900	et c'est quand même exigeant
942900	943820	c'est quand même très lent
943820	944580	c'est en russe
944580	945100	certes
945100	946020	c'est un super film
946020	946900	je sens que la deuxième moitié
946900	947660	va être encore mieux
947660	948620	mais clairement
948620	949600	ce soir
949600	950860	je me fais une heure et demie
950860	951840	de la fin de Stalker
951840	952860	mais c'est sûr que derrière
952860	953320	je regarderai
953320	953720	Ricky Bobby
953720	954100	ou
954100	955920	c'est obligé
955920	956460	pour moi il me faut
956460	957600	une balance dans mon esprit
957600	959740	et en ce moment
959740	960220	ça marche bien
960220	961260	je me fais un film
961260	962620	que je dis chiant
962620	963360	mais qui est pas chiant
963360	964340	mais exigeant
964340	964880	un peu lent
964880	965540	genre dimanche
965560	966240	je me suis fait
966240	967860	le film de
967860	969220	Will Ferrell là
969220	969720	et après
969720	970520	In the Mood for Love
970520	971500	qui était dans ma
971500	972060	truc depuis longtemps
972060	973340	non mais c'est bien
973340	973840	c'est bien
973840	975280	c'est une espèce
975280	976140	de petite récompense
976140	976740	c'est bien
976740	977960	t'as regardé le film intéressant
977960	978840	en fait
978840	979580	t'es jamais
979580	980680	tu vois écoute
980680	981440	ce que tu vas faire
981440	982340	c'est que tu vas manger
982340	983400	des poireaux
983400	984160	et des blettes
984160	985520	et toutes les fins de mois
985520	986000	tu te diras
986000	986300	ok
986300	987760	c'est ta récompense
987760	988720	t'as le droit à des flageolets
988720	989640	c'est le principe du
989640	991340	c'est un peu le principe
991340	991900	du cheat meal
991900	992920	mais c'est
992920	993660	en fait c'est ça
993660	994540	le bon film
994540	996480	il est
996480	997960	c'est dur de s'y mettre
997960	998660	c'est comme le sport
998660	998860	en fait
998860	999860	c'est chiant de s'y mettre
999860	1000420	mais après
1000420	1001220	t'es toujours content
1001220	1001760	de l'avoir fait
1001760	1002580	tu regrettes jamais
1002580	1003600	tu regrettes jamais
1003600	1003940	ah mais c'est clair
1003940	1004760	mais donc
1004760	1006520	il faut mettre des respirations
1006520	1007680	et c'est vrai que des fois
1007680	1008880	ah j'ai pas envie de voir
1008880	1009840	le film chiant
1009840	1010560	je vais plutôt me regarder
1010560	1011180	un truc
1011180	1012480	il faut faire les deux
1012480	1013100	en fait je pense
1013100	1013440	c'est ça
1013440	1014640	et aussi il faut pas hésiter
1014640	1016340	je pense
1016340	1017360	ça m'a sauvé de me dire
1017360	1018340	c'est pas grave
1018340	1019260	de pas regarder un film
1019260	1019760	en une fois
1019760	1020340	en vrai
1020340	1021440	t'es pas un débile
1021440	1022120	je suis d'accord
1022120	1023320	si t'as vu la première moitié
1023320	1024560	il y a deux jours
1024560	1025640	tu t'en souviens
1025640	1026660	non mais je suis d'accord
1026660	1027520	d'autant que
1027520	1029100	les puristes vont me dire
1029100	1030040	faut que ça soit vu
1030040	1031160	sur grand écran
1031160	1032180	et en une fois
1032180	1033180	et sans interruption
1033180	1033500	machin
1033500	1034820	et évidemment
1034820	1036400	que ça a été pensé comme ça
1036400	1037240	mais je pense que
1037240	1037520	tu vois
1037520	1039140	ce qui peut être fait
1039140	1039980	avec un album
1039980	1041800	il est beaucoup plus dur
1041800	1042820	quand tu te retrouves
1042820	1044160	avec trois heures de Scorsese
1044160	1045600	oui bah
1045600	1046500	j'ai pas mal
1046500	1046900	de scorseses
1046900	1047820	découpe-le
1047820	1048100	tu vois
1048100	1049360	le dernier Scorsese
1049360	1049600	pareil
1049600	1050400	j'ai vu en deux fois
1050400	1051220	j'ai coupé au milieu
1051220	1052240	et ça m'a pas posé
1052240	1052880	de problème du tout
1052880	1053300	et je l'ai abattu
1053320	1054000	et d'ailleurs
1054000	1055000	c'est ça la définition
1055000	1055980	du rewatchable
1055980	1056680	c'est que
1056680	1057640	c'est cool des fois
1057640	1058600	d'aller se refaire une scène
1058600	1059740	tu vois
1059740	1060160	ah ouais
1060160	1061260	alors ça je fais rarement
1061260	1061580	par contre
1061580	1062300	bah tu vois sur Youtube
1062300	1062880	tu vas avoir une scène
1062880	1063840	où tu tombes à la télé
1063840	1064520	et c'est plus rare
1064520	1065040	parce que voilà
1065040	1066080	mais tu vois
1066080	1066900	je l'ai fait aujourd'hui
1066900	1067920	avec The Other Guys
1067920	1068880	parce que tu en as parlé
1068880	1070160	et que je voulais revoir
1070160	1071600	la scène de l'orgie de Clodo
1071600	1072160	dans la voiture
1072160	1072840	dans la Prius
1072840	1074960	qui m'a tué
1074960	1075880	la première fois
1075880	1076320	que je l'ai vue
1076320	1077140	mais sinon
1077140	1078320	j'avoue que je le fais jamais
1078320	1078920	mais en vrai
1078920	1079460	on est d'accord
1079460	1080720	le gars qui a fait
1080720	1082400	le plus de comédies
1082400	1083600	vraiment hilarantes
1083600	1084920	et qui est le plus
1084920	1085960	c'est Will Ferrell
1085960	1086200	ouais
1086200	1087000	ouais ouais
1087000	1087840	je pense que
1087840	1088600	en fait
1088600	1089740	il est vraiment
1089740	1091020	il est avec
1091020	1092820	Jim Carrey
1092820	1093520	ça se joue quoi
1093520	1095600	moi je pense que
1095600	1096400	de fait
1096400	1097320	vu ma génération
1097320	1097900	ça sera plus
1097900	1098680	Jim Carrey
1098680	1099780	et j'ai grandi avec
1099780	1101560	mais Ferrell
1101560	1102280	c'est
1102280	1103620	c'est
1103620	1104420	une autre planète
1104420	1105260	il est
1105260	1106460	ailleurs
1106460	1107280	en termes de jeu
1107280	1108060	il est
1108060	1109540	tu vois
1109540	1110300	j'en ai parlé
1110300	1110700	avec ma mère
1110700	1111240	qui m'a dit
1111240	1112740	que Steve Carell
1112740	1113880	elle est placé
1113880	1114720	Steve Carell très haut
1114720	1116720	mais
1116720	1117900	je sais pas
1117900	1118680	je le trouve plus
1118680	1119680	lui on dirait
1119680	1120300	qu'il a tout de suite
1120300	1121420	changé sa palette
1121420	1122000	qu'il est allé
1122000	1122680	c'est juste que
1122680	1122960	il a
1122960	1123620	pour moi il y a
1123620	1124060	un un
1124060	1126980	en termes de drôlerie pure
1126980	1128060	mais juste
1128060	1129000	Steve Carell
1129000	1129280	il a
1129280	1130820	toute une série
1130820	1131420	où il est incroyable
1131420	1131860	Will Ferrell
1131860	1132440	il a jamais eu
1132440	1132980	de grosse série
1132980	1135020	mais il a qu'un film
1135020	1135960	où il est en lead
1135960	1136880	et c'est le plus fort
1136880	1137780	c'est 40 ans
1137780	1138340	toujours plus haut
1138340	1139500	où il est incroyable
1139500	1140020	tout le film
1140020	1140500	mais sinon
1140500	1141300	il a pas fait
1141300	1142080	beaucoup de bons films
1142080	1142360	en fait
1142360	1143000	Steve Carell
1143000	1143540	en solo
1143540	1144480	il a fait beaucoup
1144480	1144780	ouais ouais
1144780	1145320	et c'est souvent
1145320	1146280	on supporte
1146280	1147800	qu'il est bon quoi
1147800	1148540	ouais ouais
1148540	1149320	bah donc
1149320	1150180	tu vois dans
1150180	1151160	Bruce Tout-Puissant
1151160	1153060	il est incroyable
1153060	1155120	après moi
1155120	1155540	je t'avoue
1155540	1156000	que je l'aime bien
1156000	1156460	dans des films
1156460	1157080	qui sont pas
1157080	1158680	qui sont pas comiques
1158680	1159320	c'est depuis
1159320	1160040	qu'il en est sorti
1160040	1160380	que j'aime bien
1160380	1160580	tu vois
1160580	1161620	des comédiens romantiques
1161620	1162220	ou des
1162220	1162620	ah ouais non
1162620	1162900	il est
1162900	1163320	de toute façon
1163320	1163980	c'est un putain d'acteur
1163980	1164600	même le film
1164600	1165000	où il fait
1165000	1166400	le gars qui joue
1166400	1168040	le lutteur
1168040	1169120	il est ouf
1169120	1170320	ouais
1170500	1171240	il fait vraiment peur
1171240	1172800	un film avec
1172800	1173520	Juliette Binoche
1173520	1175960	où il est
1175960	1177680	il joue un veuf
1177680	1179100	c'est très très cool
1179100	1180100	une bonne comédie romantique
1180100	1180340	aussi
1180340	1181980	putain cet épisode
1181980	1182620	culturel là
1182620	1183080	on vous fait
1183080	1183920	une reco confinement
1183920	1184500	ouais ouais
1184500	1184700	vous savez
1184700	1185940	ils vont avoir de quoi
1185940	1187840	de quoi se régaler
1187840	1189020	c'est de la culture
1189020	1189460	c'est du
1189460	1190520	c'est de la culture
1190520	1191600	c'est du Cinoche
1191600	1192620	eh de la bonne Péloche
1192620	1193140	bienvenue à
1193140	1194460	Plutôt Cinoche
1194460	1195480	Plutôt Péloche
1195480	1196380	Plutôt
1196380	1197200	Passion Cinoche
1197200	1198080	Plutôt Péloche
1198080	1198440	on est
1198440	1199260	Plutôt
1199260	1200480	Plutôt Péloche
1200500	1201780	Plutôt Péloche
1201780	1202520	on est
1202520	1203880	Plutôt Péloche
1203880	1204780	t'as regardé un cluset
1204780	1205760	depuis le début du confinement
1205760	1206040	non
1206040	1206680	j'arrive
1206680	1208280	je ne sais pas pourquoi
1208280	1209100	j'ai du mal à regarder
1209100	1209840	des trucs français
1209840	1210800	en fait j'ai envie de m'écarter
1210800	1211840	de la réalité de la France
1211840	1212820	je suis vraiment braqué
1212820	1213900	sur les Etats-Unis
1213900	1214220	ah ouais
1214220	1215760	enfin moi j'avoue que là
1215760	1217240	je suis en plein
1217240	1218580	entre le bureau des légendes
1218580	1220600	et toute la rétrospective
1220600	1222540	de films policiers
1222540	1223280	polars français
1223280	1223860	bien burnés
1223860	1224380	à la Marshall
1224380	1226240	je me régale
1226240	1226980	j'en ai fait plein
1226980	1227700	ils ont repassé
1227700	1228320	des Melville
1228320	1229160	il y a du
1229160	1230240	il y a du MR60
1230500	1231020	13
1231020	1232760	c'est une bonne transition
1232760	1233920	Melville entre les Etats-Unis
1233920	1234300	et la France
1234300	1235400	je pense que je passerai par lui
1235400	1235900	c'est à dire qu'après
1235900	1236760	que je me suis fait
1236760	1237520	après m'être fait
1237520	1238260	toutes les grosses
1238260	1239440	comédies américaines
1239440	1240600	je vais me passer
1240600	1241680	par le Cercle Rouge
1241680	1242820	et peut-être
1242820	1244480	le Deuxième Souffle
1244480	1245940	et puis aussi
1245940	1246300	celui
1246300	1247040	le meilleur
1247040	1247980	l'Armée des Ombres
1247980	1248840	qui est incroyable
1248840	1249300	ah ouais
1249300	1250640	et après
1250640	1251460	peut-être je me remets
1251460	1252060	mais le problème
1252060	1252500	c'est que quand je suis
1252500	1253140	dans les films français
1253140	1253700	j'en sors plus
1253700	1254560	pendant deux semaines
1254560	1255520	c'est ça
1255520	1256520	il y a des autres sessions
1256520	1256780	je peux descendre loin
1256780	1257240	je peux aller
1257240	1258340	dans des
1258340	1259560	des Pierre Richard
1259560	1260420	inconnus
1260420	1261040	je peux tomber
1261040	1261840	dans des merdes
1261840	1262760	parce qu'en fait
1262760	1263460	moi je suis vraiment
1263460	1265300	un gars des acteurs
1265300	1266220	c'est à dire que même
1266220	1267460	si le film
1267460	1267920	il est nul
1267920	1268520	mais que l'acteur
1268520	1269080	je le kiffe
1269080	1269760	franchement
1269760	1270260	je vais le regarder
1270260	1273800	bon
1273800	1275120	alors écoute
1275120	1276820	là on est sur
1276820	1277660	on est quoi
1277660	1278280	J15
1278280	1279880	J16
1279880	1280360	je ne sais plus
1280360	1280920	il faudra que je compte
1280920	1281720	je voulais remercier
1281720	1283700	la super newsletter
1283700	1284200	AA
1284200	1284940	qui
1284940	1286000	et oui c'est ça
1286000	1286460	que je voulais dire
1286460	1287020	exactement
1287020	1288620	qui toutes les semaines
1288620	1289680	fait un récapitulatif
1289680	1290300	de tout ce qui se passe
1290300	1290400	en France
1290400	1290420	et qui est un peu plus
1290420	1290720	en humour
1290720	1292020	qui avait déjà cité
1292020	1292540	Passion Clusée
1292540	1293140	il y a deux semaines
1293140	1294160	enfin il y a quelques semaines
1294160	1295220	ah ouais
1295220	1295600	ouais
1295600	1297560	pour l'épisode 3
1297560	1298400	de Passion Clusée
1298400	1299540	et qui là
1299540	1300100	nous a cité
1300100	1301140	pour plutôt confiné
1301140	1301980	confiné
1301980	1302220	et
1302220	1303600	confiné
1303600	1305180	alors ça
1305180	1305840	celle-là
1305840	1306440	elle n'est pas banale
1306440	1306740	celle-là
1306740	1307500	elle n'est pas banale
1307500	1308340	mais l'absence
1308340	1309080	révélateur
1309080	1310100	c'est révélateur
1310100	1312160	c'est révélateur
1312160	1313400	tu fermes ta gueule
1313400	1314320	ça je déteste
1314320	1315160	les gens qui disent ça
1315160	1316020	t'as dit un truc
1316020	1316940	c'est révélateur
1316940	1317220	l'absence
1317220	1318940	l'absence révélateur
1318940	1319420	non non non
1319420	1320160	stop tout le monde s'arrête
1320160	1320400	c'est révélateur
1320420	1320700	c'est révélateur
1320700	1321180	ce qu'il a dit là
1321180	1321620	c'est sûr
1321620	1322600	il le pensait
1322600	1323400	si si
1323400	1324180	c'est révélateur
1324180	1325540	il a révélé là
1325540	1326260	c'est révélateur
1326260	1329420	c'est sûr
1329420	1329780	et alors
1329780	1331480	tu disais quoi ?
1331480	1332460	je disais que
1332460	1334100	tu peux citer
1334100	1334940	s'il te plaît
1334940	1336860	remarquable
1336860	1337640	régularité
1337640	1338000	je crois
1338000	1338900	c'était la phrase
1338900	1339320	ah
1339320	1340020	alors c'est ça
1340020	1340320	qui m'a
1340320	1340520	voilà
1340520	1341340	c'est vraiment
1341340	1342000	ce qui m'a marqué
1342000	1342400	moi dans
1342400	1343040	la A
1343040	1344780	c'est qu'ils disent
1344780	1346680	en effet
1346680	1347380	que nous sommes
1347380	1348580	d'une remarquable
1348580	1350100	régularité
1350100	1350380	et
1350420	1350900	alors
1350900	1351740	ils parlent bien sûr
1351740	1352320	depuis le début
1352320	1352920	du confinement
1352920	1353600	mais c'est bien
1353600	1354520	enfin
1354520	1356120	enfin
1356120	1357280	on soit
1357280	1359300	enfin reconnu
1359300	1360200	à notre juste valeur
1360200	1361280	voilà
1361280	1362300	régulier
1362300	1362980	pourri
1362980	1363940	oui
1363940	1365220	raciste
1365220	1366140	peut-être
1366140	1366480	oui
1366480	1368540	mais régulier
1368540	1369660	tous les jours
1369660	1370780	Urbain et Clément
1370780	1371460	se racontent
1371460	1372000	leur confinement
1372000	1372620	au téléphone
1372620	1373480	font le point
1373480	1374160	sur leur journée
1374160	1374740	dans la lignée
1374740	1375560	de leur digression
1375560	1376720	de plutôt caustique
1376720	1378400	une régularité
1378400	1379920	exemplaire
1379920	1380120	exemplaire
1380420	1380840	exemplaire
1380840	1383780	avec 12 épisodes
1383780	1384760	comme un journal de bord
1384760	1385500	de cette période
1385500	1386240	étrange
1386240	1387680	voilà
1387680	1388560	alors
1388560	1389560	ça c'est
1389560	1390240	une newsletter
1390240	1391040	sur laquelle
1391040	1391880	vous pouvez vous inscrire
1391880	1392760	que vous le recevrez
1392760	1393300	tous les dimanches
1393300	1393880	c'est
1393880	1394880	H A H A
1394880	1395960	H A H A
1395960	1397080	et je peux vous dire
1397080	1398020	que moi vous connaissez
1398020	1399060	je suis un comédie nerd
1399060	1400520	je fouille tout ce qu'il y a
1400520	1401240	à droite à gauche
1401240	1402100	et ben eux
1402100	1403000	toutes les semaines
1403000	1403500	ils me surprennent
1403500	1404040	toutes les semaines
1404040	1404340	ils trouvent
1404340	1405340	alors eux en terme de rire
1405340	1406460	on peut dire que c'est pointu
1406460	1407880	il y a du apatho
1407880	1408740	il y a du podcast
1408740	1409640	après il y a du film
1409640	1410240	de la série
1410240	1411560	il y a du stand-up
1411560	1412620	il parle de Mac Maron
1412620	1413620	Mac Maron c'est génial
1413620	1414620	c'est vraiment
1414620	1416120	si vous aimez rire
1416120	1417360	je sais pas si vous aimez rire
1417360	1418440	mais si vous aimez rire
1418440	1420220	dans toutes ses formes
1420220	1421240	amateur de rire
1421240	1422940	ne passez pas votre chemin
1422940	1424460	d'ailleurs
1424460	1425360	on fera un jour
1425360	1426200	ce classement
1426200	1426840	des
1426840	1429120	des médiums du rire
1429120	1430020	j'y pense souvent
1430020	1432300	oh t'es chiant toi
1432300	1433760	c'est quoi ça un médium
1433760	1434820	ben je veux dire
1434820	1437120	par exemple
1437120	1439780	les films là
1439780	1440220	je me tape des films
1440240	1440900	des bonnes comédies
1440900	1442200	mais je vous en avais déjà parlé
1442200	1443660	mais je pense que c'est
1443660	1445220	c'est loin d'être
1445220	1446500	mon médium de rire préféré
1446500	1446980	par exemple
1446980	1447580	le podcast
1447580	1448160	et même
1448160	1448940	et internet
1448940	1449720	c'est au-dessus
1449720	1452200	tu vois ce que je veux dire
1452200	1454240	oui moi c'est
1454240	1454880	les sandwiches
1454880	1456020	c'est les sandwiches
1456020	1456860	où tu rigoles le plus
1456860	1457660	oui
1457660	1458440	après il y a des noms
1458440	1459420	très rigolos
1459420	1460140	au subway
1460140	1462640	souvent je me marre
1462640	1463580	oui quand on me dit
1463580	1464160	BLT
1464160	1464740	BLT
1464740	1465400	je me marre
1465400	1466720	Pastrami
1466720	1468040	je me marre
1468040	1469960	des fois ne serait-ce que
1469960	1470220	l'interview
1470240	1470800	d'un sandwich
1470800	1471160	c'est rigolo
1471160	1472220	et ben c'était chiant
1472220	1472600	ce débat
1472600	1473240	donc ça pour dire
1473240	1474000	que je sais pas
1474000	1474640	finalement il y a
1474640	1477220	je me rendais compte
1477220	1478180	que je consommais le rire
1478180	1479280	de énormément
1479280	1480140	de façons différentes
1480140	1480520	et qu'il y en a
1480520	1481360	de plus en plus en fait
1481360	1483400	ben ouais ouais
1483400	1484080	mais moi ça reste
1484080	1485120	principalement les films
1485120	1486020	et les bons bouquins
1486020	1487060	je dois reconnaître
1487060	1487800	que les bons bouquins
1487800	1488480	tu vois les bouquins
1488480	1489460	c'est rare
1489460	1490300	que je me marre
1490300	1490880	sur un bouquin
1490880	1491940	non non
1491940	1492400	en vrai
1492400	1493860	il y a
1493860	1496320	quelques auteurs
1496320	1497400	comme ça
1497400	1498480	tu vois
1498480	1499440	genre Nick Hornby
1499440	1500220	ou Welbeck
1500240	1501960	mais j'ai des fous rires
1501960	1502580	ah non mais Welbeck
1502580	1503420	j'ai des vrais fous rires
1503420	1503800	par contre
1503800	1505180	mais tu vois
1505180	1506800	par contre ça part quoi
1506800	1507300	Welbeck
1507300	1508520	il y a des scènes
1508520	1508920	qui me
1508920	1510220	vraiment me tuent
1510220	1511280	non mais je veux dire
1511280	1511680	par exemple
1511680	1512340	en roman
1512340	1513620	bon c'est vraiment pas là
1513620	1514380	où je m'y connais le plus
1514380	1515580	mais des romans
1515580	1516980	tournés comme des comédies
1516980	1517360	je veux dire
1517360	1518480	vraiment dont le seul but
1518480	1519280	c'est de
1519280	1520440	c'est de
1520440	1521320	te faire rire
1521320	1522480	en tout cas d'être un peu amusant
1522480	1523240	j'en connais pas beaucoup
1523240	1524480	alors que ça pourrait me passionner
1524480	1525940	et ben je vous ferai
1525940	1527640	je vous passerai une petite liste
1527640	1528060	si vous voulez
1528060	1528480	voilà
1528480	1529320	à part San Antonio
1529320	1529960	je rigole encore
1529960	1530440	à San Antonio
1530440	1530920	comme un con
1530920	1531180	mais
1531180	1532660	ah ouais
1532660	1533700	alors ça moi
1533700	1534540	j'en ai jamais lu
1534540	1535240	par contre j'avoue
1535240	1537540	c'est un mélange
1537540	1538300	entre odiar
1538300	1539020	et
1539020	1540820	et c'est assez rigolo
1540820	1541160	en fait
1541160	1541920	faut s'y mettre
1541920	1542940	c'est assez rigolo
1542940	1543680	en vrai
1543680	1545480	ah bien
1545480	1546060	ben écoute
1546060	1547220	là on est rechargé
1547220	1547980	là tu m'as rechargé
1547980	1548460	les batteries
1548460	1549340	ben tu vois
1549340	1549980	parlons du rire
1549980	1550560	parlons de culture
1550560	1551440	demain on vous reparlera
1551440	1551980	de nos problèmes
1551980	1552620	et c'est bien
1552620	1553420	on a parlé d'autres choses
1553420	1553900	ben hé
1553900	1554620	on a quand même parlé
1554620	1555720	de ton transit intestinal
1555720	1556940	donc on est
1556940	1557540	tu vois
1557540	1558240	c'est vrai
1558240	1559180	on est des touche à tout
1559180	1559700	ok
1559700	1559940	ok
1559940	1589940	
1589940	1590520	5 minutes de bonheur
1590520	1591120	mes petits salauds
1591120	1592180	et ben vous allez vous régaler
1592180	1593320	les connards
1593320	1593900	allez
1593900	1595380	salut Paris 20
1595380	1595800	à demain
1595800	1596700	salut Paris 18
1596700	1597160	à demain
1597160	1602760	et
1602760	1603920	et
1603920	1605020	et
1605020	1606020	et
1606020	1607020	et
1607020	1607260	et
1607260	1607300	et
1607300	1607320	et
1607320	1607340	et
1607340	1607360	et
1607360	1607380	et
1607380	1607400	et
1607400	1607420	et
1607420	1607480	et
1607480	1607500	et
1607500	1607520	et
1607520	1607540	et
1607540	1607560	et
1607560	1607580	et
1607580	1607600	et
1607600	1607620	et
1607620	1607640	et
1607640	1607660	et
