start	end	text
560	1460	Allo, allo.
2060	3800	Allo, comment ça va ?
3800	8000	Bonjour, ici Paris 20ème, est-ce que vous me recevez ?
8540	11900	Paris 20ème, je vous reçois. Ici Paris 18, Paris au combat.
12620	17960	Alors écoutez, nous sommes le jour 1, lundi 16 mars, il est 18h20,
18700	24180	et je vous appelle pour vous demander un peu comment s'est passé votre première journée de confinement.
25180	28760	Très très bien, simplement nous avons mangé la moitié des rations.
30000	33740	La moitié des...
33740	36580	En termes de combien de repas t'as fait ?
36580	43700	J'avais prévu pour 30 repas, et j'ai mangé hier l'équivalent de 15 repas.
44520	47840	Ah, 30 repas, donc 15 repas en une journée aujourd'hui.
48700	53200	C'est ça, en comptant que normalement je ne devrais pas avoir trop faim jusqu'à ce soir,
53200	56160	demain, bon là j'ai un petit creux mais...
56160	58260	Bon voilà, en fait j'avais compté...
58260	61620	J'avais compté prendre de l'avance et ça n'a pas marché.
61820	64240	Stratégie peu payante, au cas où je peux...
64240	68600	D'accord, donc tu t'es dit, si je mange tout maintenant, ça peut tenir une semaine,
68700	69360	en fait pas du tout.
69420	72560	Hop, j'ai plus besoin de bouger pendant 15 jours, c'est faux, j'ai refain.
73380	76240	T'as tenté une sorte d'hibernation, la technique de l'ours.
77200	81580	Voilà, alors j'ai dormi, ça c'est sûr, mais de bonne sorte.
82860	85000	T'as pris du poids aussi, comme un ours ?
85000	88000	Un peu, oui, mais j'ai ce petit truc aussi, c'est vrai que quand je me réveille,
88000	89940	moi j'ai un petit creux.
90580	92440	Bah normal, attends, bien sûr.
93320	96420	La petite boostify du réveil, quoi.
97080	102780	Mais bon, alors voilà, c'est aussi mon rôle, je pense, en tant que médiateur,
102900	106000	en tant que personne qui donne la parole, de faire des erreurs.
106840	110240	Donc ne le faites pas, voilà, rationnez, rationnez.
110800	116000	Bon, et du coup, toutes ces calories emmagasinées, est-ce que du coup tu vas développer pour...
116000	116440	Est-ce que tu vas développer pour...
116440	117800	A priori, on ne sait pas encore.
117840	117980	On ne sait pas encore.
118000	121060	Le président va parler ce soir, mais peut-être six semaines de confinement.
121420	126000	Est-ce que tu vas développer une routine sportive ?
126520	131920	Oui, alors le matin, bon, au matin on n'est pas bien, donc bon, zéro pompe.
133880	137360	À midi, il ne faudrait pas risquer le claquage.
137500	140340	Attends, attendez, je note, je peux faire la même.
140780	142340	Non, oui, non, notez, c'est important.
142340	143200	Vous dites zéro pompe, c'est bien.
143680	143960	Zéro.
144840	145240	Zéro.
146240	147080	Vers midi.
147080	148180	Prêt le repas.
148560	149380	Prêt le repas, quoi.
149780	151220	Bon, là, vous êtes chauds, donc là, vous êtes bien.
155800	156800	Zéro squat.
157340	159400	Vraiment, pas de squat.
163240	164660	Ok, c'est noté.
165280	167780	Et le soir, et ça, j'y tiens.
168080	169660	Alors là, mordicus.
170500	171900	On ne peut pas y couper.
171900	176160	Non, parce qu'on en connaît, des gars qui ont les zéro pompe.
177080	181600	Après, ils font les zéro squat, mais le soir, hop, ils voient une barre de traction, et
181600	182060	bam, voilà.
182200	183400	Ben ouais, bien sûr, bien sûr.
183460	186560	Donc, zéro traction, auquel je rajouterai zéro abdo le soir.
186940	187040	Voilà.
187040	187680	D'accord, d'accord.
188140	189880	Donc ça, pendant quinze jours.
190420	190660	Quinze jours.
191120	191980	Vous voyez les effets.
192660	200840	Si ça commence à picoter dans le cœur, et que votre conjoint refuse non seulement de
200840	205540	dormir avec vous, mais aussi de vous regarder, c'est que vous êtes sur le bon chemin.
205540	206960	D'accord.
207080	210120	Donc là, c'est que, c'est que, ben, les efforts paient, quoi, à un moment.
210120	212520	Et il faut attendre quinze jours.
212520	214200	Ça, c'est sûr que ça va pas se faire tout de suite.
214200	215200	D'accord.
215200	216200	C'est le problème.
216200	219700	C'est qu'on attend de voir des effets tout de suite, nous.
219700	221520	Ben oui, mais c'est la volonté aussi.
221520	223760	C'est aussi une histoire de volonté.
223760	229760	Je veux dire, si les gens sont prêts à suivre un programme, ils le suivent jusqu'au bout.
229760	230760	Voilà.
230760	231760	Ne vous lancez pas dedans.
231760	232760	Ouais, ouais.
232760	237040	Le mental dans ce confinement va être crucial, quoi.
237080	240320	Le vingtième, le vingtième, je vous reçois moins bien.
240320	242320	Je sais pas ce qui se passe.
242320	243320	Ah, merde.
243320	248480	Allô, alors, est-ce que vous m'entendez ? Oui, vous savez qu'une connexion Internet
248480	250320	optimale, c'est primordial pour un bon confinement.
250320	254680	Alors, moi, c'est vrai que là, ça va peut-être être le problème pour ce petit journal de
254680	256720	bord plutôt caustique, c'est que ma connexion est pourrie.
256720	259760	Donc, si ça marche pas, on changera de technique.
259760	265080	De toute façon, moi, je vous laisse bientôt parce que j'ai pas de traction à faire.
265080	266080	D'accord.
266080	267080	Ben oui.
267080	269960	On va continuer avec vous du côté tout ce qui est hygiène maintenant.
269960	271960	Oui, alors, j'ai pris une…
271960	275080	Y a-t-il eu douche ? Y a eu douche hier.
275080	276080	Bravo.
276080	277080	C'est bien.
277080	278080	Fin de l'hygiène.
278080	282640	Je compte vivre sur cette douche.
282640	287000	Non, mais après, ça dépend si je dois recevoir un livreur.
287000	292320	Bon, je ferai un effort, un petit coup de axe, peut-être quelque chose.
292320	293320	Bien sûr.
293320	294320	Bien sûr.
294320	295320	C'est sympa.
295320	296320	Mais on va pas… on va pas épuiser l'eau.
296320	297560	D'accord.
297560	298560	Voilà.
298560	299560	D'accord.
299560	300560	C'est tout ce que j'ai à dire.
300560	301560	OK.
301560	302560	Donc, on part pour l'instant.
302560	303560	C'est bien.
303560	306320	Donc, pour l'instant, on est sur jour 1, zéro douche.
306320	307320	D'accord.
307320	313640	J'estime aussi que cette non-douche est une… c'est une… une précaution que je
313640	318320	prends au cas où… parce qu'on connaît les… bientôt, ce sera la panique.
318320	323320	Il y aura beaucoup de femmes dans la rue qui chercheront à se reproduire et qui chercheront
323320	324320	un abri.
324320	328080	Et qui arriveront à lécher par l'odeur de mes victuailles.
328080	331560	Et elles demanderont à se reproduire avec moi.
331560	334560	Et de tes pères romans, visiblement, aussi.
334560	335560	Voilà.
335560	340880	Et donc, il faut que je puisse les… les repousser à la manière d'un putois avec…
340880	341880	par fidélité.
341880	344320	C'est pour ma femme que je… que je… voilà.
344320	345320	D'accord.
345320	346320	C'est une technique.
346320	347320	D'accord.
347320	348320	J'ai compris.
348320	349320	J'ai bien compris.
349320	352320	Mais bon, vous les connaissez, ces garces qui nous ont tout pris et qui ne reculent devant
352320	353320	rien.
353320	354320	Rien du tout.
354320	355320	Rien du tout.
355320	359200	Elles sont capables quand même de… de me faire flancher.
359200	360200	Alors…
360200	361200	D'accord.
361200	362200	Alors, je reste droit.
362200	363200	Bien.
363200	366200	Et puis, bah écoutez, pour terminer, parce que là, clairement, je pense que…
366200	367200	On va vous parler à un expert.
367200	368200	Vous allez pas tenir 45 jours comme ça.
368200	369200	Je vois ça.
369200	372640	À 20 heures, notre président va venir nous parler.
372640	375640	Je pense qu'il va engueuler les gens qui sont allés se promener dans les parcs comme
375640	378080	des abrutis tout le week-end.
378080	381880	Est-ce que vous pensez qu'il va mobiliser l'armée ? Et qu'est-ce qu'il va nous dire
381880	382880	ce soir, le président ?
382880	388060	Le président, il va mobiliser l'armée et il va nous faire… il va nous engueuler
388060	392180	comme un papa, à la manière de « je suis pas énervé, mais je suis un peu déçu ».
392180	397400	Et vous allez quand même… vous allez quand même chier dans la colle, quoi.
397400	401880	Bah oui, pour une fois qu'on peut l'écouter, je sais pas.
401880	403600	On va voir.
403600	404600	Mais je le connais.
404600	406600	Il va nous faire une Hollande.
406600	410880	Les présidents détestés comme ça, ça adore les crises parce qu'ils sont sûrs qu'ils
410880	412880	vont pouvoir remonter leurs codes de popularité.
412880	413880	Ou je sais pas quoi.
413880	414880	Donc il va en faire des tonnes.
414880	418380	Et ça va être ridicule.
418380	420880	Déjà que c'était la ridicule, là il va refaire le ridicule.
420880	424000	Il aurait dû dire que c'était de sa faute déjà, qu'il aurait jamais dû maintenir
424000	428000	les élections, qu'il aurait dû faire prendre des mesures plus tôt.
428000	430120	Mais je pense qu'il va se la raconter.
430120	433880	L'heure est grave, la voix calme, le père apaisant.
433880	438120	Sauf que toi, t'as 24 ans, donc ça marche pas, le coup du papa.
438120	441880	Tu ferais mieux de jouer le… il ferait mieux de jouer le jeune dans des pubs pour la banque.
441880	442880	Eh salut les gars !
442880	443880	Le jeune frère peut-être.
443880	446880	Peut-être qu'il pourrait jouer le grand frère.
446880	448880	Ouais, ou le cousin cool.
448880	451880	Pas le papa en tout cas, ça ne lui va pas du tout.
451880	452880	Très bien, bon bah écoutez…
452880	453880	Mais j'espère !
453880	455880	Je sais bien que vous avez des… ouais.
455880	459880	Mais j'espère qu'ils vont envoyer l'armée afin de réguler toute cette racaille islamo-gauchiste
459880	460880	qui s'est mise.
460880	462880	Bien sûr, bien sûr, bien sûr.
462880	464880	Ça tombe sur le sens.
464880	467880	Écoutez, j'ai bien l'impression quand même que ça reste très compliqué en termes
467880	468880	d'audio.
468880	469880	Vous avez du mal à m'entendre.
469880	470880	Donc…
470880	471880	Oui.
471880	472880	Et c'est la guerre.
472880	473880	Donc ce qu'on va faire c'est que…
473880	474880	Et c'est la guerre.
474880	479380	On est dans des conditions presque… presque de… ben finalement de couvre-feu.
479380	483960	Mais on trouvera un moyen pour les prochains… les prochaines petites… comment on peut
483960	486880	appeler ça ? Des petites… petites pastilles finalement.
486880	488880	Des pastilles et des pastillas.
488880	489880	Voilà.
489880	490880	Pastillos.
490880	493880	Voilà, un autre… un autre petit moyen de communication.
493880	494880	Je vous laisse.
494880	497880	Écoutez, je pense que… qu'est-ce que vous mangez ce soir ?
497880	498880	Principalement…
498880	499880	Je pense que…
499880	500880	Je pense que…
500880	502880	Je pense que j'ai vraiment mes propres rots.
502880	503880	Je pense que j'ai…
503880	504880	Et vous, c'est bien ?
504880	505880	Voilà.
505880	506880	C'est bien vous ?
506880	507880	Non, non, je ne sais pas.
507880	508880	Non, le soir je fais léger.
508880	509880	Je fais une petite soupe avec un peu de lard, du pain, du fromage…
509880	510880	Un peu de vin rouge dedans.
510880	511880	Un peu de vin rouge pour faire chabot.
511880	512880	La soupe quoi.
512880	513880	Voilà.
513880	514880	La petite soupe quoi.
514880	515880	Voilà.
515880	516880	Alors peut-être un petit film, une petite série, un petit truc ?
516880	517880	Je vais finir, prends l'oseille et tais-toi de Woody Allen.
517880	518880	Et après, je vais faire un petit film.
518880	519880	Je vais faire un petit film.
519880	520880	Je vais faire un petit film.
520880	521880	Je vais faire un petit film.
521880	522880	Je vais faire un petit film.
530880	531880	Et après, je me fais du Polanski.
531880	533420	Je me fais un cycle pédophile.
533420	534420	Voilà.
534420	541880	C'est confinement et pédophilie, c'est la nouvelle signature d'Urbain Courtier.
541880	542880	Merci.
542880	543880	Merci à tous.
543880	549380	N'hésitez pas à nous écouter, à réécouter des vieux Plutôt Caustiques.
549380	553120	J'ai moi-même réécouté ce matin l'École Buissonnière que j'avais totalement oublié.
553120	554120	J'ai bien ri.
554120	555120	Voilà.
555120	556120	Je vous souhaite une bonne soirée et puis on se rappelle bientôt.
556120	557120	Merci beaucoup de vos questions.
557120	558120	Fin du…
558120	559120	Et à très bientôt.
559120	560120	Fin du jour.
560120	560620	Fin du jour.
560620	560720	Au revoir.
560880	561220	Fin du jour.
561220	561720	Fin du jour.
561720	562220	Allez, au revoir.
562220	563220	Au revoir.
563220	563280	Au revoir.
