start	end	text
0	7320	Allez, on va appeler l'autre bonichon, l'autre madame.
7800	9960	Pour moi, c'est pas un monsieur, pour moi, c'est une madame.
10280	12220	Il a rien dans le front que ce mec.
12960	15000	Rien du tout. Rien du tout.
16560	19640	Pardon, excusez-moi, j'ai un petit chat du sud dans la gorge.
20700	24420	Tout devrait être remis en ordre.
26320	27680	Eh, Paris 18 !
27680	30560	Eh, Paris 20 ! Eh, Paris 20 !
30560	36760	Toi, au fond de ton vingtième, est-ce que j'ai bu tout à fait ?
36760	38700	Déjà ?
38700	40420	Ouais, ouais, j'ai attaqué un peu plus tôt.
41480	43720	T'as bien raison, là, c'est un peu le drame.
44380	45600	C'est la fin du cubier, figure-toi.
46000	49600	J'ai connu ça il n'y a pas longtemps, et en fait, je me suis dit,
49700	53900	bon, plus d'alcool, donc dimanche, quand j'ai fait les courses, j'en ai pas pris.
54760	55120	Très con.
55880	56440	Assez con.
56840	57120	Et du coup...
57680	60580	Hier, je me suis dit, ouais, quand même, un peu envie d'alcool.
61200	65540	Et j'ai regardé ce que j'avais, et j'avais une petite bouteille de chouchaine
65540	68580	que j'avais jamais goûtée, qui me traînait dans mon frigo.
69460	74140	Et c'était quand j'étais allé faire une date en Bretagne, que des gens me l'avaient offerte.
74300	76860	Et je ne savais pas, en fait, du tout ce que c'était le chouchaine.
76940	77560	Moi, je n'en avais jamais bu.
78200	80300	Tu veux dire quand tu étais en gala ?
80300	81960	Quand j'étais en gala, un très gros gala.
81960	87560	La plus grosse date que j'ai faite de ma vie, c'était pour une association d'étudiants,
87680	90380	qui fêtait leur graduation.
90700	91880	Oui, bien sûr, je me souviens.
92040	95240	Et il y avait quand même mille personnes.
99400	102240	C'était quoi déjà ? C'était une école ? Une fac ?
102240	105160	Oui, une école d'ingénieurs, un truc comme ça.
105580	109940	Et en gros, ce qui s'était passé, c'est que je n'avais pas encore mon spectacle.
109940	111880	J'étais en train de le rôder, mais j'avais 30-40 minutes.
112080	113680	Et il m'avait dit, on était genre en août.
114380	117580	Et puis il m'avait dit, en novembre, il faudrait qu'on ait une heure.
117680	119940	Et j'ai dit, je ne serai pas prêt.
120320	122180	Et ils m'ont dit, non, mais c'est payé ça.
122520	123360	J'ai dit, bon, ok.
124220	127640	Du coup, c'est ce qui fait que j'ai un spectacle depuis.
128040	132380	Et quand tu dis ça, c'était un carton de bouteille de Fluchen ?
132380	135280	Non, non, c'était une belle somme.
136100	137760	Et du coup, ça m'a permis...
137760	139860	Excuse-moi, est-ce qu'elle était coquette ?
139860	141420	C'était une coquette somme, oui.
141880	144820	C'est bien ça, généralement coquette, tu dis oui.
145180	146480	Oui, vu que c'était coquet.
147680	149040	Vous connaissez, j'adore l'argent.
149660	150300	Non, mais en vrai...
150300	153580	Encore une fois, une somme pas coquette, moi, je réfléchis.
153680	154960	En vrai, je vais vous le dire, ce n'est pas l'argent.
155120	157540	Parce que l'argent, j'en ai plein.
158040	160080	Ce n'est pas vrai, mais j'en ai plein mon cœur.
160340	161960	Non, mais c'était un bon moyen de vous roder,
162180	164100	un bon moyen de vous tester face à beaucoup de monde.
164460	166700	En vrai, c'était le défi, plus qu'il m'a appelé.
166780	167860	Tu me connais, je suis un homme de défi.
168320	171140	Par exemple, on m'a dit, fais un podcast inutile avec un connard.
171420	172600	J'ai sauté sur l'occasion.
173000	173880	Bon, ben voilà, là, on m'a dit...
173880	176080	Et tu l'as fait, et tu l'as fait, et tu n'as pas rechigné.
176260	177220	Et ça, c'est beau.
177540	179000	Ça, c'est une belle mentalité, tu vois.
179020	179080	Merci.
179740	182580	Et il y a beaucoup de gens, tous les gens du podcast français m'appellent.
182640	184220	Mais pourquoi tu es avec ce con ?
184220	184960	Viens avec moi.
184980	186480	Bien sûr, bien sûr, bien sûr.
186620	189460	Henri Michel, Flaubert, Marc Maron, régulièrement.
189860	191320	Marc Maron, tu as appelé du...
191320	194240	What are you doing with this asshole ?
194240	196660	Et je lui ai dit, listen Marc, I made a commitment.
197200	197840	Stop calling me, please.
197840	200440	Ben alors, moi, du coup, pour essayer de te rattraper,
200540	202220	je me fais une moustache comme Marc Maron.
202340	202840	J'essaye de...
202840	204120	Tu vois, je vais me remettre à la clope.
204200	205300	S'il faut, je le ferai.
205500	206680	Et tu fais tes efforts.
207080	207840	Mais, bref.
207920	208880	Et je fais mes efforts.
209340	211520	Je ne laisserai personne...
211520	214060	Alors, il y a deux choses que je ne laisserai personne dire.
214280	214420	Oui.
215080	217440	Première, je ne laisserai personne dire que je ne fais pas d'efforts.
217660	218380	J'espère que c'est clair.
218520	219400	Et la deuxième chose...
219400	219800	Deux primaires.
219820	222480	Je ne laisserai personne dire qu'il y a eu du retard sur le confinement.
223840	224160	Personne.
224160	224820	Alors, personne.
225520	225840	Jamais.
226220	226540	Pas une.
226540	229540	Et pas une personne dire qu'on n'est pas...
229540	231540	Exemplairement,
231540	233620	exemplairement, même si ça ne se dit pas, régulièrement.
233620	233720	Oui.
234860	235180	Exactement.
235660	235980	Exactement.
236200	236720	Tout ça pour dire...
236720	238320	Exemplaire.
238940	239260	Exemplaire.
239740	242600	Tout ça pour dire que, bon, alors, j'avais accepté le défi.
242740	244180	C'était compliqué de faire une...
244180	245780	Parce que le spectacle n'était pas très rodé.
245860	246220	Mais, bref.
246320	248320	Tout ça pour dire qu'il y avait des fans bretons
248320	250320	qui m'ont offert une bouteille de chouchaine que j'ai mis au frais
250320	252180	et que je n'avais pas touché depuis un an.
252360	253420	Et pour moi, la chouchaine,
253920	256580	j'en avais entendu parler, bien sûr, dans les chansons de Batmata.
257460	258920	C'est quoi ? C'est de la pomme ?
258920	260280	Eh bien, en fait, c'est du miel.
260280	263560	En fait, c'est le nom maintenant de l'hydromel, en fait.
263920	264920	Ah !
264920	267240	Ils auraient dû continuer à appeler ça l'hydromel,
267300	268100	qui est vachement classe.
268660	270060	Bien sûr, le nectar des dieux.
270280	270600	Bien sûr.
270860	273620	Moi, je voyais ça quand j'étais petit dans Astérix et les douze travaux,
274160	275460	qui parlaient d'hydromel.
275460	277420	D'ailleurs, j'ai prévu d'en faire de l'hydromel maison.
277620	278920	Je vais peut-être profiter du confinement, tiens.
280180	281540	Je trouve le nom assez classe.
281720	283200	Et du coup, pour moi, c'était fort, en fait.
283280	284720	Quand j'entendais chouchaine, truc de breton,
284860	285780	pour moi, c'était un truc de bourrin.
286120	287600	Et en fait, c'est juste un vin sucré
287600	288920	et que je trouve délicieux.
290280	293420	Un peu fort et qui, peut-être avec le sucre,
293980	294540	m'attaque la gueule assez rapidement.
294540	297280	Non, mais tu vois, bien sûr, en grattant comme ça,
297460	298940	moi, déjà, j'ai beaucoup de whisky,
299040	300420	mais je n'ai pas envie de boire que ça.
300940	303880	Et puis, en grattant, j'ai bien une bouteille de mousseux,
303880	306680	un peu de vin blanc et peut-être une bonne bouteille de rouge.
306840	309100	Mais je n'ai pas envie de tout claquer, tu vois.
309140	310040	Moi, pour le coup, je n'avais rien.
310180	311060	Je n'ai pas de cave.
312140	312880	Je n'ai pas de...
313440	315200	En fait, c'est un petit appartement chez moi
315200	316840	et puis souvent, je suis avec Madjul Sineh.
316940	319020	Elle, elle ne boit pas et elle déteste les gens.
320280	321780	Ce qui nous fait au moins un point commun.
322220	323200	C'est bien, c'est sympa.
323960	325300	Mais du coup, pas de cave.
325500	326840	Voilà, c'était vraiment le seul truc que j'avais.
328100	330040	Alors, par contre, j'ai peut-être fait une connerie
330040	333180	parce que M. Faroudia, la Farge, la Farouj,
333180	338240	a partagé aujourd'hui un site d'une espèce de traiteur.
340320	342540	Comment on dit quand ce n'est pas traiteur ?
342540	345380	Les magasins chers, les épiceries fines très chères.
345500	345840	Oui, oui.
346000	347520	C'est quoi le nom ?
347520	348360	Épiceries fines, oui.
348640	349180	Oui, ben...
350280	352180	Qui livre à Paris en ce moment
352180	354640	et qui n'a que des produits frais locaux
354640	358120	de fromage, de charcuterie, de vin.
358120	359060	Ça doit coûter un bras.
359340	361440	Je pense que tu en as plein, en fait, des mecs qui continuent à livrer.
361640	364500	Ben ouais, mais le site, il m'a fait tomber par terre.
364960	367280	Je suis très capable de foutre 80 balles là-dedans.
367860	369980	T'imagines si tu n'avais pas eu 130 balles de VPN,
370420	371400	ce que tu aurais pu faire ?
371400	372460	J'avoue, j'avoue.
372540	373540	Mais là, l'argent, ce n'est plus un problème.
373620	374380	De toute façon, il n'y en a plus.
375460	377380	On n'aura plus de salaire à la sortie de ce truc.
377880	379640	Donc là, moi, je ne suis plus dans le mode économie
379640	380120	parce que je me dis...
380120	380760	Je me dis que finalement,
381560	383840	peu importe combien tu as sur ton compte,
383920	385920	bientôt, les banques vont nous dire que ça ne vaut rien
385920	387200	puisqu'on n'a pas d'or.
387200	387660	D'accord, d'accord.
387820	390900	On en est là de l'analyse de la situation.
391220	391560	Ben oui.
392160	395500	Donc, est-ce que tu as commencé à chuter des lames ?
395500	400200	Non, mais tu sais, j'ai toujours dit...
400740	404300	Moi, qu'est-ce que je t'avais dit dans l'épisode de l'effondrement ?
404300	406880	Au premier signe que c'est vraiment la merde...
406880	407780	Ah non, non, mais tu as raison.
407920	408620	J'abandonne tout.
408940	410100	Donc moi, je ne vais pas faire semblant
410100	411160	de me battre.
411260	413920	Oui, alors après, tu vois, j'y ai repensé
413920	418400	et il y a un des apôtres de la collapsologie
418400	420040	dont j'ai oublié le nom, ça fait chier.
420140	421840	C'est un ancien ministre de gauche.
421840	423080	Yves Cochet.
423200	423820	J'ai vu son...
423820	425160	Il est trop content, ce connard.
425420	426460	J'ai vu un bout de l'article.
426460	427360	Mais oui, mais c'est normal.
427480	428080	J'avais raison.
428340	429680	C'est allé encore plus vite que ce que je pensais.
430060	430340	Connard.
430560	433100	Le mec, il a une longère autosuffisante.
434160	434860	Je pense qu'il a tout.
434940	437280	Il a des oeufs, il a un potager, il a de l'eau douce.
437280	440020	Il fait ce qu'il veut tout seul chez lui.
440100	441240	Il se prépare depuis des années.
441400	442660	Tout le monde se fout de sa gueule en disant
442660	446200	« Dis donc Yvon, t'as pété une durite, qu'est-ce que tu fous ? »
446200	448460	Et là, le gars, il donne toutes les interviews du monde
448460	449780	sans triomphalisme.
449940	450660	C'est écrit quand même.
450800	451500	Sans triomphalisme.
452100	452900	Mais en disant quand même
452900	454800	« Je vous l'avais bien dit, bande de cons. »
454800	455460	Non mais c'est ça quoi.
455640	457560	Il va nous sortir un livre, Yves Cochet,
457740	459460	dans « J'avais raison » aux éditions.
459600	460760	« Je vous l'avais bien dit. »
460760	461840	C'est vraiment un scandale.
461980	462440	Sous-titre.
462700	463980	Mais je me la ramène pas.
464640	466100	Non mais alors là, pour le coup,
466560	467400	foutu pour foutu,
467400	468700	je noie ma femme
468700	470120	parce que je vois pas qu'elle voit ça.
470340	471860	Je tue ma famille parce que pareil.
472320	474780	Et je rentre dans une espèce de ligue
474780	475800	d'Inglorious Bastards
475800	477520	et on va juste tuer les gens
477520	479060	qui sont ultra préparés,
479360	480320	leur piquer tout leur truc,
480520	481080	les détruire.
481380	481880	Voilà, juste pour dire.
481900	484120	C'est le risque pour ces mecs-là,
484280	485180	pour Yves Cochet et compagnie.
485340	486820	C'est qu'ils sont seuls.
487020	487640	Mais que ce soit clair.
487660	488300	Aux Etats-Unis,
488500	490460	c'est pas les mêmes collapsologues, tu vois.
491000	491880	C'est des survivalistes
491880	493080	qui ont des flingos et tout.
493300	494400	Là, mon vieux Yves Cochet,
494720	495860	je pense pas qu'il ait un fusil.
495860	496440	Oui, oui.
496940	497380	Mais même,
497400	497800	même les vrais.
498000	498480	Moi, mon but,
498560	499400	c'est de montrer aux gars
499400	500580	vous avez cru que vous êtes préparés.
500720	501440	Non, vous n'êtes pas préparés.
501520	502040	On va vous défoncer.
502160	503400	Ma seule mission,
503880	504940	vu qu'il n'y aura plus de survie,
505240	506640	ce sera de niquer votre truc
506640	507900	pour que vous n'ayez pas eu raison.
508120	508380	On va vous défoncer.
508380	509060	Alors que déjà,
509240	510760	ça se fout sur la gueule
510760	511620	pour des rouleaux de PQ.
511740	512320	Donc, je pense que
512320	513720	ça sera d'une violence rare.
513980	514620	Ah ouais, que ce soit.
514780	515260	Non, mais moi,
515660	516220	de toute façon,
516380	516980	foutu pour foutu,
517040	518360	moi, je vais devenir extrêmement violent.
518680	519600	Et donc, bon.
520160	520760	Alors, écoute,
520800	521300	les Anglais,
521640	522540	le gouvernement anglais
522540	523900	a préconisé six mois.
524100	524540	Six mois.
524540	526020	Six months.
526720	527400	Six months.
527860	528060	Well.
528700	529320	Et du coup,
529360	529840	je voulais savoir
529840	530920	si tu penses qu'on avait
530920	532180	six mois d'épisode en stock.
533840	534980	On n'avait pas deux semaines.
535460	536560	On est déjà sur la...
536560	538680	On est déjà sur la...
538680	539480	Putain, je te jure,
539520	540160	j'oublie tous mes mots
540160	540540	en ce moment.
541000	541320	Hier, je trouvais...
541320	542300	Sur la brèche ?
542300	543040	Sur la corde ?
543040	543800	Non, je ne trouvais pas
543800	544660	vasectomie tout à l'heure
544660	545280	et là, j'arrive plus...
545280	545860	Sur la réserve.
546440	547080	Je ne trouvais pas
547080	547760	vasectomie tout à l'heure.
547780	548440	Pourquoi tu as cherché
548440	549440	vasectomie sur Google,
549540	549860	c'est ça ?
549860	551200	Oui, j'ai cherché
551200	552760	tuto vasectomie maison.
553000	553460	Tuto ?
553460	553580	Oui.
555200	556060	Parce qu'on ne sait jamais.
556460	557480	C'est pour ta chaîne Twitch,
557560	559260	tu veux faire un petit event ?
559260	559880	Non, mais parce que...
559880	560860	Qu'est-ce que...
560860	561820	Ça pourrait être pas mal
561820	562820	vasectomie en live.
563260	563940	Là, je ferais du monde.
564300	564620	Non, mais c'est parce que...
564620	564900	Je vais proposer
564900	565740	l'appendice ici, t'es gare.
566260	568440	Parce que...
568440	569360	À la sortie du confinement,
569480	570100	qu'est-ce qui va se passer ?
570100	570980	Les femmes auront envie
570980	571560	de copuler.
571640	572560	Bien sûr, bien sûr.
572720	573880	Ça, c'est classique.
574320	574960	Et j'ai pris
574960	576260	facile 2000 abonnés
576260	576800	sur Instagram
576800	577640	et plutôt confinés.
577760	579100	C'est le podcast en vogue.
579580	580020	Donc, c'est...
580020	581020	Donc là, tu te dis...
581020	581800	Je te dis sur moi.
582180	583320	Et je suis quelqu'un de faible,
583400	584060	donc il est possible
584060	586300	que j'effectue quelques saillies.
586320	587180	Oui, tu transiges.
587420	587440	Mais du coup,
587460	588340	je n'aimerais pas
588340	589360	avoir des héritiers
589360	590420	parce que le monde
590420	590920	va être compliqué.
591100	592760	Donc, vasectomie maison,
593060	595760	un économe, hop,
595980	596680	on fait ça tranquille.
596700	597600	Alors, figure-toi
597600	599300	que sur le Dark Web,
599360	600220	j'avais trouvé un kit
600220	601220	de vasectomie.
602060	603400	Il y avait tout ce qu'il fallait pour.
603740	604980	Je n'ai pas commandé,
605080	605960	mais le vendeur
605960	606540	avait des bonnes notes.
606540	608140	C'était juste un gros couteau
608140	608960	et des pinceaux.
610020	612400	Une bouteille d'alcool fort
612400	614580	à boire juste avant.
614960	616060	Merde, qu'est-ce qu'on a fait ?
616060	617600	Du coup, c'était sur la réserve.
617720	618940	Alors, on était déjà sur la réserve.
619080	619680	Donc, à mon avis,
620060	620940	on roule sur les jantes.
621120	621460	Il n'y a plus rien.
621480	622600	Tu crois qu'on est sur la réserve ?
622600	623740	On aura filé 25 minutes.
623920	625780	Tu sais, la newsletter AA,
625900	626920	ils disent des épisodes
626920	627500	de 9 minutes.
627980	628720	Ça fait quand même longtemps
628720	629620	qu'on leur file plus.
630240	631040	Oui, oui, c'est vrai.
631100	632100	Peut-être qu'on est trop généreux.
632200	633400	Peut-être qu'on est trop gentil,
633440	633700	en fait.
634400	634940	Bien sûr.
635180	636500	Non, mais il en faut
636500	637420	un peu de la gentillesse.
637420	639500	Moi, j'ai applaudi au balcon.
639840	641200	Donc déjà, j'attends ma médaille.
641880	642620	C'est vrai ?
642620	644300	Tu as remercié le personnel soignant ?
644300	645560	Oui, j'ai mis un like
645560	647720	sous une publication
647720	648800	qui disait que quand même
648800	650320	il faudrait penser aux femmes battues.
651060	651640	Bon, voilà.
653380	653840	Alors, c'est bien,
653920	654640	tu coches des cases.
654760	655320	Alors, écoute-moi,
655520	656700	je vais partager un article
656700	658120	sur les difficultés
658120	659780	des travailleuses du sexe
659780	660440	en temps de confinement.
660760	662020	J'espère marquer pas mal de points.
662780	664240	Une situation assez tragique,
664280	664620	en vrai.
666080	666480	Également,
666480	667400	je pense que
667400	667980	je pense peut-être
667980	668840	laisser des petits messages
668840	669400	sur les poubelles
669400	670200	pour les éboueurs
670200	671280	qui, eux, sont vraiment
671280	672340	en première ligne
672340	673240	après les médecins.
674040	674940	Vu que je n'ai pas de gosses
674940	675620	pour faire des dessins
675620	676280	pour les éboueurs
676280	677460	comme a priori il faut faire,
677740	678440	je vais peut-être leur laisser
678440	678940	un petit mot.
679540	680460	Merci à vous, messieurs.
680900	681880	Je pense que c'est pas mal.
682020	682780	J'avoue, on ne pense pas
682780	683380	à nos éboueurs.
683600	683840	J'avoue.
684040	684460	Ah ben, eux,
684500	685520	ils se récupèrent tout.
685680	686480	Tes mouchoirs sales,
687100	687940	tous les mecs malades
687940	688320	chez eux,
688460	689160	mais qui ont...
689160	689840	Tu vois, tous les gens
689840	690580	qui restent en isolement
690580	691540	pour contaminer personne,
691540	692780	eux, ils se les bouffent.
693460	694400	Et j'avais vu
694400	695780	une vidéo sympa.
698280	699580	Alors, encore une fois,
699640	700140	je suis partagé
700140	700820	parce qu'il y a des gens
700820	701640	qui font des trucs sympas
701640	702460	mais ils les filment.
703720	704580	Donc, c'est pas sympa.
704720	705460	Donc, c'est intéressé.
705580	706220	Ça m'énerve, ça.
706660	707300	Mais d'un côté,
707380	707900	c'est une bonne idée
707900	708340	parce que, tu vois,
708380	708980	il m'a donné l'idée.
709500	709920	Mais en gros,
710120	711540	il avait un...
712680	713500	Putain, j'adore ces cloches.
713640	714060	C'est la France.
714220	714880	C'est vraiment éternel.
715000	715900	Ah, ça, c'est mon village.
716120	716780	Il y a peut-être même...
716780	717380	D'ailleurs, on est passé
717380	718440	à 9 millions de fromages
718440	719300	depuis hier.
719300	720820	1 million de fromages
720820	721560	ont été créés.
721680	722060	Ouais, ouais.
722740	723240	Après l'épisode.
723260	723540	De Dieu.
725260	725580	Non.
726720	727780	Oui, c'est un mec
727780	728300	qui se filme.
728680	729600	Il y a un livreur qui arrive
729600	730500	et il lui a mis
730500	731340	genre du PQ,
731620	732140	des masques,
732460	733220	un espèce de petit truc
733220	733660	avec marqué
733660	734380	« Servez-vous.
735100	735660	Vous allez peut-être
735660	736640	vous travailler.
736740	737220	Vous n'avez peut-être pas
737220	738560	le temps de prendre le truc. »
738560	739760	Et le mec est vraiment
739760	740580	en mode « Mec,
741240	742000	tu me sauves la vie.
742180	742620	Trop bien.
742760	743360	C'est vrai. »
743360	743480	Et tout.
743600	744260	Donc, bon, voilà.
744640	744920	C'est peut-être...
744920	745480	Non, mais c'est vrai
745480	745980	que les livreurs,
745980	746900	moi, c'est ce qui me retient,
747000	747240	tu vois.
748240	749720	Moi, qui peins un peu,
749800	750420	là, j'ai plus de toiles
750420	751380	depuis le début du confinement.
752120	752780	Et en fait,
753120	753900	ça me fait un peu chier
753900	754920	de faire venir un mec
754920	755720	juste pour qu'il me livre
755720	756700	des toiles blanches,
756740	757100	tu vois.
757840	758820	Les mecs n'arrêtent pas
758820	760480	de dire qu'ils sont
760480	761320	dans des mauvaises conditions,
761480	762360	qu'ils n'ont pas de matos,
762700	763980	que ce n'est pas normal
763980	764340	qu'ils bossent.
764480	765180	C'est vraiment ça.
765360	766280	C'est pour ça que
766280	767860	j'ai hésité.
768160	769000	Enfin, je n'ai pas acheté
769000	769840	encore à l'épicerie,
769940	770340	machin, là.
770760	771380	Oui, mais la bouffe,
771440	772020	la bouffe, mon gars,
772020	772400	tu as le droit.
772660	774040	Non, non, mais c'est de la bouffe.
774260	774760	Alors déjà, oui,
774820	775980	ce ne serait pas un repas,
776100	776820	repas par repas
776820	777460	chez Deliveroo,
777520	778220	je trouve ça scandaleux.
778220	778340	Non.
778680	779360	Ce serait pour faire
779360	781560	une grosse semaine de Victui.
781760	782700	Mais aussi, je me dis,
783140	784300	vu que c'est une petite entreprise
784300	786220	et qu'ils font bosser
786220	787800	des producteurs locaux,
787920	788780	peut-être que c'est bien.
789080	789640	Mais j'en sais rien.
789660	790460	Mais en fait, c'est ça.
790540	791240	Je pense que c'est ça
791240	792200	le souci principal.
792340	792620	Tu vois, moi,
792660	793680	je suis un peu tiraillé.
794280	795560	On doit limiter les sorties,
795740	796980	donc gros plein de courses
796980	797780	dans des supermarchés.
798300	798720	Mais du coup,
798720	800260	tu ne fais pas de temps vivre
800260	802720	tous les petits commerces,
803700	804500	tous les petits cavistes
804500	805180	qui livrent.
805620	806180	Donc, je ne sais pas.
806400	806960	Moi, comme un con,
807040	807460	j'étais abonné
807460	808640	à une box de légumes.
809180	809840	Mais du coup,
809920	810520	ils ne font plus.
811240	811700	Donc, je ne sais pas.
812460	812900	Donc, bon.
813140	813660	Alors, je ne sais pas
813660	814180	si c'est ça le truc,
814260	814660	mais effectivement,
814760	815120	il faudrait que je trouve
815120	816220	un truc pour donner ma thune.
816660	817520	La seule thune que je dépense,
817560	818240	c'est pour la bouffe
818240	818840	et les VPN.
819220	820320	J'hésite à en racheter un,
820380	820500	d'ailleurs.
820860	822100	J'hésite à en racheter un.
822860	824420	Parce qu'on ne sait jamais.
825020	825820	On a toujours besoin
825820	826640	d'un VPN de secours.
826640	828040	Attends, moi, je suis plutôt pour.
828300	829000	C'est une très bonne idée.
829180	830520	Autant le donner aux bonnes personnes.
831420	832460	Ben oui, c'est compliqué.
832460	832860	Qu'est-ce que ça nous parle
832860	834300	de chez Carrefour ?
834300	834940	Ben, c'est ça.
835020	835760	Moi, ça me fait un peu chier.
835920	836280	Tu vois, là,
836320	837340	je suis allé au Intermarché
837340	838180	il y a une semaine.
838260	838940	Ma dernière sortie,
839180	840280	c'était plus,
840380	840840	il y a huit jours.
841500	842640	Et au Intermarché,
843360	843980	aucune protection
843980	844820	pour les caissières.
844940	845780	Pas de masque, pas de gants,
845900	846480	pas de protection.
846620	846920	Que dalle.
847180	847880	Ah, moi, ils ont un...
847880	849000	Au Carrefour Market,
849140	849400	maintenant,
849480	850780	il y a un plexiglas
850780	851680	entre...
851680	852380	Ben oui, j'ai vu
852380	853180	que les gens faisaient ça,
853240	853620	mais alors non,
853680	854280	Intermarché, non.
854420	855500	On est sur le contact
855500	856800	vraiment humain,
857040	858160	pas de gants, rien.
858440	859580	Mais c'est ça aussi.
859680	859960	Intermarché,
860000	860640	ils sont proches des gens.
860780	861080	Alors oui,
861180	861840	peut-être qu'il y aura un virus.
862140	862580	Bon, ben voilà,
862640	863640	mais on est proches de la personne.
863760	865240	Oui, mais on privilégie l'humain
865240	866600	et c'est beau, peut-être.
867840	868580	Ouais, je sais pas.
868920	870020	Bref, si vous avez,
870420	871480	alors dans la région parisienne,
871580	871860	évidemment,
872760	873560	mais des conseils,
874220	874880	enfin, c'est pas la peine
874880	876080	de m'emmener votre oncle paysan
876080	877080	qui me ramène trois carottes
877080	877580	pour 12 euros.
878960	879280	Mais...
879280	880960	Que ce soit clair.
880960	882300	Non, mais c'est vrai
882300	883480	qu'il faudrait se renseigner
883480	884060	sur ces plans
884060	884800	et lesquels suivre.
885100	886380	Moi, je suis assez perdu.
886660	887060	Et aussi,
887140	888080	au lieu de dépenser 130 balles
888080	888680	dans un VPN,
888820	889560	j'ai un peu économisé
889560	890220	en branlant l'Instagram.
890300	890920	Je pense que j'aurais,
891180	891840	allez, facile,
892740	893820	100 balles
893820	895180	à donner à des gens.
895300	895900	Mais en vrai,
895980	896700	je sais pas à qui donner.
897400	897960	Mais je...
898860	899420	Mais écoute,
899440	900220	ce que je te propose déjà,
900300	901040	c'est de pas donner
901040	903500	aux coureurs et joggeurs
903500	904320	qui sont devant chez moi
904320	905280	et qui se vident le nez
905280	905780	là, à l'instant,
905920	906200	en direct.
906260	906720	Je vous ai vu
906720	908240	qui se vident le nez
908240	909200	en direct contre le mur
909200	910080	comme un gros dégueulasse.
910160	911580	C'est vraiment...
911580	912540	Alors, je donnerai pas à lui,
912640	913140	ça, c'est sûr.
913280	914220	On ira lui péter la gueule
914220	915120	quand j'aurai fait le ministre.
915120	915680	Putain !
915680	916200	Mais tu sais
916200	917420	à qui j'ai envie de donner ?
917420	917840	Finalement,
918640	919220	c'est Darmanin
919220	920300	qui m'a convaincu ce matin.
920480	922740	Faut donner aux entreprises.
924200	924640	Putain !
924640	925220	C'est à eux que j'ai envie de donner.
925220	926100	La cagnotte lit-fille,
926200	927380	c'était un article du Gorafi.
928220	930100	C'était un article du Gorafi
930100	931340	qu'il y a 2-3 semaines.
931960	932500	Et ça y est, quoi.
932700	933080	On me dit pas
933080	934000	que ça sent pas la merde
934000	935380	économiquement
935380	936180	quand le ministre
936180	936800	dit illégal.
936800	939060	Et d'ailleurs,
939180	940800	c'était une blague...
940800	944220	C'était une blague de...
944220	944620	Je sais plus,
944700	945700	j'ai vu un gars retweeter
945700	946980	l'initiative de Darmanin
946980	947240	en disant
947240	947980	« Ouais, on pourrait même
947980	952340	appeler ça les impôts. »
952340	952960	Ah ouais, non mais là,
953000	953660	on est atteints.
953820	954980	En plus, ça vient assez vite,
955020	955720	je trouve, dans la crise.
956480	958040	C'est assez flippant, quand même.
958340	959240	On n'est qu'à 2 semaines,
959620	960660	le pic est pas atteint partout
960660	961460	et ils sont déjà
961460	962080	en train de nous demander
962080	962540	de la thune.
962760	963720	Bon, moi, je suis assez content
963720	964780	de savoir...
964780	966300	Parce que cette histoire de pic...
966300	966660	Bon, alors,
966660	967720	l'Italie l'aurait atteint,
968000	968600	ce serait pas mal.
969420	970860	On s'approcherait
970860	973720	d'une stabilisation, là-bas.
974320	974680	N'empêche,
974860	976080	le dernier mort du coronavirus,
976260	977040	comment il va être dégoûté.
977660	978440	Mais tu sais,
978500	979000	il n'y en aura pas,
979320	980280	de dernier mort.
981580	982240	C'est-à-dire ?
982240	983140	Tu comprends ce que je veux dire ?
983140	984060	Ça va pas s'arrêter.
984200	985100	On va dire fin du confinement,
985240	986020	plus personne n'est malade
986020	986840	et le truc a disparu.
986980	987900	Non, mais à la fin du confinement,
987900	988300	non.
988420	988920	Il y a des gens
988920	989700	qui le chopperont quand même
989700	990220	de temps en temps,
990300	991020	ils seront isolés.
991860	992640	L'hiver prochain,
992740	993260	l'automne prochain,
993260	994200	le truc va revenir.
994200	995240	Oui, mais l'hiver prochain,
995360	995920	on aura le vaccin.
996960	998240	Bah, pas sûr, sûr.
998380	998980	L'automne prochain,
999080	1000040	ça sera vite arrivé, tu vois.
1001340	1002080	Non, l'automne prochain,
1002200	1002760	non, c'est vite fait,
1002800	1003200	l'automne prochain.
1003380	1004120	Ils disaient plus d'un an
1004120	1005000	pour développer un vaccin.
1005300	1006280	Donc, l'automne prochain,
1006360	1006740	il sera pas là.
1007060	1007500	Est-ce que tu crois
1007500	1009040	qu'en plus de la crise économique,
1009640	1010540	à laquelle je crois pas vraiment,
1010620	1011040	parce qu'en fait,
1011100	1012000	il y a une crise économique
1012000	1013480	de...
1013480	1014260	Une crise économique,
1014480	1015140	c'est quand vraiment
1015140	1016680	tout se pète la gueule.
1016740	1017240	Mais là, en fait,
1017480	1017900	les gens,
1018520	1019660	en sortie de truc,
1019860	1021040	vont quand même avoir envie de...
1021040	1021520	Oui, non,
1021520	1022460	mais t'auras une récession,
1022740	1023100	t'auras peut-être
1023100	1024080	moins de dividendes versés,
1024220	1024720	j'espère,
1024860	1025280	qui bloqueront
1025280	1026260	les dividendes versés
1026260	1027920	aux actionnaires
1027920	1029360	des plus grosses boîtes
1029360	1030140	qui...
1030140	1031680	Là, pour le coup,
1031740	1032460	il va pas trop falloir
1032460	1033140	faire chier les gens,
1033220	1033440	je pense.
1034140	1034660	Bah, écoute,
1034960	1035720	ouais, mais ils sont capables
1035720	1036020	de tout.
1036180	1037040	Il y a déjà une cagnotte,
1037160	1037500	donc tu vois,
1037580	1038720	je pense qu'il va falloir
1038720	1039520	être vigilant, je pense.
1039920	1040580	En tout cas,
1040840	1041800	j'imagine bien le mec,
1041860	1042580	il a sa cagnotte,
1042820	1044780	il hésite entre les SDF,
1045240	1046640	les prostituées
1046640	1047300	et, ah,
1047580	1048180	pourquoi pas,
1048540	1049060	Air France.
1049200	1049840	Mais pourquoi pas
1049840	1050800	donner aux MEDEF,
1051200	1052760	finalement ?
1052760	1054840	Bah, en fait,
1054920	1055600	je voulais donner
1055600	1056500	au Resto du Coeur.
1057820	1058280	Et puis,
1058340	1058900	je me suis dit,
1059020	1059440	finalement,
1059760	1061520	une bonne grosse boîte.
1061580	1061900	Non, mais en plus,
1061980	1063460	je sais même pas
1063460	1064480	avec qui ils destinent
1064480	1064840	cet argent,
1064920	1065420	vu qu'ils demandent
1065420	1066260	aux entreprises aussi
1066260	1066700	de donner.
1067460	1068360	Oui, bah, finalement,
1068520	1069120	peut-être c'est pour la...
1069120	1070080	En gros, c'est participer
1070080	1070760	à l'effort de guerre,
1070900	1071660	c'est ça, tu vois.
1071860	1072280	Peut-être pour la
1072280	1073240	Yves Cochet Foundation
1073240	1074000	pour qu'il se rachète
1074000	1076400	un filtre
1076400	1077260	pour sa pompe.
1078660	1079400	Que quelqu'un
1079400	1080320	lui pétait la gueule.
1080580	1081060	Que quelqu'un
1081060	1081640	y pissait.
1081640	1082120	Ah non, mais alors,
1082180	1082700	moi, ça me surprend.
1082800	1083340	Je pensais que c'était
1083340	1084060	un peu des gens
1084060	1084680	que vous appréciez,
1084720	1085460	les colapsologues.
1085520	1086540	Non, mais un peu.
1086680	1087480	Mais ce qui me fait marrer,
1087640	1088960	c'est que là...
1088960	1089720	Non, mais en vrai,
1089860	1090380	il a raison.
1090540	1091540	Il fait son truc écolo
1091540	1091840	et tout.
1091960	1092580	Ça me fait marrer.
1092940	1093560	C'est juste que là,
1093860	1094860	ça m'énerve les articles
1094860	1095540	au bout de deux jours
1095540	1097080	de...
1097080	1097420	Enfin, déjà,
1097500	1098040	je veux pas croire
1098040	1098860	au vrai effondrement
1098860	1099260	et du coup,
1099340	1099960	il me pète les couilles
1099960	1100940	à dire que c'est peut-être vrai
1100940	1101760	en disant que j'avais raison.
1101760	1102740	Il s'emballe un petit peu.
1103400	1103860	Tu vois,
1104120	1104800	il y a à manger
1104800	1105660	dans les supermarchés.
1105920	1106440	C'est juste que
1106440	1107200	tout le monde mange
1107200	1108220	de chez soi.
1109420	1110900	On est loin des milices
1110900	1112880	et des accidents nucléaires.
1114460	1115480	Non, ils s'emballent un peu.
1115620	1115740	Ils vont.
1116340	1117820	Mais c'est leur moment de gloire.
1118200	1119100	Ça va se passer.
1120400	1120720	Ouais, ouais.
1121920	1122240	Ouais.
1122860	1123420	Ouais, j'en sais rien.
1124120	1124980	Bon, on parait 18.
1125280	1125940	Moi, je vais aller faire
1125940	1126900	mon kickboxing.
1127120	1127440	C'est l'heure.
1127640	1128900	C'est renforcement musculaire.
1129080	1129500	Oh, putain.
1129600	1130240	Je me suis rendu compte
1130240	1130940	que j'étais...
1130940	1131740	Mon corps était mis au...
1131760	1133420	Je savais que ma tête l'était.
1134000	1134840	C'est pas vrai.
1135080	1136580	Toi, la femme forte ?
1136580	1136880	Ouais.
1137140	1138020	Toi, l'ancienne femme forte ?
1138020	1139060	Moi, l'ancienne femme forte
1139060	1140220	qui se rase
1140220	1141700	en se grattant les burnes.
1142300	1142520	Ouais.
1143760	1144900	J'ai eu l'idée ce matin
1144900	1145480	d'une vidéo
1145480	1146600	de jouer le personnage
1146600	1147340	de la femme forte
1147340	1148240	tout en me rasant.
1150760	1152060	C'est pour ça que ça me faisait rire
1152060	1152880	le mec qui se rase
1152880	1154260	des grands coups
1154260	1155520	avec un gros bic
1155520	1157900	et filmé devant son...
1157900	1158620	devant son...
1158620	1159760	devant son miroir
1159760	1160260	en disant
1160260	1160660	ouais, non,
1160700	1161080	mais le problème,
1161200	1161320	c'est les bonhommes.
1161320	1161740	C'est les bonhommes.
1161760	1162740	Et ouais,
1162820	1163360	ça me faisait rire.
1163400	1164080	Mais tu sais que tu peux
1164080	1165740	t'identifier en tant que femme
1165740	1166800	et avoir une barbe.
1166840	1167540	J'espère que tu es au courant
1167540	1167720	de ça.
1167880	1169260	Je suis parfaitement au courant.
1169480	1170080	Putain, dans le dernier
1170080	1171440	Corbillon Enthousiasme,
1171500	1172860	il y a un gag incroyable.
1172960	1173340	Il y a un mec
1173340	1174680	qui est connu aux Etats-Unis
1174680	1175720	qui a vraiment fait sa transition
1175720	1178120	et qui s'est fait greffer
1178120	1178640	un pénis
1178640	1179980	et Larry David le voit
1179980	1180600	et lui dit
1180600	1181300	ah putain, dis donc,
1181360	1181880	t'as bien choisi.
1182000	1183280	Il est énorme ton truc.
1184480	1186220	Le mec a une teub énorme
1186220	1186780	et du coup,
1186900	1188160	rejoint une espèce de groupe
1188160	1189800	parce que le pote renoi
1189800	1190480	de Larry David,
1190900	1191740	il a un...
1191760	1193700	un Big Johnson Group
1193700	1194160	des gens
1194160	1195340	qui peuvent se réunir
1195340	1196540	en parlant des problèmes
1196540	1197180	que tu peux avoir
1197180	1198080	quand t'as une grosse bite
1198080	1199800	et il rejoint sa réunion
1199800	1201620	et il parle de leurs problèmes
1201620	1202020	et des fois,
1202100	1202980	il renverse des objets
1202980	1203600	sans le vouloir
1203600	1203900	et tout.
1204000	1204940	C'est incroyable.
1205620	1206740	Dans la dernière saison ?
1206740	1206920	Ouais,
1207100	1208060	c'est le dernier épisode
1208060	1208780	de la dernière saison
1208780	1209480	et c'est en plus
1209480	1210360	vachement bien,
1210500	1211520	pas du tout transforme
1211520	1211800	ni rien
1211800	1212500	mais juste des blagues
1212500	1213080	de grosses bites
1213080	1214180	qui sont vraiment incroyables.
1214520	1215520	Ils font toujours plaisir.
1216320	1217080	Qu'est-ce que je disais
1217080	1217720	juste avant ?
1217720	1218520	Raser la barbe
1218520	1219040	en tant que femme.
1219040	1219700	Oui, alors,
1219940	1220360	j'ai voulu faire
1220360	1221460	mon 7-minute workout
1221460	1223920	et quand c'était la meuf,
1224140	1224740	j'y arrivais pas
1224740	1225280	et je l'ai fait
1225280	1226300	avec un mec québécois
1226300	1227620	et ça fait deux fois
1227620	1228480	que j'y arrive mieux.
1229320	1230920	Quand il te montre le truc ?
1230920	1231380	Ouais,
1231560	1231940	en même temps,
1232000	1232380	t'as le truc,
1232480	1233000	tu le fais en même temps
1233000	1233400	que la vidéo
1233400	1234200	parce qu'il fait les pauses,
1234280	1234560	il fait les trucs.
1235260	1236340	Et quand c'était la meuf,
1236400	1237100	au bout de 4 minutes,
1237200	1237420	je sais pas,
1237480	1237820	je craquais,
1237900	1238520	j'y arrivais pas.
1239140	1239880	Alors peut-être possible
1239880	1240500	parce que j'ai essayé
1240500	1241120	de le faire tous les jours
1241120	1241560	et que maintenant,
1241640	1242120	je progresse
1242120	1244380	mais avec le mec québécois,
1244460	1244720	je le trouve...
1244720	1245960	Ah, le même exercice ?
1245960	1246880	Non, parce qu'aussi,
1246980	1248440	c'est un 7-minute workout,
1248560	1249560	peut-être qu'il est moins dur aussi
1249560	1250440	et peut-être que les exercices
1250440	1250960	me vont mieux
1250960	1251960	mais en tout cas,
1252120	1252920	avec le mec québécois,
1252980	1253440	j'y arrive mieux.
1254580	1255300	Ah, mais il te motive,
1255520	1256760	t'as un petit côté armé.
1256980	1258220	C'est peut-être l'accent québécois aussi
1258220	1258820	mais en tout cas,
1258900	1259580	j'y arrive mieux avec le mec.
1259600	1260160	Et puis aussi,
1260300	1261620	le fait que la meuf
1261620	1263220	a sûrement un petit yoga pants
1263220	1263840	bien serré
1263840	1264900	que tu peux pas t'empêcher
1264900	1265520	de regarder
1265520	1267120	parce que je te connais.
1267480	1268140	Parce que je suis humain.
1268140	1268860	Parce que t'es un petit...
1268860	1269840	Parce que je suis humain.
1269880	1270760	T'es qu'un bonhomme.
1270760	1272060	Voilà, t'es pas fait de bois.
1272560	1272840	Bah non.
1273320	1274260	Pas fait de bois, c'est vrai.
1274340	1275180	C'est vrai que je suis pas fait de bois.
1275480	1275880	C'est marrant
1275880	1276280	parce que ça,
1276340	1277020	j'y pense pas du tout.
1277660	1278100	Parce que là,
1278180	1278440	effectivement,
1278640	1279880	aucune activité sexuelle
1279880	1280800	mais je suis arrivé
1280800	1282400	au stade 2 de la dépression.
1283100	1284760	Pas d'envie,
1285100	1285700	pas de...
1285700	1286020	Rien.
1286160	1287200	Vous êtes mort.
1287400	1287860	Ah ouais.
1288180	1288960	Limite, à y penser,
1289060	1289520	ça me fatigue
1289520	1290140	parce que c'est un peu
1290140	1291140	un 7-minute workout.
1291260	1291400	Enfin,
1291720	1293880	un 30-second workout
1293880	1294740	comme j'aime les appeler.
1296260	1297260	Mais d'avance,
1297320	1297960	ça me fatigue.
1298420	1298820	Je te jure,
1298860	1299300	je suis crevé.
1299980	1300540	Non mais attends,
1300540	1301860	si à la place,
1302220	1302980	il y a un bon bouquin
1302980	1303740	et un bon film,
1303960	1304880	on va pas vous en vouloir.
1305020	1305400	J'avoue,
1305560	1306080	j'avoue.
1306680	1307240	Bon, allez,
1307440	1308280	on a assez dit de conneries,
1308380	1309140	le chouchen a parlé.
1310820	1311460	Mon vieux,
1311580	1313060	je vous dis à demain.
1313380	1313640	Eh ben,
1313780	1314360	salut mon gars,
1314560	1315200	salut Parisien,
1315520	1315920	à demain.
1316080	1316840	Salut les confinos.
1317320	1318160	Salut les confinos.
1318760	1318940	Ciao.
1319620	1320020	Lockdown,
1320960	1321340	confinement.
