start	end	text
0	9940	On est parti, j'appelle Paris 20. Voyons si cette énergie humaine s'est améliorée.
10600	19000	Je ne pense pas. En toute honnêteté, à mon avis, on est sur un connard.
19820	25000	Eh les connards ! Salut les connards !
25000	29000	Ecoutez, encore une fois, vous n'entendez toujours pas ?
29000	31240	Ah bah non, là non, là vous n'êtes pas en 4G mon pote.
31260	31720	C'est un problème.
35160	36740	C'est pas de la 4G que j'entends là.
38400	44180	Attendez, attendez. La technique, vous savez, ça demande un petit peu de...
44180	45620	C'est normal, on est en temps de guerre.
45620	46840	Un petit peu de connaissance alors.
47720	52100	Ah putain, fait chier.
52100	56100	T'en as plein à gourgne ?
57380	58100	Mais non, mais là je suis...
59560	62560	Bon attendez, attendez deux secondes parce que ça ne fonctionne pas.
63780	64780	Bah moi je vous entends.
66080	66660	Ouais, ouais, ouais.
67120	68120	Et vous m'entendez aussi.
69760	72020	Finalement, ce n'est pas le but d'une conversation.
73480	75840	Bah je sais que vous pouvez la tenir tout seul, mais attendez.
76520	77520	Non mais je vous entends moi.
82100	82940	Et vous m'entendez aussi.
82980	84960	Ah, ça y est, voilà.
85540	85920	Eh oui.
86700	88600	Là d'accord, là d'accord.
88820	93100	Eh bah c'était l'une minute six, la plus merdique de l'histoire du podcast français, bravo !
93980	100960	Attends, en termes de podcast de confinés, je veux dire, il y a peu de comparatifs.
101140	101640	Ah oui, oui, normalement.
101640	104180	On écrit l'histoire un jour après l'autre.
104180	107540	On crée de nouvelles bases, c'est sûr, mais c'est des bases pas solides.
108420	110840	Là, c'est vrai qu'on est sur une minute.
111320	112040	Une minute vingt.
112100	114060	Un moment, grosso modo, fragile.
115260	115920	Fragile, voilà.
116480	116880	Fragile.
117200	118520	Colosse au pied d'argile.
119720	121500	Les lèvres s'écroulent.
122280	123820	Vous m'appelez, vous voyez, au bon moment.
124100	130420	Alors, on est sur un apéritif assez peu commun de ma part, parce que n'ayant plus de bière,
130540	136260	donc déjà hier, on s'est parlé, c'était de la lèvre, un vieux reste d'une soirée
136260	137520	que quelqu'un m'avait apporté.
137980	139880	Là, j'en suis à de la lèvre rubis, mon gars.
140500	141080	Ah oui ?
141080	142080	Oui.
142100	143100	C'est pas...
143100	144100	Alors là, autant dire que...
144100	145400	C'est vraiment la lèvre.
145400	149000	Pareil, en termes de base d'apéritif, c'est fragile.
149340	151100	Est-ce qu'il y a toujours des cons à votre fenêtre ?
151760	152000	Ouais.
152780	153880	Bah, criez-leur un truc.
154700	155100	Là, c'est...
155100	159920	Bah non, mais en fait, là, c'est un chauve qui était là hier et qui court dans les escaliers
159920	161940	comme beaucoup d'autres personnes, mais là, c'est son heure.
162560	163740	Et lui, il crache énormément.
163960	165920	Il se vide le nez, il crache.
166960	171540	En termes de diffusion des microbes, le gars est des virus.
171540	171860	Ah, vous avez...
171860	175860	Vous avez un escalier de dehors, un peu comme dans la scène du Joker ?
176600	177180	Exactement.
177800	181940	Trois ou quatre grandes volées de marche et donc, il s'amuse à faire des allers-retours.
182200	184260	Tout le monde fait ça depuis le début de...
184260	187740	Déjà, depuis toujours et beaucoup plus depuis le début du confinement.
190920	194540	Hier, j'ai tenté de faire le 7-minute workout.
195480	195640	Ouais.
196100	197720	Et putain, c'était chaud.
197860	200260	J'ai fait que le 5-minute workout et j'en ai vraiment chié.
200540	201660	Mais je l'ai fait dans les pires conditions.
201660	204960	J'avais vraiment très très faim et j'étais très fatigué.
205780	207760	C'était vraiment le pire moment pour le faire.
208360	210200	C'est quoi, par exemple...
210200	212380	Parce que moi, j'ai fait un truc de 7 minutes il y a quelque temps.
213200	213660	C'était pas...
214760	217120	Non, mais je pense que d'habitude, j'aurais réussi.
217260	219800	Mais là, vraiment, ça faisait une semaine que je n'avais pas bougé de mon lit.
220040	222680	J'étais extrêmement fatigué et j'avais faim.
222780	224460	Tu sais, cette faim où tu as mal à la tête, là.
225060	225460	Ah ouais, ouais.
225500	226860	C'est bien, ouais.
226980	227300	Bon, bref.
227400	228940	Donc, c'était un très mauvais moment pour le faire.
228940	231060	Mais bon, du coup, je me dis, je vais retenter demain.
231060	231500	C'était ton...
231500	233420	Ton premier sport depuis le confinement ?
233420	234600	Ouais, ouais, ouais.
235000	236720	Pareil, j'ai eu du mal à m'y mettre aussi.
237480	238560	Bah ouais, mais il faut...
238560	241000	Mais après, j'ai lu cet article horrible du cardiologue
241000	242320	qui dit qu'il ne faut pas se pousser.
242520	245380	Et hier, je ne suis pas allé loin, mais ça m'a tué.
245520	247120	Donc, pour mon corps, j'étais loin, quoi.
247600	252360	Mais lui, là, c'est l'article préféré des énormes glandeurs
252360	255260	qui dit, en gros, il ne faut pas faire de cardio en période de virus
255260	257240	parce que le virus peut atteindre votre cœur et vous mourrez.
257580	260240	Et du coup, bah, écoute, moi, je pense que...
260240	263920	Je pense que je vais quand même essayer de faire un minimum
263920	267940	parce que rester le cul posé pendant un mois, ça va être...
267940	269780	Nos muscles vont s'atrophier, quoi.
270120	272960	Le mec parlait quand même des gens qui poussent très fort
272960	277080	parce qu'il a entendu parler de cons qui font 6 heures de course sur leur balcon.
277780	280440	C'est ça, je pense que nous, de ce côté-là, on risque pas trop
280440	281880	si c'est 7 minutes, tu vois.
282200	284180	Ouais, mais c'est vraiment intensif, ces trucs de 7 minutes.
284300	285020	Ça s'arrête jamais.
285360	288240	Moi, je suis plus habitué à du sport pépère, de courir...
288240	290120	Non, mais courir une demi...
290240	293300	C'est plutôt un effort long, mais pas très intense, alors que là...
293300	297380	Sport pépère, comme par exemple monter une fois des escaliers en marchant...
297380	298640	Non, mais...
298640	302860	Ouais, courir à genre 8 km sur un tapis pendant une demi-heure, voilà.
303100	303680	C'est pas énorme, quoi.
303680	304500	Ouais, ouais, ouais.
304780	307180	Mais j'avoue que là, d'un coup, c'est intense.
307340	309380	Bon, bref, du coup, j'ai des courbatures dans les jambes,
309500	312000	mais le problème, c'est que c'est un symptôme, les courbatures, donc c'est con.
312340	314280	Bah, en fait, c'est exactement le problème.
314880	317660	Tu vois, hier, j'ai fait...
317660	319820	Parce qu'en fait, d'habitude, je fais que du renforcement musculaire.
320240	321300	Quotidien, de la muscu, quoi.
321460	322580	Faites du forcement, déjà.
323320	325200	Faites du...
325200	327080	Avant de renforcer quelque chose.
327100	327720	Faites du renforcer.
328360	333580	Et le problème, c'est que je fais jamais de cardio en intérieur, quoi.
333580	334020	C'est bizarre.
334180	338580	Et du coup, j'ai trouvé des vidéos de mecs qui font des petites sessions cardio avec de la boxe.
339540	340100	Boxe taille.
340500	340820	Ah ouais.
342280	343740	Ce qui fait que j'ai des courbatures partout.
344860	346760	Et que c'est très, très dur de distinguer.
347480	349640	J'ai vu un mec qui disait qu'il avait eu des courbatures aux jambes.
350240	351740	C'était un des signes du coronavirus.
354000	354980	Courbatures au cou, également.
355260	355840	Courbatures au dos.
355920	356480	J'ai les trois.
357080	357380	Ah ouais.
357520	358620	Non, mais si aux jambes...
358620	359680	Moi, hier, j'ai fait des squats.
359800	360800	J'ai dû faire une chaise.
361360	362940	Un des exercices, c'est de faire la chaise.
363620	364580	Bon, ben, j'ai mal aux cuisses.
364820	365600	On va pas se mentir.
365680	366000	C'est normal.
366360	370280	Alors, après, je pense que derrière, il faut faire un petit peu...
370280	371400	Un peu d'autres choses.
371480	372480	Comme ce matin, par exemple.
372480	375000	J'ai fait 10 minutes de réveil musculaire.
376780	378080	Autrement appelé yoga.
378960	379220	Ah oui.
379520	380080	Écoute, ça m'a fait...
380240	380580	C'était du bien.
381000	381660	Je me suis réveillé.
381760	383300	J'ai fait 10 minutes de détente.
383480	384180	Un peu abdos.
384340	385080	Un peu machin.
385160	386100	Ça m'a bien...
386100	386680	C'était bien.
387320	387460	D'accord.
387460	389160	Donc, je pense que je vais systématiser ça.
389420	390580	Du soir le soir.
390820	391500	Du yoga le matin.
392140	392420	D'accord.
392540	393000	Vous êtes...
393000	393880	Et une bière rubie.
394000	396840	Est-ce que vous seriez pas en train de vous transformer en bobos de merde ?
396840	397800	À moins que je...
397800	401260	Tu crois que les bobos, ils boivent de la bière rubie ?
401260	401900	Ah oui.
402780	403440	C'est des violaces.
403580	404080	Non, mais non.
404160	405220	Pas une lait frit rouge comme ça.
405320	405880	C'est grossier.
406360	409460	J'irais voir docteur Pangolin.
409620	410080	Mais mon ami,
410080	411160	vous avez la bobo merdite.
411620	412120	C'est possible.
413220	414520	Après, je fais moi-même mon pain.
415320	416580	Je sais pas si c'est bobo, mais...
416580	418400	Ah bah là, tous les symptômes sont là.
419020	421140	Je voudrais pas être alarmiste.
421960	427560	Je t'ai dit que j'avais planté de la mélisse et de la menthe dans ma cuisine ?
427560	428920	Mais là, ça commence à devenir grave.
429180	432120	Franchement, si vous avez un masque africain au mur, c'est terrible.
432120	432920	Ah non, ça va pas.
433720	434220	Non, non, rien.
434360	435100	Rien de tout ça.
435520	439320	Bah non, mais tu sais, c'est des petits trucs qui te font pousser ta petite jardinière dans
439320	439920	ta cuisine, quoi.
440080	440720	Ouais.
441020	442400	Donc, bah là, c'est pas mal.
442860	446180	J'ai ma petite menthe qui commence à pousser.
446380	448620	J'ai du persil, du basilic qui avait déjà bien poussé.
449740	450640	Non, non, c'est sympa.
450900	453540	Moi, j'ai un problème légumier parce qu'une fois que j'ai fini...
453540	458780	Là, j'avais une très belle boîte de ratatouille achetée chez un traiteur qui était excellente,
458840	459660	qui m'a fait la semaine.
460120	460580	En fait, j'ai eu un...
460580	460940	C'est excellent, ça.
461300	462760	J'ai eu poulet, ratatouille, soupe.
462860	464100	Ça a été le repas de la semaine.
464240	464780	Bah, il est terminé.
465580	467560	Mais il me reste des courgettes.
467620	468260	Ça, je les ai fait.
468260	470060	Mais une fois que tout ça est fini...
470080	473340	Qu'il me reste en légumes, c'est une énorme boîte de flageolets.
473700	474980	Je trouve ça excellent, les flageolets.
475500	480860	Mais j'ai très peur, dans un endroit confit, un petit peu, de cette boîte de flageolets.
480960	482280	Je pense que vraiment...
482280	483980	En plus, ça fait la guerre, un peu.
484360	484780	Je vais me faire...
484780	486320	Tu sais quoi ? Je vais bouffer comme dans les tranchées.
486420	488160	Je vais m'acheter du corned beef et du flageolet.
488160	488920	Je crois qu'il y a pire.
489460	490240	Je crois qu'il y a pire.
490600	492280	Ça pourrait être une boîte de salsifis.
493180	493440	Ouais.
493780	494720	Et là, je crois...
494720	497020	Tu vois, nous, on a mangé des blettes l'autre jour.
497020	497880	C'était bon, tu vois.
498480	499340	Mais les salsifis, non.
499340	501020	Je vais peut-être me faire un délire.
501320	503720	Première guerre mondiale, je me rase tout sauf la moustache.
503840	504540	Je m'appelle Lucien.
504560	505500	Ah bah, ça, j'ai fait, ça.
505760	506760	J'écris des lettres.
507020	511000	Et puis, je tirerai à la baïonnette sur les Allemands en bas de chez moi.
512660	513400	Ouais, pas con.
513540	513860	Pas con.
514280	514960	Pas con, hein.
515000	516060	Qu'est-ce qu'il y a d'autre ?
516060	517360	Tu pourrais avoir le...
517360	517820	Je sais pas.
518020	518140	Ouais.
518600	519620	Une gueule cassée.
520180	520960	Ouais, et après...
520960	523340	Traumatisé par une explosion.
523840	527520	Bah ouais, si quelqu'un a du gaz moutarde à me balancer la gueule pour être bien en immersion.
528580	529320	Ça m'arrange.
529340	534060	C'est vrai, ça pourrait peut-être être sympa de filer un petit thème à ce confinement.
534220	537420	Parce qu'au final, ça fait même pas une semaine, ça fait cinq jours.
538720	540680	On est parti pour plus de deux semaines.
540880	541580	Allez, bah...
541580	541860	Clairement.
542840	544840	Bah, première guerre mondiale, ça serait quoi ton nom ?
544840	545340	Moi, ce serait...
546360	547480	Lucien.
547560	548160	Lucien, Lulu.
549220	549580	Lucien.
549760	550340	Et toi, ça serait...
551540	553640	Clément, c'est déjà un nom qui s'est fait plaire.
553660	554360	Ah, Clément, c'est assez...
554360	554480	Oui.
555220	555620	C'est vrai.
556720	558240	Moi, j'y suis déjà dedans.
558740	559240	T'aurais préféré...
559340	562460	Préférer faire la guerre en tant que gars dans les...
562460	566660	Tu penses que la pire guerre à faire en tant que soldat d'une armée, c'est...
566660	568940	C'est l'étranger de Verdun ?
568940	570060	Ou c'est...
570060	573380	Ou c'est genre soldat américain en Irak, maintenant ?
573380	573660	Ou alors soldat...
573660	574340	Tu parles de...
574340	576460	Tu parles de toute époque confondue ?
576460	576700	Ouais.
576840	578340	Ou alors soldat...
579160	579400	Voilà.
579680	581380	Guerre du Vietnam, ça peut être chiant aussi.
581800	581960	Ouais.
582120	582720	Je pense que...
582720	585140	Je pense que si tu prends toute époque confondue, c'est très compliqué.
585280	586660	Parce que je pense que...
586660	587640	Euh...
587640	588340	Sur l'étendue...
588340	588860	Sur l'étendue...
588860	589340	Euh...
589340	591700	Interminable du Moyen-Âge, il y a dû y avoir des trucs...
591700	592940	Vraiment horribles.
593040	596720	Et même avant, tu vois, n'importe quel soldat était un grouillot qu'on venait chercher...
596720	597800	Qui n'avait pas vraiment le choix.
597960	598360	Donc, voilà.
598820	601860	Après, quand on est devenu sur des armées d'État...
601860	602540	Euh...
602540	606440	Je pense sincèrement que la Première Guerre mondiale, les tranchées, ça devait être le...
606440	607180	Peut-être le pire.
607660	610160	Parce que t'avais toute la modernité qui commençait à...
610160	611220	À débarquer...
611220	612660	Oui, en fait, c'est mieux de se faire défoncer...
612660	613420	Se mêler à tout ça.
613560	615400	Par des obus ou du gaz moutarde.
615400	616400	Ou par un spartiate...
616980	617600	Ah, je sais pas.
617600	619540	Un grand coup d'épée à l'ancienne.
619860	621120	Tu devais en chier.
621540	623340	Tu devais vraiment en chier à l'époque aussi.
623360	623880	Je suis pas prêt en tout cas.
624300	627620	Je suis pas sûr que le 5 minutes workout mette beaucoup dans les tranchées.
628460	630700	Je sais pas, mais je me dis que peut-être...
630700	631480	Non, c'est sûr.
632160	632700	Ça, c'est certain.
633180	634380	Mais je me dis, tu vois...
634380	638400	Je pense que les guerres contemporaines sont plus...
639200	640520	Évidemment plus...
640520	641580	Plus meurtrières.
642140	643520	Ça va peut-être un peu plus vite, quoi.
643520	644500	Bah ouais, je sais pas.
645360	646260	Non, mais parce que...
646260	647520	Ouais, moi j'ai entendu parler d'un gars...
647600	648780	Qui avait fait la guerre en Irak.
649420	651040	Et il me disait que...
651040	652160	Alors, c'est vrai que c'est horrible.
652260	653120	Ils étaient dans des tanks.
654000	656820	Et puis à n'importe quel moment, il pouvait y avoir une embuscade.
657420	660420	Mais le soir, il rentrait dans un énorme camp de base américain.
660560	662260	Et il jouait à Call of Duty, ces gros tarés.
662980	663760	Non, je te jure.
664240	666380	Il me disait que les Américains, ils tuaient des gens dans la vraie vie.
666520	668540	Et après, ils rentraient, ils allaient tuer des gens sur Call of.
668680	670660	Et ils adoraient, quoi.
670820	671560	Donc c'était...
671560	671960	Bon, voilà.
673060	674080	Et le Vietnam.
674300	675900	Je pense que le Vietnam, ça devait être un enfer.
676200	676260	Le Vietnam.
676460	676960	Mais quand tu regardes...
677600	679740	Je pense que...
679740	680860	Je suis très film de Vietnam.
681040	684080	Et je pense que celui où tu sens le plus qu'ils en ont chié, c'est Platoon.
684940	685600	Vraiment, ils en chient.
685640	686760	D'ailleurs, il y a...
686760	688760	Si vous n'avez jamais vu Platoon, matez-vous Platoon.
689060	692600	Et il y a un documentaire sur le making-of de Platoon.
694200	695500	Et qui est incroyable.
695600	699080	Parce qu'Oliver Stone, il les a vraiment, pour les entraîner, emmenés un mois...
699080	700640	Ils les ont foutus dans la merde.
700640	701440	Mais vraiment.
701760	703120	Au début, ils rigolent un peu, les gars.
703280	705180	Et après, ils comprennent que ça va vraiment être chaud.
705620	706760	Et en fait, le film est trop bien.
706900	707580	Parce que vraiment.
707600	710780	Avant le tournage, ils en ont chié en conditions réelles.
710980	711460	Mais méchamment.
711460	712580	Tu vois, c'est pareil.
712680	715560	Si tu te bases sur des tournages, je pense qu'être un conquistador,
715780	717720	te battre contre des indiens dans la jungle,
718440	719600	tu vois, comme dans Aguirre,
720220	721500	ça devait être l'enfer.
721660	723260	Parce que tu n'avais même pas la médecine avec toi.
723560	724020	Oui, c'est ça.
724260	724960	C'est que...
724960	726720	Tu étais foutu à la moindre blessure.
726880	727460	C'était infecté.
728000	728720	Sauf que faux.
729040	730460	À l'époque, il y avait des pouvoirs magiques.
731240	732340	Ah, certes, il y avait la magie.
732900	733260	Pardon.
733620	733760	Pardon.
734140	734300	Pardon.
736240	736960	Réfléchissez un peu.
737200	737440	Parce que...
737440	739060	Le podcast n'a aucun sens.
739780	741100	Ça fait déjà 12 minutes.
741220	741580	C'est vrai.
742040	743060	Mais on avait perdu la première minute.
743220	744920	Non, par contre, quel film vous avez cité ?
744920	745340	Je ne l'ai pas vu.
745460	745980	Ça m'intéresse.
746820	747900	Ah, Aguirre.
748320	749100	La colère de Dieu.
749420	750580	Avec Kloskinski.
750680	751400	Vous n'avez pas vu ça ?
751400	753220	Ah non, mais moi, Kloskinski, je ne peux pas voir sa tête.
753360	753880	Ce n'est pas possible.
754800	759180	Alors, c'est vrai que moi, je l'ai vu avant de savoir qu'il était violeur d'enfants.
759900	760180	Ah oui.
760400	762520	Non, mais ça, ça ne me dérange pas.
762580	763520	C'est dans le thème de ma semaine.
763640	764300	Mais c'est sa gueule.
764440	765300	C'est sa sale gueule.
765300	766800	Ah, mais il est génial dedans.
767060	770380	C'est un monstre, mais il est incroyable.
770600	772220	C'est un film d' Herzog.
772800	773980	Ah, je l'aime bien, Werner.
774540	774760	Je l'aime bien.
774760	776320	Eh bien, regarde Aguirre.
776400	776860	C'est incroyable.
777200	778640	C'est la folie.
778820	781060	C'est des conquistadors perdus dans la jungle.
781500	782960	Le tournage a été horrible.
783560	789520	À un moment, je crois que c'est sur ce tournage que Herzog a voulu tuer Kinski avec un flingue.
789640	791440	Enfin, ce n'est pas lui, c'est un autre acteur.
791620	792160	C'est génial.
792660	794980	Je ne savais pas qu'il s'est avéré.
795140	795160	Il a vu.
795300	797400	Il a violé des enfants, Kloskinski ?
797400	799900	Non, je crois qu'il était...
799900	800740	Il a la tête, en tout cas.
800760	803400	Il faudrait que je relise, mais je crois qu'il a violé sa fille.
804100	804500	Ah, ben ça.
805400	806000	J'arrête.
806360	806800	J'arrête.
807280	808040	Non, mais...
808040	811040	Non, mais je crois qu'il était...
811040	816160	Je crois qu'il faisait des petits trucs sales avec plusieurs de ses filles.
816160	823260	C'est quand même chiant pour les clichés en général, quand les gens ont vraiment la gueule de ce qu'ils sont.
823260	824400	Ah, ben...
824400	829520	Ben non, mais tu vois, je veux dire, Francis Holm, Kloskinski, tu sens.
829900	830460	Tu sens le truc.
831220	833340	Oui, oui, ben tu sens, oui, comme...
833340	834880	Certains, certains moins, tu vois.
835240	836540	Mais je ne sais pas, parce qu'on te dit...
836540	837760	Ce n'est pas ce que tu sais, après.
838240	842020	Mais on te dit, par exemple, tu vois la gueule de Francis Holm, et on te dit qu'il est...
842020	843040	Si, non, Holm, si.
843280	843780	Holm, si.
843960	846800	Mais imagine, parce que tu as le contexte.
847100	849160	Non, mais je suis d'accord, mais je veux dire, fournirait...
849160	851180	Fabric au dépôt, tu y crois ?
851180	852060	Ah, non, non, non, non, non.
852260	852840	Fournirait, oui.
852840	853620	Fournirait, oui.
854080	855220	Franchement, fournirait.
856060	857840	Si tu ne sais pas, bon...
858800	861000	Francis Holm, tu n'as pas besoin.
861300	861600	Tu sais.
862040	867120	Émile Louis, c'est Philippe Nahon en plus attaqué par la vie.
867720	868980	C'est sûr.
869320	870420	C'est dur, c'est un record.
871260	874340	C'est un défi qu'il a relevé avec brio.
874460	875140	Non, non, c'est dur.
876260	878400	Je pense que Francis Holm...
878400	879980	Attends, les lunettes teintées, il y a tout.
880280	882820	Les lunettes teintées, de toute façon, il n'y a pas une personne...
882840	884800	Il n'y a pas une personne normale qui a des lunettes teintées, je pense.
884880	886260	Ça fait partie de la tiraille.
886880	890420	Je pense que c'est pour cacher le diable dans leurs yeux, en vrai.
891340	892340	Ouais, ouais, peut-être.
893440	894620	Peut-être qu'il trouve ça classe.
895160	895860	C'est possible aussi.
896020	898880	Ouais, parce qu'il prouve qu'ils ne vont pas bien.
899020	901660	Bref, eh ben voilà, pas mal.
901860	903480	Alors, un petit mot sur le Discord.
904280	906020	Vous commencez déjà à faire des conneries.
906180	907360	Vous avez invité Sieber.
908240	910500	Quelqu'un a autre chose à foutre, vous l'avez invité.
910500	911920	Donc, il est en train...
911920	912820	Je ne suis pas allé voir depuis.
912840	914260	Depuis ce midi.
914440	916240	Et surtout, bande de gros malins, vous l'invitez.
916660	918500	Et tant mieux, il est là et on est content qu'il soit là.
919200	922800	Mais si des gens veulent dire du mal de ses livres, bande de bouffons,
923260	923700	maintenant, vous ne pouvez plus.
923700	924560	Maintenant, c'est fini.
924620	925940	Parce qu'il est là et qu'il vous retrouvera.
925940	927080	Vous êtes obligé d'aimer Sieber.
927300	930440	Et qu'il vous foutra dans le sanctuaire.
930560	930860	Et puis voilà.
931580	932520	Alors, bizarrement...
932520	934420	Non, non, mais en plus, je crois, d'après ce que j'ai lu,
934480	935580	que ceux qui n'aiment pas lui disent.
935960	940800	Genre, j'ai cru voir, est-ce que le prochain sera moins horrible que Lui Noir ?
940800	941460	Enfin, mais t'as pu suivre.
941460	943660	Eh, mais vous prenez des risques inconsidérés.
944420	945660	Non, mais son bouquin est sorti.
945760	948020	Il ne peut pas nous l'envoyer en physique, mais il est présent au Kindle.
948080	949080	Moi, je pense que je vais lui donner de l'argent.
949200	949640	Je vais l'acheter.
949740	950560	Moi aussi, je vais l'acheter.
950960	951800	Et puis...
951800	953020	Ce sera une bonne lecture.
953460	954000	On se le lira.
954820	955400	Bien sûr.
955700	959360	Et puis, Christophe, bienvenue sur Discord.
960100	962640	Je ne sais pas trop ce que tu veux en faire.
962720	963740	Comment ça vous organisez ?
963740	965580	Faites au moins un groupe François Cluzet, quoi.
966280	967980	Il voulait inviter Cluzet aussi, d'ailleurs.
968180	969280	Mais ça, ça va être plus compliqué, je pense.
969280	970460	Ça, je pense que ça va être plus compliqué.
971260	971280	Mais...
971460	974220	Mais faites au moins un groupe pour parler que de Passion Cluzet.
976580	977400	Moi, ils font ce qu'ils veulent.
977400	982380	J'ai décidé, à part supprimer des gens...
982380	984700	Et sinon, avant qu'on se quitte, une excellente nouvelle.
984820	985580	Riviera des Tentes.
986160	987240	Petit épisode bunker.
987860	988440	Ouais, ouais, ouais.
988540	989900	Je vais m'écouter ça tout à l'heure.
990500	992700	Je vous invite les Costicos à écouter ça.
992780	993320	Ça devrait vous plaire.
993940	994220	Normal.
994420	995400	D'ailleurs, ouais, dans le...
996260	997340	Ça n'a pas tardé.
997680	1000560	Vu qu'ils n'ont rien à dire sur notre podcast, au bout de trois secondes, c'était
1000560	1001260	« Eh, sinon, il y a quoi d'autre ? »
1001260	1004080	« Il y a quoi d'autre comme podcast qui ne s'en va ? »
1004080	1004900	Dans la discussion.
1005360	1007680	Donc, respectez-nous ou ne parlez pas des autres podcasts.
1008300	1011000	Vous connaissez des trucs comme Plutôt Caustique, mais en mieux ?
1011000	1013020	Mais en plus, ça revient...
1013020	1013500	Sans les cons.
1013780	1014780	Il n'y a pas beaucoup de concurrence.
1014880	1016580	Au final, ils reparlent de ceux que j'écoute, et ça va.
1016680	1018840	Riviera des Tentes, Floodcast, c'est sympa la vie, quoi.
1019100	1021000	Tant mieux, ça veut dire qu'on a les mêmes goûts, mais...
1021000	1021260	Mais voilà.
1021520	1023440	Ouais, ils parlaient de...
1023440	1023940	Ouais, c'est ça.
1024260	1025080	À peu près les mêmes, quoi.
1025340	1027340	Et de meurtre à Saint-Jacques, je crois, aussi.
1027340	1027940	De...
1027940	1029320	De décrac...
1029320	1030340	Non, pas des cracs de...
1030900	1031560	Ça, c'est pas mal.
1032020	1032860	C'est un truc assez sympa.
1033000	1034840	J'ai commencé il y a longtemps et n'ai pas continué.
1034920	1035780	Il faudrait que je m'y remette.
1036480	1037860	L'autre personne de l'Internet, là.
1038360	1038980	Oui, oui, oui.
1039040	1039840	On les connaît.
1040040	1041240	Le barbu des Internets.
1041360	1042000	Voilà, faites-vous le choix.
1042180	1043480	On est tous les mêmes, de toute façon.
1044020	1045760	Et on ne s'adresse qu'à des gens qui nous ressemblent.
1046460	1047060	Donc, voilà.
1047380	1047680	Super.
1048620	1049040	Très bien.
1049100	1051740	Écoutez, Paris 18, je vous dis à demain.
1052020	1053720	Eh bien, à demain, on continue le week-end, alors.
1054080	1055900	Bon, écoutez, un premier...
1055900	1057300	Un week-end...
1057300	1057940	Je ne sais pas.
1057940	1059780	Je ne sais pas ce que ça va changer, en fait.
1060260	1061240	Parce que...
1061240	1062220	Ce que je disais tout à l'heure.
1062360	1064880	Tu dis aux gens, écoutez...
1064880	1065320	Non, mais...
1065320	1066260	Oui, non, mais c'est sûr.
1066460	1067660	Moi, je suis épuisé.
1067920	1070960	C'est plus fatigant ici qu'au bureau.
1071520	1073840	Mais ce qui est marrant, c'est de dire aux collègues.
1073940	1075220	Bon, je file.
1075340	1076080	Salut, bon week-end.
1076440	1078840	Tu fermes l'ordi et tu restes assis au même endroit.
1079300	1079620	Donc, bon.
1080380	1080900	Eh bien, super.
1081480	1083220	J'ai un WhatsAppéro, là.
1083240	1083660	Je tente.
1083840	1085340	Parce que je prépare une vidéo sur WhatsAppéro.
1085340	1086780	Donc, je tente pour voir ce que c'est.
1087560	1087920	Très bien.
1088020	1090180	Écoute, je te souhaite un bon WhatsAppéro.
1090760	1092340	Allez, bon week-end à tous.
1092560	1094080	Et surtout, un gros big up.
1094160	1097640	Parce qu'il y a encore des gens qui travaillent et qui disent qu'ils nous écoutent en rentrant du travail.
1098200	1101960	Et on est là à parler de nos vies de privilégiés qui peuvent travailler à la maison.
1102080	1104860	Mais on n'oublie pas qu'il y a des héros qui travaillent dehors.
1105020	1105400	C'est vrai.
1106120	1108000	Donc, gros big up à vous.
1108100	1112740	Et c'est pour eux que j'irai applaudir dans cinq minutes sur mon balcon.
1113040	1113240	Oui.
1113240	1116380	Alors, moi, j'ai quand même l'impression que ça applaudit un peu pour moi dans ma rue.
1116940	1117520	Mais bon.
1117520	1118580	Je ne voudrais pas m'emballer.
1118800	1120880	Mais quand même, je trouve que voilà.
1121700	1123220	Merci pour plutôt confiner.
1123560	1123820	C'est sympa.
1124040	1125960	Les gars, applaudissez.
1125960	1126580	Je dois fermer.
1126940	1127440	Mais bon.
1128060	1128580	Calmez-vous.
1128740	1129620	Ça me fait plaisir quand même.
1130820	1131080	Allez.
1131300	1131780	Allez, salut.
1131780	1132420	Salut Paris 18.
1132480	1133060	Salut Paris 20.
1133860	1134100	Ciao.
1134960	1135440	Ciao.
1137040	1138640	Quel insupportable personne.
1139480	1141480	Je ne m'apprécie pas du tout.
