start	end	text
0	6400	On appelle Paris 20. C'est parti.
6400	7640	Good morning.
30000	32480	Bonsoir.
33480	36860	Paris 18, est-ce que vous me recevez ?
36860	38880	Paris 20, je vous reçois.
39940	41600	Qu'est-ce que c'est que ce bordel ?
41600	44140	Bon ben, je les ai un peu prévenus.
44460	49120	Donc, les mecs, nous venons de voir la vidéo...
49120	52920	Qu'est-ce que c'est que ce bordel ?
52920	54440	J'ai essayé de reprendre.
54620	57240	Ça avait compliqué parce que vraiment, je suis encore sous le choc de la vidéo.
57360	59980	Je viens de faire une story qu'à mon avis, je vais effacer.
60000	61840	Parce qu'elle est trop méchante que j'ai fait sur le coup.
62020	63520	Mais vraiment, c'est compliqué.
64660	66620	Déjà, sachez que j'aime bien Jean-Jacques Goldman.
66780	67520	Avant ce que je vais dire.
67700	70560	Bref, Jean-Jacques Goldman a fait une vidéo aujourd'hui.
70740	72000	Qui reprend sa chanson...
72800	74840	Il changeait la vie, c'est ça ?
74840	78120	Ah mais alors, moi, je ne connais rien à Jean-Jacques Goldman.
78340	80520	Le peu que je connaisse, je n'aime pas du tout.
81120	83960	Alors, là, vous m'apprenez que c'est un morceau existant.
84020	85220	Je pensais qu'il avait composé ça.
85280	86500	Mais ça rend la chose pire.
86740	87440	C'est bien pire.
87680	88720	Donc, c'est son morceau.
88880	89940	Il changeait la vie.
90000	94300	C'est un morceau célèbre de Goldman.
94980	101200	Et donc, il a fait ce que font tous les gens dans les mariages.
101220	103200	De 86 ans.
103400	104360	Dans les mariages.
104640	108440	De prendre la chanson, changer les paroles par rapport à l'actu.
108540	110740	Mais d'habitude, c'est genre le mariage d'une fille.
111300	113760	Séverine, ça fait longtemps qu'on ne s'est pas vu.
113960	115760	On s'est connu à l'école et tout le monde le fait.
116020	116300	Et c'est génial.
116300	116700	Oh non.
116700	119980	Mais là, ce que Jean-Jacques a fait.
120000	124120	Et bon, il a pris sa chanson et il changeait la vie.
124640	126500	Il l'a filmé.
126660	127660	Et après, donc bon, voilà.
127920	130060	En fait, ce qui s'est passé, c'est que donc, il aurait pu.
130580	133200	Donc, il s'est filmé chez lui en webcam.
134900	138660	Et déjà, ça, c'est très rare parce que je ne connais pas bien Goldman.
138800	141220	Mais je sais qu'il est très discret, qu'il ne se montre jamais.
141440	141660	C'est ça.
141720	142280	On ne le voit jamais.
142380	142900	On ne le voit jamais.
143140	148160	Et donc, au lieu de faire ce qu'on fait avec Brio Cabrel.
148160	149820	C'était plutôt sympa.
149820	150520	C'est ça ce qu'il a fait Cabrel.
151100	151620	Je n'ai pas vu.
152360	153780	En gros, il chante avec sa guitare.
153900	154460	Il fait deux, trois blagues.
154540	155580	Cabrel, tout compris Internet.
155920	157200	Cabrel, il arrive avec sa guitare.
157540	159240	Il fait deux, trois blagues sur sa coupe de cheveux.
159440	162360	Il fait une reprise d'une chanson qui n'est pas forcément connue, mais qu'il aime bien.
162800	163120	Parfait.
163240	163820	Carton plein.
164240	165060	Mathieu Chédid aussi.
165520	166720	Vraiment bien compris Internet.
167040	176700	Là, Goldman, ce qu'il fait, c'est qu'il se filme en webcam de tout près.
177160	178240	Et on ne l'a pas vu depuis longtemps.
178240	179760	Donc, si vous ne le savez pas, il ressemble.
179760	180760	Il ressemble à Déric maintenant.
181740	182280	Il ressemble.
182800	185860	Non, mais vu que ça fait longtemps, évidemment, il y a le coup de vieux.
186340	186880	De fou.
186980	188640	On ne l'a pas vu depuis longtemps.
188840	189840	Donc déjà, coup de vieux énorme.
189940	192340	Donc, il est filmé mal éclairé en webcam.
192900	194380	Et là, la chanson part.
194880	197720	Parce que comme si c'était un karaoké.
198340	200880	Et là, pendant 20 secondes, il ne dit rien.
200900	201220	Il n'y a rien.
205220	209360	En plus, on dirait que c'est quelqu'un qui ne sait pas comment marche la webcam.
209760	210500	C'est exactement ça.
210920	213740	C'est exactement comme quand tu appelles ta grand-mère sur Skype.
214140	215900	Et qu'elle ne sait pas quoi faire.
216300	217760	Et là, il y a un décalage de son.
218100	219040	Et là, le son part.
219120	220580	Mais sauf que l'intro est interminable.
220940	224420	Et au lieu de dire, il aurait pu dire cette chanson, je la dédicace à machin.
224500	225580	Mais au lieu de ça, il ne dit rien.
226940	230200	Et ce qui fait qu'en fait, sur Facebook, nous, on apprend ça.
230260	231460	Parce que c'est ce qu'on fait tous les jours.
232180	233860	L'important, c'est les premières secondes.
234340	236980	Et là, il n'y a pas de son.
237840	238920	20 secondes de rien.
239080	239740	Enfin, ça ne l'a pas empêché.
239740	241300	Tu as réussi à faire 45 000 partages aujourd'hui.
242040	242480	Non, non.
242580	242960	Et puis, attends.
243340	244540	Moi, je te dis, je l'ai vu passer.
244840	247100	Je l'ai regardé parce que tu m'as dit, il faut que tu gardes ce truc.
247540	252740	Mais moi, je l'ai vu passer des dizaines de fois par des personnes très premier degré qui l'adorent.
253320	255300	Et du coup, je me suis dit, bon, il doit faire un message.
255560	256380	Moi, ça ne m'intéresse pas.
256440	256880	Je ne clique pas.
257500	257780	Franchement.
258100	261560	Et donc, il a changé les paroles de sa chanson pour dire un truc sympa.
261700	264420	Pour dire merci à tous les gens qui travaillent pendant qu'on est confiné.
264460	265620	C'est très important de rester chez nous.
266160	266380	OK.
266840	267760	Et aucun problème.
268120	268400	Aucun.
269060	269380	Alors.
269740	272020	À côté de ça, parce que toi, tu connais peut-être le morceau.
272860	276680	Il y a un vrai problème de souffle pour atteindre les aigus.
278160	279960	Bon, clairement, il fatigue un peu.
280080	281980	Donc ça, je ne voulais pas trop me moquer.
283540	284280	Pourquoi ?
284280	288020	Parce que du coup, ça le force à faire des sortes de grimaces pour atteindre les aigus.
289660	290800	Comme une convulsion.
291120	292800	Et à un moment, j'ai cru qu'il ne finirait pas le morceau.
293180	294720	Une sorte de petite...
294720	296640	Et là, du coup, je me suis dit, merde.
296640	299060	Là, il pousse trop, peut-être.
299360	299640	Ah là là.
299740	300320	Là, là, là.
300460	302060	Moi, putain, mais c'est imparodiable.
302140	303860	C'est ce que mon frère qui m'a envoyé la vidéo m'a dit.
303920	304800	C'est imparodiable.
305160	306340	C'est parce que là...
306340	309500	Alors, moi, j'ai encore beaucoup de questions.
309920	312660	Pourquoi le refrain, il ne prononce plus les mots ?
312660	317780	Parce qu'en fait, il y a comme un clip qui n'est pas mal fait.
318000	319260	L'écran est coupé en deux.
319440	321720	Et ça fait défiler des photos de gens à qui il dit merci.
321880	322660	Donc, les infirmiers.
322660	324560	Ça, pour le coup, c'est vraiment horrible.
324760	326820	Parce que là, du coup, on le voit encore.
327180	328160	Et il n'a rien à faire.
328440	329720	Donc, il regarde encore la webcam.
329740	330700	Comme un gars chelou.
330920	331620	Oui, mais c'est un refrain.
331760	332660	Donc, il pourrait dire merci.
332840	333720	Et en fait, il mime.
334320	335020	Merci beaucoup.
335520	336200	Sans le dire.
336840	337800	Donc, c'est très, très bizarre.
338280	339500	Donc, il fait des sortes de grimaces.
339620	340080	On dirait qu'il a...
340080	342240	Moi, j'ai cru au début qu'il n'arrivait pas à le faire.
342480	343100	En fait, non.
343220	344080	Parce que...
344080	345740	C'est une vidéo de David Lynch.
346140	346980	C'est incroyable.
348120	349400	Je pense qu'on la met à l'envers.
349500	350460	On entend le diable.
350900	351500	Il y a un truc...
351500	352020	C'est ce que je comprends.
352100	353100	Et je n'ai pas vu les partages.
353180	354380	Mais heureusement que je découvre ça que maintenant.
354380	355220	Parce que je pense que...
355220	358200	Je sais que j'ai des gens qui vont la partager autour de moi à premier degré.
358500	359600	On peut aimer Jean-Jacques Goldman.
359940	361300	On peut avoir plus de 50 ans.
361640	364480	On peut être d'accord avec le message.
364980	367360	Tout en critiquant la forme.
367440	368100	Là, ce n'est pas possible.
368480	369540	Là, ce n'est pas possible.
369900	371000	Je ne vais même pas critiquer.
371280	371500	Parce que...
371500	372140	Ce n'est même pas critique.
372140	372900	On va dire...
372900	373980	Oh, mauvais esprit.
374380	374560	Voilà.
374660	376600	Que personne ne m'embête sur le mot...
376600	378220	Là, c'est trop.
378620	380420	C'est trop pour ne pas faire du mauvais esprit.
380740	381340	Je ne peux pas m'embêter.
381340	383340	Mais d'accord que rien ne va.
383900	385200	Alors, moi, déjà...
385200	389980	Juste entre le temps où tu me l'as envoyé et le temps qu'on s'appelle,
390600	393260	j'ai isolé 5 secondes de vidéo.
393620	394120	Il m'a dit...
394120	394440	Merci.
394740	395080	Merci.
395360	396400	Merci, les boulangers.
397340	398320	Merci, les boulangers.
398340	399420	Merci, les équipages.
399680	401500	Il dit merci, les équipages, deux fois.
401700	402520	On ne sait pas ce qu'on sait.
405360	406200	Le petit père.
406320	407780	Mais alors, qu'est-ce qu'on sait de lui ?
407780	408720	Où est-ce qu'il vit ?
408720	409200	Est-ce que...
409840	410620	On ne sait pas.
410740	411280	On ne sait pas.
411380	412200	Mais là...
412200	413160	Il y a...
413160	414980	Ce qu'on sait, c'est qu'il est très, très loin.
415200	418300	Il est au plus loin possible des conseillers com.
418560	420880	Tous les conseillers com sont loin.
422240	424880	En plus, il a vraiment le regard perdu.
425280	428760	On dirait, tu sais, une vidéo où quelqu'un en otage, on l'obligerait à faire un truc.
429460	430220	C'est ça.
430560	431020	C'est ça.
431600	433680	En fait, si on la passe à l'envers, ça dit...
433680	436240	Aidez-moi, je suis retenu par Nolwenn Leroy dans une cave.
436580	437780	Et elle m'oblige à chanter.
438080	440880	33% je suis en train de finir une confiture.
442640	444140	33% d'Eric.
444560	445060	33% d'Eric.
445060	445160	33% d'Eric.
445160	445180	33% d'Eric.
445200	446320	33% prise d'otage.
446760	448420	C'est un enfer.
449140	449920	Regardez-la.
450200	452520	Oh putain.
453420	458060	Écoute, ça m'a sauvé cette fin de journée.
458940	460840	Encore une fois, pas de mauvais...
460840	462480	D'accord avec le message.
464020	465640	Soutien total.
465940	467040	Inconditionnel à cette vidéo.
467480	468220	À Jean-Jacques Goldman.
468460	470320	Dans 10 ans, je rigolerai encore, c'est sûr.
470840	471360	Et qui...
471360	471900	Mais du coup...
471900	472340	Mais pardon.
472340	474660	Mais vu que c'est obligé...
474660	478040	Il n'y a pas eu de conseiller comme...
478040	480420	Mais donc ça veut dire que c'est lui qui a tout fait.
480960	481660	Non, c'est pas pour ça.
482140	482500	Ben si.
482780	483160	Il a pris Windows...
483160	484280	Il n'a pas fait le montage.
484420	488620	Mais s'il a payé quelqu'un pour faire ça...
488620	491700	A la rigueur, c'est une vieille personne qui ne connaît pas Internet,
491820	493880	qui a fait n'importe quoi avec son Windows Movie Maker.
494100	494300	Ok.
494920	497640	Mais s'il y a quelqu'un qui lui a facturé ça
497640	500440	ou qui lui a dit gentiment je vais te faire ça pour la bonne cause...
500440	501300	Mais non, bien sûr que non.
501300	502600	C'est lui tout seul.
502860	503440	Ben oui, voilà.
503800	504140	Donc c'est...
504140	505880	Donc c'est Jean-Jacques qui l'a pris son Windows Movie Maker.
505880	506480	C'est lui tout seul.
506520	508320	Mais je veux dire, il avait peut-être un...
508320	512360	Tu vois, un petit-fils ou sa femme qui...
512360	512720	Oh la foirée.
513020	513600	Je ne sais pas.
513740	514940	Split écran en deux.
516100	517260	Le split écran, il est plutôt lent.
517460	519300	Parce que ça défile...
519300	522260	Toujours les mêmes dames qui défilent, les boulangères qui disent merci.
522460	524080	Oh là là, et le montage.
524260	526720	Oh là là, le retard total.
527600	528200	C'est du...
528200	530380	Je suis gêné.
530380	533080	Alors, j'avoue que je ne l'ai regardé qu'une seule fois.
534140	536900	Donc, pour l'instant, je n'ai pas encore...
536900	537880	Tu vois, c'est à chaud, quoi.
538400	539180	La puissance...
539180	540580	Attends, mais moi, j'ai eu le truc.
540840	541580	Mon frère me l'envoie.
542180	544180	Et il me dit...
544180	546380	Et je regarde les 20 secondes et je suis mort.
546620	547620	Et je me dis, ça ne peut pas être pire.
547880	548920	Et là, il fait la chanson.
549420	550280	Et il change...
550280	552100	Et je me dis, mais non, pas cette chanson, elle est nulle.
552320	553700	Et après, paf, il change les paroles.
553940	555040	Et je me dis, ça ne peut pas être pire.
555280	556480	Et là, je reçois un message de mon frère.
556880	557820	Tiens bien jusqu'au bout.
558140	559520	Ça va être pire à la fin.
559520	560560	Mais la fin ?
560560	561920	Comment il peut faire pire ?
561920	562740	Comment ?
562740	563520	Comment ?
564280	566520	En plus, il a une sorte de petite...
568240	570840	Ce n'est pas une chorégraphie, mais il dandine de la tête.
571980	572780	Quel âge il a ?
572780	573300	Quel âge il a ?
573300	574080	Tiens, vas-y, je te demande.
574220	575560	Comme ça, quel âge il a ?
575560	576400	Donne-moi un âge.
576620	578260	En normal ou en ressenti ?
578260	581800	Normal et ressenti.
582260	584740	En normal, je pense qu'il a 65.
585620	588280	En ressenti, il a le double.
588960	590180	Non, il a...
590180	592720	En ressenti, bibliothécaire à la retraite.
592740	594540	Vraiment horrible.
595280	596700	Il a 68 ans.
596900	597480	Ah ouais, ben voilà.
598200	601340	Et il a 1, 2, 3, 4, 5, 6 enfants.
602060	603200	Ça, par contre...
603200	604480	Non, mais en plus, j'adore Goldman.
604900	606120	Je n'ai rien contre sa musique.
606280	606900	Je le trouve cool.
607540	610340	Je trouve ça super classe qu'il continue à être personnalité préférée des Français.
610460	611320	Surtout, il a sa gueule.
611320	611500	Bien sûr, bien sûr.
611700	612760	Vraiment, voilà.
613000	614480	Et aussi, il a fait un truc vraiment cool.
615640	617400	On en avait déjà parlé, d'ailleurs, dans un épisode.
617660	620080	Il a dit à ses enfants, vous n'aurez rien.
620380	622380	Commencez à travailler parce que c'est déjà...
622380	622560	Ah ouais ?
622560	622720	Ah ouais ?
622740	623180	C'est un héritage.
623480	626940	Vous aurez un peu, mais ma fortune énorme, n'y comptez pas.
627020	627520	Ce n'est pas pour vous.
628200	628320	Voilà.
628500	629760	Et ça, c'est...
629760	631960	Moi, je trouve ça chouette quand même pour ne pas que ses enfants deviennent des petits
631960	632360	cons, quoi.
632820	633860	Des petits héritiers, oui.
634340	635880	Donc, voilà.
635940	642080	Alors, en tout cas, d'après actu.orange.fr, Jean-Jacques Goldman brise le silence.
642500	643740	Ben oui, parce que...
643740	644220	Mais du coup...
644220	645120	Parce que ça faisait...
645120	650780	Faudrait qu'on fasse une liste de ses interventions parce que je pense qu'il n'était pas venu
650780	652080	là depuis...
652080	652560	Putain, merde.
652560	653520	Mais il est jaune, peut-être ?
653520	653700	C'est pas...
653700	654240	Un conseiller...
654240	655920	Mais je te jure, il fait le même truc.
656140	657360	Il la chante à la guitare.
657680	658780	Il n'y a pas le montage bidon.
659220	660560	Il n'y a pas 20 secondes de bizarre.
660780	661880	Ça ne fait pas karaoké chelou.
662320	663080	C'est incroyable.
663660	664740	C'est sa petite tête, quoi.
664940	665460	C'est ça.
665680	666800	Il a l'air tellement triste.
666980	667720	Et en même temps, c'est qu'il a l'air sérieux.
667720	668180	En fait, c'est ça.
669180	669820	Il est hyper...
669820	671080	Non, mais en fait...
671080	673560	Et si, finalement, cette vidéo, ce n'était pas...
674840	676500	Je ne sais pas.
676620	681020	Peut-être la meilleure chose qui soit arrivée depuis le coronavirus, tu vois.
681020	681380	Ah oui, oui.
681380	682480	Ah non, mais c'est incroyable.
683040	685380	Mais en même temps, ce que je trouve fou, c'est que...
687140	688960	C'est comme quand on fait des vidéos second degré,
689040	690500	qu'on se rend compte que personne n'a le second degré.
690680	691640	Ça me rend très triste,
691700	693620	parce que je me sens en total décalage avec la population.
694060	695880	Et là, le fait que...
695880	697060	Je n'ose pas voir les commentaires,
697240	699700	mais s'il n'y a pas un peu de...
699700	700700	Il a quand même l'air bizarre.
700820	701640	20 secondes de rien.
702100	702420	Personne.
702580	705160	Tout ce que je lis sur Twitter, c'est immense merci.
705360	705640	Bravo.
706180	706500	Merci.
706680	710420	Je suis en total décalage avec la population française.
710420	711340	Et ça m'a triste.
711380	714580	Parce que je pense qu'on peut à la fois voir beau message,
714980	717700	mais à la fois voir que ce n'est pas possible.
718100	720840	Écoute, Urbain, moi, je te remercie d'apporter cette nuance.
721360	723600	Aujourd'hui, on peut dire merci Jean-Jacques,
723960	725100	mais putain Jean-Jacques.
726320	727380	Oui, voilà, j'espère que...
728120	728860	Tu vois ?
728860	729620	Voilà, j'espère.
729780	730840	Et je sais déjà...
730840	732180	Je te dis, j'ai fait une story à chaud,
732300	733320	je suis encore plus violent que ça.
734040	736440	Non, il faut rester mesuré.
736560	737460	Je pense que tu l'as bien dit.
737520	739860	On peut voir la beauté du truc
739860	741360	et voir en même temps que là,
741380	742460	tu vois, moi, les commentaires,
742820	744960	j'ai les poils, l'arme aux yeux.
745360	746640	Arrêtez, ce n'est pas possible.
746760	747760	Il la chante mal.
748180	749460	C'est un karaoké.
750400	751500	Franchement, je le redis,
751600	752420	de la même génération,
752680	753440	allez voir Cabrel,
753740	754580	il a sa guitare,
754860	755560	il chante une chanson,
755700	756700	il fait une petite blague.
757040	757400	Parfait.
757620	759140	Je vous jure, rien de ringard.
759500	760140	Rien du tout.
760220	761100	Et c'est la même génération.
761800	762300	C'est juste...
762300	762420	Voilà.
762660	764840	Et ça, c'est bien parce que tu apportes.
764840	765960	Tu apportes autre chose.
766080	767540	Tu montres ce qui est possible de faire.
767720	768960	Et là, du coup, tu as un arrivement
768960	770780	et les gens ne peuvent pas dire
770780	771800	que tu mets de la mauvaise volonté.
772160	772780	Oh là là.
773060	773440	Oh là là.
773580	775840	Bon, il m'a déprimé, mon JJJ, là.
777140	777500	Mais...
777500	778040	Et en même temps, moi,
778040	779420	il m'a redonné un peu d'espoir, tu vois.
780160	780680	Oh là là.
780960	781520	Je sais que...
781520	782900	J'ai envoyé ça à Thomas VDB
782900	784720	qui, parfois, nous écoute.
784980	785720	Je sais que lui,
786320	788340	il avait dit publiquement
788340	790460	que son moment de l'année 2019,
790860	793640	c'était la photo de Guille Desjardins.
793640	794780	Et que...
794780	797020	Dès qu'il va mal,
797360	798040	il n'a rien.
800780	801140	Voilà.
802260	803740	Ça, écoute, ça peut rentrer
803740	805260	au moins dans le top 5
805260	806300	des moments de l'année.
806440	807340	C'est obligé.
807540	808500	Et on n'est qu'en mars.
809720	811460	C'est obligé que ça va être un mème,
811600	812940	ce gif de rien du tout.
813120	813900	C'est obligé.
814640	815300	Je ne crois pas.
815780	816920	Je pense sincèrement
816920	818680	qu'on est les seuls à voir ce truc-là.
818800	819440	Non, non, non.
819660	821700	L'histoire d'Internet est en marche.
822060	822420	Vraiment...
822420	823740	Le gars, il y a 12 000 tweets.
824020	825080	C'est vraiment...
825080	826980	Le gars est au-dessus de tout, là.
827180	828140	Mais c'est JJJ.
828240	829300	C'est le patron de la nation.
829420	830440	C'est plus important quand il parle
830440	830620	que Macron.
830620	830660	C'est le patron de la nation.
830780	832060	Il y a lui et bientôt Renaud.
832180	833240	Et Renaud, ça va arriver.
833940	835000	Il ne s'est pas déjà fait, d'ailleurs.
835360	836620	Qu'est-ce qu'il va nous faire, Renaud ?
836620	837900	Renaud, il va faire un truc comme ça.
838140	838620	Mais j'espère qu'il va...
838620	839120	Toujours debout.
839360	840500	Il va prendre toujours debout.
841080	841300	Oui.
841580	842980	Mais c'est obligé.
843060	844240	Là, c'est sûr que ça se tâte.
844700	845780	Après, en tout cas, tu vois,
846260	847560	moi, musicalement,
847600	848980	je ne peux pas saquer Goldman.
849620	850300	Mais c'est toujours mieux
850300	851140	que mon vieux Calogero
851140	852420	qui a décidé de chanter également.
852580	853500	Tu vois, ils s'y mettent tous.
854160	855320	Oui, oui, je sais, je sais.
855520	856400	Putain, je ne comprends pas.
856400	857280	Moi, la vidéo que j'ai,
860780	862360	c'est pour ça que je t'ai dit
862360	863600	que c'est elle qui me retenait en otage.
863920	864880	Oh là là, c'est sûr.
865680	866720	Norwen, elle l'a mis dans une cave.
866780	868100	Tu chantes, Jean-Jacques !
868100	869340	Les gens veulent t'entendre chanter.
869920	871240	C'est lui qui a lui écrit des chansons,
871300	873420	tu sais, depuis des années.
873960	875420	Bon, je vais avoir du mal à m'en remettre.
876040	876820	Je vais essayer de voir.
876920	878300	Je suis sûr que sur mon Instagram,
878960	879840	je vais me faire insulter.
881140	882100	Bon, ben voilà.
882220	883340	Bon, ben écoutez, en tout cas,
883540	884320	si la santé va,
885000	887460	ça nous apporte un petit épisode sympa.
887460	888320	Moi, j'ai le nez qui coule
888320	889120	et qui brûle un peu.
889280	890120	Mais à part ça, ça va.
890120	892560	Et puis voilà.
892880	894080	Non, mais on parlera de la vraie vie demain.
894200	894980	Aujourd'hui, c'était spécial.
895040	896120	C'est ça, exactement.
896480	897740	Par contre, si j'ai fait un débat,
898200	899240	est-ce que c'est un jour 6
899240	900480	ou est-ce qu'on passe au jour 8
900480	902280	vu qu'on a sauté le week-end ?
902280	903000	Ah non, non, non.
903340	904200	Jour 8 aujourd'hui.
904540	905180	On dit jour 8.
905280	906480	Du coup, les gens ont l'impression
906480	907760	qu'ils n'ont pas le 6 et le 7.
907940	908140	Mais bon.
909020	910280	Oui, mais les gens, on les emmerde.
910940	914160	C'est un bon résumé de ce podcast.
914580	914900	Voilà.
915680	917380	Je vais aller faire un tour sur le Discord
917380	918860	histoire de bannir d'autres personnes.
919000	919280	Allez.
919580	920100	Du coup, on vous enlève.
920100	920440	On vous emmerde.
920640	920880	Salut.
921260	921780	Ça marche.
921900	922500	Salut Paris 18.
