start	end	text
0	10000	Allez c'est parti, on appelle l'autre, de toute façon il ne peut pas se passer de moi, on a affaire à une vraie...
11340	25380	Le mec a des besoins, il est toujours là, appelle, appelle, appelle, tous les soirs, tous les soirs, tous les soirs, s'il te plaît, s'il te plaît, je suis mal, je suis mal, je suis mal, qu'il me dit.
30000	35320	Oh là là, ça ne marche pas du tout, qu'est-ce qu'il se passe aujourd'hui ?
35320	42000	Ils sauvent des vies !
45180	48000	Putain, alors c'est vrai ce que tu m'as raconté ?
49140	50000	Tout est vrai !
50740	58160	Donc, pour ceux qui ne le savent pas, la chanson de Goldman, c'est plus d'une blague sur Facebook, maintenant c'est genre à la radio quoi.
59000	59960	Alors, soit...
59960	68940	Elle a été réenregistrée, soit ils ont pris le son de la... Non, ça m'étonnerait quand même qu'ils n'aient pas pris le son de la webcam.
69560	72420	Non mais ça avait l'air de quoi ? Ça avait l'air de bonne qualité ?
72420	73700	Ah, c'était très pro, ouais, ouais, ouais.
74880	77380	En même temps, c'est Jean-Jacques, même en...
77380	84480	Et alors, bah oui, je me suis renseigné, notre camarade Jordi, il a également entendu en franprix, donc on est sur une rotation lourde.
84980	86860	Ah, peut-être qu'il y a un accord avec Franprix aussi.
87740	89680	Et peut-être qu'il va reverser...
89680	89860	Le connoisseur...
89960	93980	Le connoissant, hein, il va reverser la thune aux hôpitaux ou un truc comme ça.
94880	96600	Ou pas, et ce serait incroyable.
97820	100360	Ce qui serait magique, c'est qu'il garde tout pour lui.
100920	104320	Il va faire une chanson qui cartonne, c'est la seule chanson du truc.
105160	108840	Le mec se fait des milliards en royalties, il garde tout pour sa pomme.
109260	110100	Oh, ce serait magique.
111780	114380	C'est qui les escrocs qui vont se faire de l'argent là-dessus ?
114380	118360	Bon, il y a déjà les gens qui bicravent des masques, ça c'est chaud.
118360	124920	Ouais, eux ils se font choper, les vendeurs de respirateurs au black ou des trucs comme ça.
125760	128580	Mais je sais pas si forcément...
128580	133320	Si, forcément il y a des vendeurs de gel hydroalcoolique.
134600	138420	Mais c'est normal, c'est juste leur marché.
138760	140460	Est-ce qu'il y a des gens qui en ont profité ?
140460	144880	Oui, j'ai vu des sites qui vendaient des kits par exemple, à 45 balles, un masque et du savon.
144880	145760	Ah ouais.
146320	147200	Et est-ce que...
147200	147500	Ouais, ouais.
147500	150300	Et je me demandais qui a augmenté les prix comme des salopes aussi.
151100	153400	Oui, ça c'était au début, mais je crois qu'ils ont régulé d'ailleurs.
154360	156960	Parce que les gars du PQ, putain, les gars du PQ, ils doivent trop se dire
156960	160900	« Putain, mais si on doublait les prix, on pourrait quand même les vendre. »
160900	161460	C'est sûr.
161980	164360	Oui, mais je crois que c'est régulé un minimum.
165900	168420	Et ben, dans quel monde vit-on ?
168420	172300	Et tu vois, c'est dommage qu'on sorte pas plus souvent, c'est le principe.
172480	174400	Mais j'ai une autre histoire à te raconter.
174980	175700	Ouais ?
175700	176700	Tu vois, sur une sortie de...
177500	178200	Sur une sortie d'une heure.
178860	179740	Ah, t'es sorti d'une heure ?
179740	180400	À la limite ?
180400	180940	À la limite ?
180940	182400	Vous avez pas fait plus au moins ?
182400	182960	Non, pas plus.
183060	183340	Pas plus.
183440	184040	C'était les courses, quoi.
184200	185300	Mais j'étais tout près de chez moi.
185380	187060	Non, mais me dites pas, ô débeauté.
187220	188280	Une heure, une heure, une heure.
188520	189720	Non, mais vous êtes au pif, là.
189740	191920	Vous avez fait une heure pile, 59 minutes ?
191920	193040	Non, je sais pas pile.
193320	194720	J'ai pas annoncé un chrono.
194820	195640	Donc, ben voilà.
195960	196760	Donc, peut-être plus.
197400	198840	Ben, je vous le dirai.
199000	199680	Je vous le dirai demain.
199800	200220	Je vais regarder.
200420	201060	J'ai pris des photos.
201060	201680	On se rend pas avec ça.
201680	204380	Bon, oui, mais une heure, c'était dans le supermarché.
206300	207220	Une heure, c'est une heure.
207600	207680	C'est clair.
207680	208380	J'ai pas marché tout.
209140	210160	Un sou, c'est un sou.
210320	210940	Je suis pas parti.
211060	211320	C'est clair.
211320	212820	Je suis pas parti marcher une heure tout droit.
213280	214580	Je me suis arrêté au bout de 500 mètres.
214720	216960	Liste-t-on tous les trucs qui sont un truc qui sont un truc.
217100	217800	Un sou, c'est un sou.
218220	218960	Une heure, c'est une heure.
219760	220740	Quoi d'autre ?
220740	221760	L'aventure, c'est l'aventure.
222200	222720	C'est vrai.
224020	225300	Un chien, c'est pas un chat.
225520	228360	Qui veut un peu dire un chien, c'est un chien, mais pas exactement.
229060	229380	Ouais.
229920	230560	Un tien.
230560	232700	Un tien, ça marche pas.
232720	233560	Non, ça marche pas.
236000	238800	Un français, c'est un français.
239420	240360	Non, je sais pas si ça marche.
240600	241660	Non, donner, c'est donner.
242120	242880	Ah, donner, c'est donner.
243180	243460	C'est vrai.
245980	248160	Et c'est pas fou, les gars, qu'à inventer les trucs comme ça.
248200	250260	Non, une promesse, je sais pas si ça se dit.
250480	252400	Ah, une promesse, c'est une promesse.
252500	253220	Ça se dit carrément.
253500	254840	C'est une promesse, c'est une promesse.
256220	258760	Et aussi, un verre.
258880	259680	C'est un verre.
260560	262380	Ah, personne dit ça.
262640	263920	Si, un verre, c'est un verre.
264020	266840	Non, mais c'est pour dire, c'est qu'un verre.
268080	269820	Je suis sûr qu'on en oublie, attends.
271880	272560	Eh, si, si.
274140	275520	Ah non, j'allais dire, gagner, c'est gagner.
277000	278360	Pas vraiment, pas vraiment, non.
278460	279420	Par contre, donner, c'est donner.
280100	280820	Ah oui, mais ça, je l'ai dit.
281520	282140	Mais reprendre.
283480	284640	C'est voler, donc c'est pas pareil.
284720	285480	Ça, ça va pas.
285760	285900	Non.
286600	289720	Parce que donner, c'est donner, mais reprendre, c'est reprendre.
290000	290520	Bon, ben, ça va.
290560	293160	Dans ces cas-là, c'est nul.
295220	296260	Moi, je préfère, tu vois.
296840	298860	Donner, c'est donner, mais reprendre, c'est reprendre.
300520	302080	Et d'ailleurs, en parlant de dons,
302080	305640	en allant donc au supermarché,
306820	309640	je croise dans une entrée de parking
309640	311060	un SDF qui vit dans ma rue,
311560	313580	qui est une personne fort sympathique,
314280	317560	bien qu'un peu zinzin.
318620	320540	Est-ce qu'un SDF, c'est un SDF ?
320560	322120	Ah là, clairement, oui.
322500	322720	Faux.
322760	324120	Un SDF, c'est un humain.
324240	324540	Perdu.
324640	325000	T'as perdu.
325100	327820	Là, t'as montré une vraie preuve d'inhumanité.
328060	328300	Mais bon.
328380	330520	J'ai montré les limites de mon humanité.
330800	331220	Tout à fait.
331880	334560	Et donc, tu vois, j'avais vu
334560	337960	que c'était évidemment de fait forcément
337960	339060	beaucoup plus compliqué pour eux.
340460	343100	Parce que quand tu vis sur la manche uniquement
343100	344860	et qu'il n'y a plus personne dans la rue,
345020	346480	tu fais plus la manche, quoi, tu vois.
346860	347780	Un peu moins de clients, oui.
348000	349600	Un peu moins de passants, quoi.
349600	352140	Et du coup, bonne poire, je me dis,
352220	356120	bon, je prends un petit sandwich au supermarché
356120	357800	et puis en repassant, je lui donne, quoi.
358140	359120	Tu vois ?
359120	362140	Un truc, bon, voilà, j'ai plus de ticket resto
362140	363320	maintenant que tout est par carte,
363480	365100	qu'on peut plus donner de ticket resto.
365280	365760	C'est faux.
365860	367900	Tu peux payer jusqu'à 19 euros par jour
367900	369460	de ticket resto avec ta carte.
369700	371060	Donc, t'aurais pu lui prendre 19 balles.
371320	372080	Donc, ne te raconte pas.
372100	372460	Ah oui, oui.
372560	373700	Mais je pouvais pas lui donner un ticket.
374040	374540	C'est ça que je veux dire.
374660	376500	Non, mais tu pouvais lui prendre 19 balles de bouffe.
377080	378460	Ah bon, j'ai pas pris 19 balles,
378460	379220	j'ai pris des sandwiches.
379600	380680	C'est pas mal.
380780	382320	Mais alors, j'ai pris des sandwiches, tu vois.
383080	384080	Je vais pas citer de marque
384080	385740	parce qu'on est un podcast, quand même,
386180	387420	qui est brand safe.
387940	388300	Bien sûr.
388540	390000	On ne se fâche avec aucune marque.
390320	391960	Mais j'ai pris des sandwiches triangle, quoi.
392140	392740	Tu vois ?
392740	393320	De chez Dona.
394140	395360	Voilà, par exemple.
395460	397120	Je suis libre de mes propos.
397320	397840	Moi, je m'en fous.
398500	399780	Écoute, c'était...
399780	400500	Oui, je crois que c'était ça
400500	402820	parce que Sodebo, ils étaient vraiment pas ouf.
404200	406220	Et du coup, en passant,
406220	408420	je m'avance vers lui.
409000	409580	Je lui dis, bonjour, monsieur.
409600	410400	Je lui tends.
410600	412500	Et là, il me dit, ah non, non, non, non.
412600	413600	Mais je vais pas prendre ça.
414980	416820	Alors là, j'ai un petit moment d'arrêt.
416980	417580	Je lui dis, ah bon ?
417580	419420	Il dit, ah non, non, je déteste ces sandwiches-là.
419520	420600	Je vais vraiment pas les prendre.
421500	424600	Et j'ai dit, ah, bon, vous êtes sûr, hein ?
425240	427140	Et je suis reparti de la tête très basse
427140	428820	avec un sandwich au thon dans les mains.
429300	430280	Ah bah oui, au thon.
431460	432660	Bah non, non, je sais plus.
432780	433460	Non, peut-être poulet.
433580	434280	Je sais plus ce que j'ai pris.
434440	437280	Mais bref, j'étais un peu...
437280	438960	J'avais pris au début un truc au pain polaire.
439600	440180	Que j'ai reposé.
440260	442080	Parce que le pain polaire, c'est un peu la tristesse.
443760	444520	Là, j'étais là.
444640	446940	Je me disais, bon, allez, vas-y.
447640	448140	Donne-y.
448240	448460	Bah non.
448640	451700	Là, je me suis fait recaler de manière vraiment très franche.
452020	453380	Son refus était total.
453760	455780	Mais ça, c'est bien le SDF français
455780	458080	qui préfère mourir de faim que manger un truc pas bon.
458220	458980	Et ça, j'apprécie.
459940	461440	Bah écoute, oui, non, je sais pas.
461520	463880	Mais en tout cas, il a même pas vu le parfum du truc.
464180	465600	C'est juste le triangle.
465600	466740	Il m'a dit, ah non, non, ça, je mange pas.
466760	469160	En même temps, c'est peut-être qu'il en a vraiment trop bouffé.
469600	470300	Peut-être se fera en prix.
470380	471280	Tout le monde doit lui en acheter.
471960	473180	Oui, peut-être qu'il aime pas ça.
473300	473780	C'est possible.
474020	476380	Mais je t'avoue que ça m'a un peu refroidi.
476420	477540	Et du coup, tu vas devoir le bouffer.
478560	480100	Ah bah là, je sais que demain midi,
480160	481680	je vais peut-être me faire un petit tanka, tu vois.
482060	483000	Ouais, mais c'est bon.
483940	485240	Moi, j'adore ça.
485360	486040	J'ai aucun problème.
486200	486760	Et garde-le-moi.
486840	487280	Moi, je l'adore.
487480	487820	J'adore ça.
488380	489200	Je te le garde au frais.
489200	491400	Alors moi, je peux te dire que déjà, en pas SDF,
491720	494600	sur la bouffe, je dis plus ou moins oui à tout.
495000	496200	Mais alors SDF, mon gars...
496740	497000	Ok.
497360	497920	Alors, question.
497920	502780	Si t'étais à la rue, à quel truc tu te dirais non en termes de bouffe ?
502780	504880	À part des litchis.
506180	506960	Ah, quand même ?
506960	508020	Ouais, j'aime pas les litchis.
508100	508760	Ah, j'adore ça.
508840	512020	Après, le con qui va utiliser ses 19 vols de ticket resto
512020	514200	pour ramener 3 kilos de litchas, franchement...
514960	515600	Tu sais pas.
515820	517840	Peut-être que c'est des restes qu'il doit trouver une boîte.
517840	519080	Donc toi, de litchis, tu dis non.
519480	520000	Mais ouais.
520200	523620	Mais une fois, tu sais, moi, j'avais parlé avec un SDF comme ça
523620	525400	et je l'avais invité au resto
525400	527260	et j'avais pris un Château Margot 92
527260	527840	et il m'avait dit...
527920	529560	Il m'avait craché à la gueule parce que c'était pas une bonne année.
530700	531380	C'est vrai ?
531380	532460	Ouais, mais pas du tout.
533200	533740	Pas du tout.
534420	534940	Ah, putain.
536020	537720	Non, mais t'imagines, tu prends un Château Margot
537720	539220	et il dit, ah non, ça c'est pas la bonne année.
539220	543660	Non, mais en vrai, moi, je commence là à sentir les effets du confinement.
543820	545580	C'est-à-dire que je crois tout ce que je lis.
545800	546460	Ah, j'avoue.
546460	546880	Je te jure.
547320	549840	Là, le 1er avril, ça a été un calvaire.
549940	551640	D'habitude, je tombe dans aucun panneau.
552020	555800	Je suis le premier à dire, non, mais hé, les gars, c'est impossible, c'est un fake.
556220	557420	Là, je tombe.
557920	558840	Je suis cueilli à chaque truc.
559120	561700	Le Tour de France délocalisé en Corée.
562280	562740	Qui a cru ?
562740	565400	Les vacances d'été reportées.
565560	566020	Tout, tout.
566400	566980	J'ai eu le moment.
567420	568420	Alors, pas longtemps, tu vois.
568420	570560	Je finis l'article et je me dis, bon, réfléchis.
571020	571880	Non, mais en vrai...
571880	572920	J'y crois systématiquement.
573040	575060	Mais le SDF, il t'a menti, en vrai.
575160	575700	Il crève de faim.
576100	577260	T'avais été vraiment con de ne pas lui donner.
577680	578100	Pour lui...
578100	578760	Tu crois que c'était une blague ?
578760	581500	Ah, là, il est en train de vraiment regretter la blague que tu as crue, quoi.
582340	583240	Là, le mec a faim.
583380	584080	Enfin, bravo, quoi.
584480	585380	Il faut arrêter d'être con.
585380	589060	Du coup, au début, j'ai cru que c'était...
589060	589920	En plus, c'était triste.
590660	592820	Enfin, c'est peut-être triste, non, mais c'est encore plus gênant
592820	594740	parce qu'il y avait un autre mec de la rue
594740	596160	qui était venu lui parler en même temps.
596580	599520	Donc, il y a eu des témoins à ce refus, tu vois.
599880	603240	Et le gars d'à côté, tu lui as proposé aussi ?
603240	604220	Ah, ben non, c'était pas un SDF.
604300	605520	C'était un gars du coin.
605900	606240	Ah, ouais ?
606240	607240	Un riverain, quoi.
607440	608740	Ouais, mais qui, lui, était au courant.
609020	609760	Il lui avait ramené des gambas.
609760	611180	Ben, lui, il s'est marré.
611420	611920	Il s'est marré.
612000	613480	Je pense qu'il a dû se dire, regarde-moi le con
613480	616000	qui file des sandwiches triangle à Jojo.
616420	617780	Tout le monde sait que Jojo aime pas ça.
618240	618420	Bref.
619440	620760	Ben, moi, je trouve ça...
621680	622900	Non, peut-être qu'il...
622900	623420	Non, mais c'est...
623420	625240	Ah, mais il a le droit d'avoir ses goûts
625240	627340	et de pas refuser toutes les merdes que les gens lui donnent.
627380	628300	Non, mais en fait, moi, je trouve ça bon.
628300	630140	Mais là, je te dis, il a même pas vu le parfum.
630260	631900	Il a vu la boîte, il m'a dit, j'y touche pas.
632200	633500	Genre, refus direct.
634200	636400	En vrai, c'est plutôt bon signe.
636560	638020	Enfin, c'est pas un bon signe,
638080	641100	mais ça veut dire qu'il a pas faim à ce point.
641380	643460	Donc, déjà, un souci d'évacuer.
643480	644500	C'est ça.
644980	647280	Mais j'avoue que, eux, j'ai vu un reportage,
647440	649600	ça doit leur faire très bizarre, la rue vide.
650140	651720	Et puis, surtout, le sentiment qu'on est SDF,
651780	653960	c'est un truc qui m'a marqué quand j'ai vu une interview de ces gars-là.
655900	657580	Le mec disait, regardez, les flics,
657660	659080	ils contrôlent tout le monde, mais ils me contrôlent pas.
659360	661520	Genre, le flic voit tout de suite.
661620	662360	Ouais, ouais.
662780	664940	Et le mec était limite vexé, quoi, en disant,
665000	666500	moi aussi, je pourrais me faire contrôler.
667160	669400	C'est-à-dire que t'as un chariot avec un duvet dedans
669400	672160	et un cubil rouge en sac à dos.
672160	672740	Donc, oui.
673480	674980	À un moment, non, mais oui.
675120	677760	Et puis, en plus, c'est vrai, si les flics s'amusaient à contrôler tous les...
677760	679940	Est-ce que t'as eu les drones qui disent aux gens
679940	681000	de rentrer chez eux, chez toi ?
681000	681900	Oui, bien sûr.
682360	684760	Ah non, moi, chez moi, il n'y a pas de flics,
684860	686020	il n'y a pas de drones, il n'y a personne.
686240	688180	Je ne sais pas si c'était un drone, mais j'ai bien entendu le
688180	690720	« rentrez chez vous, il n'y a rien à faire ici ».
690720	691600	C'est vraiment...
691600	692740	C'est flippant, quoi.
693580	695800	Il n'y a rien à faire ici, c'était vraiment
695800	697300	officier Barberadé d'un softpack.
697300	701860	« Circuler, il n'y a rien à voir ! »
701860	703580	Non, mais c'était sûrement ça,
703720	704580	c'était sûrement un drone.
706060	707500	« Non, c'est pas un homme
707500	709020	en train d'enculer une poule !
709020	711860	Circuler, il n'y a rien ! »
711860	713440	Il y a vraiment ça
713440	714120	dans un épisode.
715120	717560	D'ailleurs, est-ce qu'ils continuent ? Ils sont entre deux saisons ?
717560	719120	Comment ça se passe, Softpack ?
719120	721400	Softpack, je ne sais pas. Je crois que la saison
721400	722580	a été finie et ce n'est pas le moment.
722580	725320	Je n'ai pas fini la dernière, d'ailleurs.
726040	727380	Tiens, je pourrais profiter
727380	727980	pour me faire ça.
729500	730260	Mais oui, en fait,
730260	732440	je ne sais pas quelle série
732440	735000	tourne à peu près du mois au mois
735000	736840	et quelle série va s'arrêter, en fait.
737440	739000	J'ai l'impression qu'ils tondent tout un peu à l'avance.
739300	739740	Mais oui, oui.
740900	742820	C'est sûr que ça va retarder des trucs.
743500	744260	Je pense que...
745140	746680	Mais en fait, à part
746680	748320	« Plus belle la vie » et « South Park »,
748320	749900	je ne connais pas de trucs qui sont autant
749900	753220	liés à l'actu
753220	753960	et à la tendue.
754200	756580	Je me demandais, pour tout ce qui est « Demain nous appartient »,
756580	758200	« Plus belle la vie », « Tous les feuilletons à la française ».
758200	758880	Je ne sais pas trop.
760260	761200	Déjà, c'est d'avance ?
761200	762900	Non, mais il doit y avoir quand même deux semaines d'avance.
763880	765560	Pas tant.
767840	768760	Pas tant, je ne pense pas.
769580	770760	Parce que, quand même,
770880	771660	c'est comme ça, « South Park »,
771660	773060	il y a des trucs à la semaine.
775020	775500	Oui, oui.
775860	778340	Ils vont être bien mal, les gens qui vont se taper des redifs.
779940	780320	En fait,
780600	782080	je t'avoue que je m'en branle
782080	784300	parce que
784300	786200	je ne regarde pas...
786200	788560	En fait, je les confonds à peu près toutes,
788640	789900	à part « Plus belle la vie » qui est plus vieille.
790260	790700	Ah oui, oui.
790800	792180	Je trouve qu'elles ont toutes des noms de merde.
792600	794820	« Ainsi grand soleil nous appartient ».
794820	798300	Moi, je suis juste curieux de regarder « Demain nous appartient »
798300	799780	parce que dedans, il y a Juliette Tressanini
799780	801720	avec qui on fait des vidéos souvent.
802560	803600	Donc ça, c'était F1, alors.
803800	806020	Oui, et qui commence à être vraiment connue.
806160	807900	C'est-à-dire qu'elle se fait cette quotidienne
807900	810300	sur une émission où il y a 5 millions de personnes
810300	812140	qui la regardent. Elle a déménagé à Sète.
812600	814280	Tout le monde à Sète l'appelle Sandrine.
815160	816380	Elle vit là-bas ?
816380	817200	Oui, elle vit là-bas.
817440	818480	Maintenant, ils vivent tous là-bas.
819140	819800	Oui, forcément.
820260	822260	Tout le monde l'appelle Sandrine
822260	823360	comme si c'était la vraie.
823920	825920	Mais ça, ça me fait peur parce que c'est le genre de gens
825920	827580	qui sont persuadés que si t'es un perso de merde,
827800	829640	t'es un connard et qui viennent te dire
829640	832640	« C'est pas bien ce que vous avez fait hier dans l'épisode ».
832640	834440	J'avoue.
834620	836220	Et des fois, je suis aussi surpris des acteurs
836220	838320	qui ne pensent pas ça, évidemment,
838540	840880	mais quand même refusent de faire certaines choses.
841020	842080	Je sais que
842080	844260	Lino Ventura refusait de...
847260	848360	Je sais pas.
848360	849960	C'était pas taper une femme,
849960	851460	mais c'était...
851460	853560	En gros, un rôle, c'est un rôle.
853820	855940	Il y a des acteurs qui disent « Non, je fais pas ça »
855940	856900	ou « C'est dégradant ».
856900	860000	Un mec avait refusé un rôle
860000	861840	dans un King of New York d'Abel Ferrara
861840	863640	en disant « Je veux bien
863640	866000	que Hervé Keitel me crache dessus,
866460	867060	mais pas
867060	870680	Laurence Fishburne. »
870680	871280	Tu vois, en gros,
872280	874180	c'est acceptable pour ma réputation
874180	876080	de me faire cracher dessus par une icône du cinéma,
876160	877160	mais pas par un jeune premier.
877160	878840	Et c'est fou de penser comme ça à un rôle.
878960	879640	C'est un rôle, tu vois.
879960	881480	C'était pas la couleur de peau ?
881480	881880	Non, non.
882060	883140	C'était vraiment...
883140	884640	Et puis, c'était même pas Laurence Fishburne, je crois.
884740	885380	C'était un autre gars.
887100	889300	Mais c'était vraiment le...
889300	891120	Et comme Delon refusait certains trucs.
891300	892420	C'est-à-dire que même les acteurs,
892960	894700	eux, ils savent bien qu'il y a quand même
894700	896960	une perception des personnages qui fait que...
898200	900020	J'ai l'impression que Nicolas Sketch
900020	900900	est moins regardant.
900980	901640	Ah, ça, oui.
902440	903220	Même Cluzet.
903540	905380	Cluzet, il se met dans des états...
905380	906340	C'est pour ça qu'on les adore.
907100	908940	Oui, mais tu vois, c'est aussi pour ça, je crois,
908940	909800	qu'il y a eu...
909800	911940	ces petits moments de...
912780	914560	peut-être d'effroi
914560	916000	quand on a fait l'épisode
916000	917860	sur la suite des petits mouchoirs.
917980	920060	C'est que là, je me suis dit
920060	920540	mais en fait,
922120	923940	Cluzet, il a...
924480	926400	Ça y est, les vannes ont lâché.
927220	928300	C'est devenu une chose
928300	929440	et il fait vraiment n'importe quoi.
929980	932060	Et je trouvais qu'il s'était plutôt retenu
932060	933700	relativement.
933840	936020	Il a un peu touché à tout, mais...
936020	938160	Ça restait quand même toujours le même genre de gars,
938160	938640	tu vois.
939800	940500	Vénère.
940920	942400	Franchement, entre le remake
942400	943620	d'Un moment d'égarement
943620	946100	et Les petits mouchoirs, c'est le même gars.
946540	948360	Il y a des scènes interchangeables, tu vois.
948500	949740	Il joue toujours un peu ce truc-là.
950480	951820	Donc à part quand il jouait le jeune premier
951820	954200	dans ses premiers films ou des films en costume,
954740	956460	il n'est pas tant sorti du truc, tu vois.
956720	958320	Et là, paf, il est en survête,
958600	960760	il se chie dessus et il se met
960760	961340	une corde au cou.
962060	963560	Mais c'est vrai que même nous,
964560	966960	on dit qu'on n'est pas
966960	968660	comme ces gars-là qui confondent l'acteur et le rôle,
968740	969760	mais c'est vrai que...
969800	971620	Ça fera toujours bizarre
971620	974460	si tu vois De Niro faire toujours
974460	976680	le méchant. Un coup, il devient
976680	978300	un, je sais pas,
978640	980200	un travesti qui...
981080	982420	Mais justement, c'est ça qu'on aime
982420	984400	normalement, tu vois, les contre-emplois comme ça.
984680	985900	Ouais, ouais, mais en fait,
986160	987740	des fois, il y a aussi...
987740	989320	Les gens sont bêtes et ça peut te tuer la reputation.
989320	991940	Mais l'exemple assez connu,
992100	993620	c'est le...
993620	996200	le petit...
997160	998440	Son nom m'échappe.
998700	999580	Dans Game of Thrones,
999800	1001720	qui joue le roi...
1001720	1003740	Le roi fou, là, Geoffrey.
1004560	1005840	L'anistère, c'est ça ?
1005840	1006040	Ouais.
1007180	1009940	Qui, lui, a dit qu'il arrêtait
1009940	1011760	même carrément sa carrière d'acting
1011760	1012440	à la fin de ce rôle.
1012840	1013640	Oui, mais les gens...
1013640	1015060	Parce qu'il se faisait trop emmerder, en fait.
1015720	1018340	Non, mais c'est assez flippant, la manière...
1018340	1019700	Quand les gens t'ont connu dans un truc...
1019700	1022040	Moi, ça m'a amusé
1022040	1023340	et en même temps, ça m'a un peu fait chier,
1023480	1025800	si je veux faire autre chose, c'est que...
1025800	1028360	Sous la vidéo de mon passage
1028360	1028900	de Montreux,
1029800	1031820	le premier commentaire est très gentil.
1031940	1033360	C'est quelqu'un qui dit, ah, Urbain,
1033560	1035240	père sans fin, ça fait plaisir.
1035740	1037820	C'est trop cool. Et le deuxième, c'est
1037820	1039420	je m'embranle
1039420	1041720	de ce qu'il fait. Pour moi, c'est
1041720	1043940	comme Daniel Radcliffe, il peut faire ce qu'il veut
1043940	1045240	dans sa vie, gagner un Oscar,
1045680	1047060	ça restera le gâteau pitot.
1047420	1048240	Ça, c'est dur.
1049700	1051800	C'est une manière de dire, je suis
1051800	1053400	un vieux de la vieille, je l'ai connu avant.
1053720	1055260	C'est juste une histoire de se mettre en avant.
1055460	1057440	Je sais, mais quand même,
1057440	1058480	c'est...
1058480	1058920	Et...
1058920	1060540	C'est sévère.
1061600	1063020	Oui, oui, tu te dis,
1063900	1066340	putain, il va falloir...
1066340	1067640	En fait, tu peux
1067640	1070380	tuer un truc
1070380	1071820	que si tu fais un truc plus gros.
1072340	1073580	Voilà, je pense que...
1073580	1074300	Oui, oui, oui.
1075460	1078020	Une sorte de course à toujours...
1078020	1079620	à l'escalade.
1079760	1081180	Et ça peut toujours être le dernier truc.
1081300	1083600	Il y a un truc qui m'avait vraiment marqué, c'est dans une vieille émission,
1083840	1085440	le père de...
1085440	1087280	le fils de Bertrand Blier,
1087380	1088460	le fils de Bernard Blier,
1088920	1090520	qui est quand même le plus grand acteur français.
1091240	1093980	Il disait qu'à la fin de sa vie,
1094040	1095420	il avait fait une pub pour le Camembert
1095420	1097180	et que tous les gens dans la rue, les gamins,
1097240	1098240	l'appelaient Monsieur Camembert.
1098380	1101700	Le mec qui a fait 250 films
1101700	1103000	des classiques du cinéma français.
1103000	1104220	Non, mais c'est terrible.
1104480	1105780	C'est dur, quoi.
1106360	1107940	Monsieur Camembert, c'est très...
1107940	1110460	Fais gaffe, toi, si un jour on te propose des contrats pub.
1110980	1112620	Parce que ça peut être très dangereux.
1112980	1114440	C'est un peu un...
1114440	1116380	C'est un peu une hantise dans ma vie
1116380	1118420	d'être en fin de vie,
1118420	1119680	d'avoir 85 ans
1119680	1121880	et d'avoir un mec de 60 ans
1121880	1123000	qui me soigne
1123000	1124720	et qui, au dernier moment, me fait
1124720	1126240	« Oh putain, le gars de Topito ! »
1126240	1128940	Vraiment, à la fin de ma vie, quoi.
1129060	1129880	Enfin, genre...
1129880	1130720	Oui, je comprends.
1130760	1132740	Mais tu vois, c'est le genre de choses...
1132740	1134840	Enfin, tu vois, moi, j'étais pas du tout au courant
1134840	1136860	de cette affaire, notamment parce que
1136860	1138180	je pense que j'ai un adblock.
1138720	1140960	Mais la vidéo, par exemple,
1141060	1142360	de pub de Laura Calu,
1143240	1146340	où tout le monde cite, tu sais,
1146340	1147340	ce truc...
1148420	1149880	C'est typiquement le genre de truc
1149880	1152220	qui est, a priori, anodin quand tu le fais.
1152940	1154680	Tu vois, que t'aurais même tort
1154680	1156960	de refuser tant ça paraît.
1157040	1157960	En fait, tu peux pas savoir
1157960	1161280	ce qui va rentrer dans l'imaginaire collectif,
1161560	1162740	si ça va marcher ou pas.
1162940	1163540	C'est dur, en fait.
1164140	1165500	Je pense que tu prends ce risque-là
1165500	1167420	à n'importe quel moment où tu fais une pub, en fait.
1167780	1170400	Pour moi, le pire là-dedans est vraiment le plus dommageable
1170400	1173340	et ce qui fait que c'est vraiment horrible
1173340	1175460	que l'industrie du porno, ça soit que piraté
1175460	1177060	et on devrait être sur...
1177060	1178400	Les gens devraient être payés au street,
1178420	1181200	c'est parce que ces filles-là, en vrai,
1182020	1183660	sont payées 150 euros,
1183920	1185440	un truc qui peut les poursuivre
1185440	1187180	jusqu'à la fin de leur vie.
1187560	1188320	La fin de Boogie...
1188320	1191120	C'est le cas pour la plupart
1191120	1192980	qui arrêtent assez tôt.
1193200	1194100	La fin de Boogie Nights,
1194600	1196900	c'est un des trucs les plus tristes que je connaisse.
1197060	1198760	Tu sais, les acteurs pornos qui essaient de revenir
1198760	1201060	dans la vraie vie et personne les...
1201060	1203020	Surtout que là, peut-être que ça va être plus accepté
1203020	1204680	les métiers du porno et que ça deviendra normal
1204680	1205980	et que les gens accepteront.
1205980	1208220	Ouais, ouais, mais tu vois quand même
1208220	1210180	aujourd'hui, il y a des meufs
1210180	1211760	comme, je crois, Mia Khalifa
1211760	1213980	qui a fait même pas un an de carrière.
1214260	1216000	Alors, c'est sûr que dans ce milieu-là,
1216060	1217000	tu peux faire 35 films.
1217720	1218240	Mais...
1218240	1220780	Et qui n'a jamais réussi
1220780	1223100	à sortir de ce truc-là parce qu'elle est devenue
1223100	1225000	une sorte de superstar mondiale
1225000	1226540	en six mois.
1227360	1228940	Alors après, j'ai l'impression qu'il y en a quand même
1228940	1230700	de plus en plus qui y arrivent quand même.
1231180	1233560	J'espère, mais surtout, j'ai jamais compris le concept
1233560	1235820	de dire ou de
1235820	1237500	slutshamer des meufs qui font ça
1237500	1238200	parce que si tu...
1238220	1240120	tu le fais, c'est que tu consommais.
1240600	1242340	Tu vois, c'est-à-dire que tu peux pas savoir...
1242340	1243840	Oui, mais je pense que ces gens-là s'en branlent.
1244860	1245680	Bien joué, le jeu de mort.
1245680	1246160	Ils sont pas...
1246160	1249700	Non, mais ils sont pas à une contradiction près.
1250680	1251720	Oui, non, mais je sais, mais
1251720	1254000	j'avoue que
1254000	1256360	se branler sur des vidéos
1256360	1258040	et après, genre,
1258120	1260060	insulter la meuf de pute dans la rue parce qu'elle a fait
1260060	1262420	ça, c'est vraiment là pour que ça me dépasse.
1262500	1263680	Oui, puis après, je pense qu'il n'y a pas que ça.
1263920	1265560	Il suffit que, je sais pas,
1265560	1267500	des mères de famille un peu
1267500	1269280	catoprudes l'apprennent
1269280	1271760	avec le mari qui dit, quoi ? Non, je la connaissais pas.
1271960	1272940	C'est qui, tu vois ?
1272940	1275520	Et qui demande... Tu vois, c'est arrivé
1275520	1277700	avec une meuf qui était prof aux Etats-Unis
1277700	1279360	qui avait fait du porn, mais vite fait, tu vois,
1279940	1281540	qu'on a obligé à démissionner
1281540	1283280	parce que... C'est horrible.
1283560	1285780	J'avais trop envie de faire une association de soutien
1285780	1287480	pour ça. Je sais pas pourquoi, mais ça me touche
1287480	1289420	personnellement, c'est...
1289420	1291260	Je te jure, la fin de Boogie Night, savoir que
1291260	1293320	ça y est, t'as fait un truc dans ta vie une fois,
1293320	1295500	ça a été filmé, et en plus, le pire,
1295600	1297340	c'est vraiment de savoir que c'est une industrie
1297340	1299240	qui est surconsommée. Enfin, je veux dire, les chiffres
1299240	1301240	parlent d'eux-mêmes. Donc, c'est horrible, quoi.
1301340	1303380	C'est-à-dire que c'est vraiment l'hypocrisie
1303380	1305180	totale d'une société qui se branle
1305180	1307360	et qui dit, et en même temps, c'est pas bien. Ça me rend
1307360	1307960	fou, en fait.
1309040	1311200	C'est pas pour dire que j'ai peut-être des vidéos porno
1311200	1311760	sur Internet.
1312620	1314880	Non, mais tu vois, cette hypocrisie-là, en plus,
1315220	1317600	elle existe partout, mais aux Etats-Unis,
1317760	1319180	elle est évidente.
1320160	1321320	Tu vois, il y a une sorte de
1322720	1323440	paradoxe entre
1323440	1325900	l'hypersexualisation de tout
1325900	1327320	et les pornographies
1327340	1327740	prudes.
1330020	1331740	Tu vois, c'est bizarre.
1331840	1332960	Il y a une sorte de pornographie
1332960	1335580	presque sociale chez eux,
1335900	1337580	et pourtant, c'est les plus
1337580	1338660	puribonds.
1339420	1340560	Tu vois, c'est assez ouf.
1340800	1342700	Et leurs tags, franchement,
1344280	1345640	je sais pas si je vieillis ou pas,
1345780	1347340	mais de plus en plus,
1347440	1349640	les tags sur les premières pages de sites
1349640	1351400	me font flipper.
1351520	1353460	Le nombre de vidéos d'inceste
1353460	1355560	de gens très jeunes, les tags
1355560	1357100	sont de plus en plus
1357100	1358740	hardcore, je trouve, les tags de base.
1359000	1359160	Tu vois.
1360580	1363280	Ils sortent, mais je sais jamais si on peut s'y fier,
1363640	1365340	mais tu sais, tous les ans, ils sortent
1365340	1367340	des porno de leur
1367340	1369480	stat, leur truc le plus, tu vois.
1369700	1370680	Les trucs le plus tapés, ouais.
1371140	1373260	Et au final, c'est pas...
1373260	1374680	J'ai pas l'impression que ça change beaucoup
1374680	1377100	au fil des ans, mais...
1377980	1379400	Mais bon, je sais pas si on peut se fier
1379400	1380420	à leurs chiffres ou pas.
1382020	1383320	Eh ben voilà, on a réussi à faire
1383320	1384380	la sociologie, mon pote.
1384380	1385820	Enfin, on a des conseils.
1387100	1389040	Il y a tout eu, il y a tout eu dans cet épisode.
1389420	1390540	Magnifique, magnifique.
1390840	1393660	Et t'as vu, c'est passé à 20 minutes
1393660	1395320	sans qu'on s'en rende compte, cette saloperie.
1396220	1397260	Au final,
1397520	1399780	il y a eu très peu d'épisodes de 9 minutes.
1400300	1400660	Ouais, ouais.
1401480	1401840	Impressionnant.
1402300	1404560	Pourquoi ? Parce que nous, on est dans le don.
1405120	1407180	Constamment dans le don, le don, le don, le don.
1408960	1409280	Alors...
1409280	1411040	Il y a un truc que je peux plus entendre,
1411220	1413500	et je le dis, et tous les humoristes
1413500	1415060	le disent, mais à un moment,
1416120	1416980	la phrase... Non,
1416980	1418860	mais si, à ma petite échelle,
1418980	1421040	d'amuseur public, je peux apporter
1421040	1422000	ma pierre à l'édifice.
1422720	1424220	C'est juste qu'on le dit tous.
1424760	1426980	D'un côté, c'est vrai, et d'un autre côté...
1427620	1428600	Ouais, ta petite échelle,
1429680	1430560	on s'en rend compte.
1430660	1431120	Ouais, c'est ça.
1432080	1433800	Je pense que ta petite échelle...
1433800	1436740	Non, mais en fait, c'est quand même rappeler que nous aussi, on fait des trucs,
1436860	1438280	alors que bon, voilà, on le fait...
1438280	1440600	Parce que, à ma petite échelle...
1440600	1442340	Principalement pour nous, quand même.
1442920	1443760	Et je...
1444260	1446060	C'est des louanges sympathiques
1446060	1446960	qui m'ont fait plaisir,
1446980	1448680	mais qui, au final, je refuse totalement.
1449780	1450660	Je refuse totalement.
1450940	1452560	Voilà. Plus de messages pour nous dire
1452560	1455280	merci les gars, ça nous aide,
1455500	1456280	c'est faux. Voilà.
1456520	1458900	S'il y a des gens qui ne doivent pas être remerciés
1458900	1460420	aujourd'hui, c'est les producteurs de contenu.
1460780	1461500	Voilà, je pense.
1461960	1463520	Qui n'ont, on peut le dire,
1463940	1466100	pour la plupart, que ça à foutre.
1466180	1468680	C'est ça, et qui le font aussi pour des raisons
1468680	1470120	un peu personnelles aussi,
1470480	1472080	pour pas s'emmerder et tout, donc
1472080	1473720	remercions les vrais héros,
1474360	1475500	et oublions un petit peu
1475500	1476920	les producteurs de contenu. C'est ça,
1476980	1478360	hop. Voilà.
1478360	1478860	Bon, là...
1478860	1479860	Ouais, ok, ok, ok.
1479860	1481400	Alors, écoute, c'est sévère, mais c'est juste.
1481400	1482320	C'est sévère, mais c'est juste.
1482320	1483740	La fin, je me suis emballé.
1483740	1485820	Tu t'es emballé, mais écoute, ça montre que
1485820	1487320	peut-être tu crois à ce que tu dis,
1487320	1489180	que t'es entier, que t'es un mec comme ça,
1489180	1490180	un mec cash...
1490480	1491180	Un mec...
1491480	1492480	Oh, cut !
1492480	1493480	Ah !
1494740	1495320	Et voilà !
1495520	1496980	Donc non, moi je suis d'accord avec toi.
1498100	1499520	Nous, on fait que s'appeler au téléphone
1499520	1500280	et le mettre en ligne.
1500680	1501180	Voilà.
1501180	1501680	Je pense que...
1501680	1502180	Et tous les jours...
1502180	1503280	Je pense que c'est pas...
1503520	1505520	Tous les jours, on parlera d'un nouveau héros,
1505520	1508020	et aujourd'hui, on avait parlé des éboueurs,
1508020	1510520	héros, actrices porno, travailleuses du sexe,
1510520	1512400	on en avait parlé, héroïnes,
1512820	1513520	les... ton héros du jour...
1513520	1514320	Jean-Jacques Goldman.
1515020	1515520	Non, pas Jean...
1515520	1516520	Merde, ça compte pas Jean-Jacques Goldman.
1516520	1517520	Non, on en a parlé.
1517520	1519020	Ton héros du jour, tes héros du jour,
1519020	1520520	ta corporation du jour.
1521520	1524520	Alors, ma corpo, bah moi ce sera les...
1524520	1527720	Alors là, ouais, putain, ce sera les caissières
1527720	1531520	et les meufs, là, qui bossaient au...
1531520	1532720	au front prix où je suis allé,
1533400	1535520	parce qu'elles se tapent un paquet
1535520	1538220	de lourdeau, mais des gens...
1538220	1539220	J'ai l'impression que les gens...
1539220	1542220	J'ai vu une meuf se faire suivre dans tout le magasin,
1542220	1543520	elle essayait de refaire ses...
1543520	1545020	son réassort, refaire ses stocks,
1545520	1547520	emmerdée par un mec qui lui disait
1547520	1549520	« Mais pourquoi les saucissons sont pas à la place
1549520	1550020	de d'habitude ? »
1550020	1551020	Elle lui disait « Mais ils ont bougé,
1551020	1552020	ils sont de l'autre côté. »
1552020	1553020	Oui, mais je les trouve pas,
1553020	1554520	et je te jure, j'ai dû passer donc...
1555020	1557020	le temps que j'y aille, 40 minutes dans le magasin,
1557020	1558520	il lui parlait quand je suis arrivé,
1558520	1560020	il lui parlait quand je suis parti,
1560020	1561520	il voulait savoir pourquoi les saucissons
1561520	1562520	n'étaient plus à la même place,
1562520	1566020	et je te jure, elle était d'une zénitude,
1566020	1566520	cette meuf.
1566520	1568020	C'est même pas qu'il y en a pas !
1568020	1569020	C'est même pas qu'il y en a pas !
1569020	1571020	Le mec, mais il est pas prêt pour la guerre, quoi !
1571020	1573020	Déjà, si y a pas de saucissons...
1573020	1574020	Ah mais il était trop mal !
1574020	1575020	Il était trop mal !
1575020	1576020	Il avait une petite voix toute aiguë,
1576020	1577020	il disait « Mais je comprends pas,
1577020	1578020	pourquoi ils sont pas...
1578020	1579520	D'habitude, vous avez tout changé ! »
1579520	1581020	Et elle lui disait « Non, non, monsieur,
1581020	1582020	c'est juste là-bas... »
1582020	1584020	Et elle est descendue de son escabeau,
1584020	1586020	elle lui a montré de loin, elle lui dit
1586020	1587020	« Là, c'est la troisième à droite. »
1587020	1588020	Mais le gars...
1588020	1589520	Et quand je suis parti, il cherchait toujours pas.
1589520	1591520	Déjà, mais moi, en vrai,
1591520	1594520	moi, je prends chaque aliment
1594520	1597020	qu'il y a au Carrefour de Market du Coin
1597020	1598020	comme un cadeau, quoi !
1598020	1599020	Vraiment, je regarde ça !
1599020	1600020	En plus !
1600020	1600520	Mais vraiment !
1600520	1602020	Tu vois, en plus, je dis « Oh, regarde, chérie,
1602020	1603020	y a des Budweiser ! »
1603020	1604020	Mais oui...
1604020	1605020	Non, mais en vrai, quoi...
1605020	1606520	Là, c'était très compliqué pour lui.
1606520	1608520	Là, je mange des trucs qui...
1608520	1610020	Enfin, voilà, en vrai, mes courses,
1610020	1611020	c'est un scandale !
1611020	1612520	Je prends ce qu'il y a et je m'en branle !
1612520	1614020	Enfin, c'est quand même fou de...
1614020	1615520	Déjà, vouloir du saucisson,
1615520	1617020	et même pas se plaindre qu'il y en a pas,
1618020	1619520	y en avoir, hein, c'est pas non plus la...
1619520	1621020	Mais y en avait ! Y en avait !
1621020	1623020	Mais c'était pas où il voulait.
1623020	1625020	Écoute, c'était pas où il voulait.
1625020	1626520	Et en plus, s'il le sait,
1626520	1628520	c'est qu'il les a trouvés, ce con !
1629020	1630020	Non, non, parce qu'elle lui a dit
1630020	1631020	« Ils sont plus à cet endroit-là,
1631020	1632020	ils sont de l'autre côté. »
1632020	1633020	Et c'est vrai qu'ils avaient tout changé.
1633020	1634520	Mais bon, c'est pas la...
1634520	1637520	Bref, c'était très très très très pénible à voir.
1637520	1639020	Donc, chapeau à ces dames.
1639020	1640020	Il aurait de belles histoires de guerre
1640020	1641020	à raconter à ses petits enfants.
1641020	1642020	Ah oui, lui...
1643020	1644020	Figure-toi, mon petit !
1644020	1645020	Je me suis rendu compte qu'à un moment,
1645020	1646520	il n'y avait même plus le saucisson.
1646520	1648020	Enfin, enfin si, y en avait, mais...
