start	end	text
300	7000	Allô ? Allô ? Bonjour Paris 18 ! Bonjour Paris 20, comment allez-vous ?
7700	12400	Écoutez, un peu dur aujourd'hui. C'est dur, dans le dur ?
12400	21320	Dans le dur parce que j'ai des gros problèmes techniques qui font que le travail est un peu une plaie, voilà.
21620	24240	Et vous êtes un connard !
24240	27000	Et bon ça, mais ça au quotidien, confiné ou pas...
27000	29000	Un connard confiné...
29720	32000	C'est mieux qu'un confini...
32900	37000	Un confit connard !
38080	41000	Celle-là, elle me donne faim !
42300	44780	Là tu me parles, j'ai la dalle !
44780	48860	Je ne vous cache pas, là c'est dur, là c'est dur.
49360	54300	J'en ai chié, j'ai envie d'aller chez Bouygues, mais Bouygues c'est fermé, j'ai envie de les appeler, ça ne répond pas.
54300	56760	Il y a un vrai problème côté connexion.
57000	59000	Il y a un vrai problème côté connexion.
59000	61000	Il y a un vrai problème côté connexion.
61000	63000	Moi, c'est pas la connexion, moi c'est les gens.
63000	65000	Je contacte les gens, ils ne me répondent pas.
65000	71000	Du coup, ma journée de travail dure plus longtemps que d'habitude parce que les temps de pause, on se sent coupable.
71000	73000	Ça n'existe pas, la pause n'existe pas.
73000	77000	On essaie de prendre la pause, mais en même temps on a toujours un nouveau...
77000	82000	Mais tu vois, par exemple, quand tu es au bureau et que tu prends une pause, les gens le voient.
82000	83000	De fait.
83000	85000	Là, j'étais aller voir, vérifier si c'était bon.
85000	86760	Là, j'étais aller voir, vérifier si c'était bon.
86760	88760	Si c'était vrai ce qu'on disait sur Pornhub.
88760	89760	Bref.
89760	90760	En toute...
90760	91760	Bien sûr.
91760	93760	C'est du professionnalisme.
93760	95760	C'est ça.
95760	96760	Bien sûr.
96760	98760	Eh bien, qu'est-ce que c'est ? Il y a un gars qui m'écrit.
98760	101760	Salut, je t'envoie la vidéo. Est-ce que tu es dispo ?
101760	103760	Salut, ta webcam est allumée.
103760	112760	Est-ce que tu peux penser à couper la webcam du team meeting car l'intégralité de la boîte te regarde.
112760	115760	Même des gens qui ne... même la branche japonaise.
115760	116760	Oui.
116760	117760	Tout le monde nous a vu là. Tout le monde.
117760	120760	Et puis le micro également. Le micro est branché.
120760	128760	J'avoue que là, avec tous les confcalls que j'ai d'allumés et tout, moi, si jamais je dois pratiquer...
128760	130760	Il faut faire ça de manière...
130760	131760	Que je n'ai d'ailleurs jamais.
131760	132760	Bien sûr.
132760	133760	Que je n'ai jamais.
133760	134760	Jamais.
134760	135760	Et surtout pas maintenant.
135760	136760	Non.
136760	143760	Non, non, mais par curiosité parce que c'est vrai qu'au bout de 15 jours de confinement et 32 ans de vie, peut-être que je vais tenter...
143760	145760	Eh, tu n'es pas fait de bois. Tu n'es pas fait de bois.
145760	148760	Vous avez essayé vous la masturbation ?
148760	155760	Pardon ? Non, non, moi je suis plutôt... Vous savez, moi, avec la vie de couple, moi, je suis plutôt sur tout ce qui est Covid.
155760	156760	Ah, Covid ?
156760	157760	Vous savez, assez matériel.
157760	158760	Ah, Covid ?
158760	159760	Oui, oui, oui.
159760	162760	Ah oui, mais souvent parce que vous êtes avec une bougresse qui ne demande que ça.
163760	164760	Je vais vous demander de vous calmer.
164760	165760	Oh, pardon.
165760	169760	Vous avez de la chance que je ne puisse pas venir vous casser la gueule dans le Paris 18.
169760	170760	Non, excusez-moi, je ne savais pas.
170760	174760	Je vais mettre ça... Écoutez, je vais mettre ça sur ma dérogation. Casser la gueule à fils de pute.
174760	175760	À fils de pute ?
175760	177760	Qui a insulté ma moitié.
177760	183760	Je ne savais pas que c'était votre régulier. Et puis, quand je disais bougresse, je parlais de la jante féminine.
183760	184760	Bien sûr.
184760	191760	Non, mais tout à fait. Non, parce qu'en fait, non, c'est juste que c'est vrai que c'est des personnes accros à nos corps.
191760	192760	Oui.
192760	198760	Souvent qui réclament, réclament toujours. Allez, prends-moi, prends-moi, prends-moi. Avec la voix d'Edith Piaf.
200760	203760	Tu peux me faire Edith Piaf qui supplie pour que je la prenne.
203760	204760	Oui.
204760	215760	Prends-moi, prends-moi, prends-moi Clément. Moi, la petite gosse de Paname. Je la comprends.
215760	217760	Ah, c'est pas mal.
217760	218760	Ah, c'est bien.
218760	221760	Sur les faubourgs, je lui fais la cour.
221760	225760	Hey, de mon âne si beau.
225760	233760	Bon, voilà. Après, forcément... Ah, mais attend, on leur avait dit un petit 10 minutes tous les jours. On n'avait pas précisé que ce seraient des bons études.
233760	239760	Ah, non, jamais. Moi, je compte bien faire 10 minutes de merde chaque jour.
239760	242760	Ah oui, et puis là, il faut être sain avec moi aujourd'hui.
242760	245760	Bon, moi, ce qui est bien, c'est que ça fait déjà 4 minutes. Donc, on va pouvoir...
245760	246760	6 minutes.
246760	260760	Bon, alors, 6 minutes. Bon, jour 2, est-ce que tu as... Parce que moi, regarde, a priori, j'habite au-dessus de grands escaliers, ce qui fait que je vois beaucoup de gens faire du sport. Donc, ça veut dire que ça a marché. Ils arrivent à sortir et à monter et descendre les escaliers comme des cons.
260760	267460	Est-ce que toi, dans ta rue, il se passe des choses ? Vois-tu des choses ? Que dit Paris 18 ?
267460	284760	Dans ma rue, il se passe des choses. Déjà, tout le monde est dehors. Mais surtout, il y a un fou qui a un mégaphone et qui crie aux gens de rester confinés. En fait, il leur dit « obéissez, obéissez ».
284760	286760	Il arrête les voitures.
286760	288760	Mais c'est ironique ou il fait vraiment ça ?
288760	290400	Non, non, il est complètement ironique. Il fait vraiment ça ?
290760	293500	Il est anti-Macron, c'est du complot
293500	294320	Et d'accord
294320	296080	C'est ça, il dit aux gens
296080	299160	Faites comme il a dit Macron, obéissez à Macron
299160	301420	Et ce qui est drôle c'est qu'il arrête des voitures
301420	302580	En disant rentrez chez vous
302580	304560	Mais les voitures je pense qu'elles ont envie de lui dire
304560	306900	Oui mais tu m'empêches, je suis au milieu de la route
306900	309420	Donc je lui ai crié quelques ta gueule
309420	311200	Mais ouais ouais
311200	313140	Lui putain mais ça ça fait peur quand même
313140	315640	T'as vraiment l'impression que lui il a vu le jugement dernier
315640	317220	Ah bah là ça fait sortir
317220	319380	Tous les zinzins vont être de sortie
319380	322500	De toute façon il va rester que les zinzinous
322500	323720	Moi j'habite
323720	326260	Je donne pas mal d'infos mais j'habite près d'un cimetière
326260	327700	Il y a un mec avec un bouquet de fleurs
327700	330240	Qui a essayé d'escalader le mur du cimetière tout à l'heure
330240	331340	Putain
331340	333140	Sans succès a priori
333140	335560	Mais le gars avait son petit bouquet
335560	337280	Il voulait aller, sûrement c'est triste en plus
337280	339400	Se recueillir sur la tombe
339400	340880	De son épouse
340880	342060	Défunte
342060	345900	Et là clairement on a dû fermer le cimetière
345900	347240	Le mec a escaladé le mur
347240	349020	Oh la la ma grand-mère
349020	350300	Elle va être comme ça c'est sûr
350300	354960	Les vieux ont l'air d'en avoir
354960	356660	Rien à foutre du confinement
356660	357560	A priori
357560	361000	Je pense qu'il nous prouve
361000	364000	Que la mort serait plutôt un réconfort
364000	366760	Il y a beaucoup qui sont en mode
366760	368260	Oh bah vous savez moi
368260	369460	C'est peut-être un peu inquiétant
369460	372460	Pour l'état de la santé mentale de nos vieux
372460	373380	Parce que clairement
373380	375320	Il y a quand même du monde
375320	378240	Qui est prêt à en finir
378240	378860	Quoi ?
378860	379000	Et puis il y a aussi
379020	379640	Ouais ouais
379640	381680	Après il faut aussi reconnaître
381680	382300	Que c'est des gens
382300	383160	S'ils sont très vieux
383160	384560	Qui ont connu
384560	386200	Peut-être pas la seconde guerre
386200	387380	Enfin très jeune
387380	388260	Mais
388260	390560	Ce qui s'est passé après
390560	393460	Et ils sont en train de pas trop avoir peur
393460	395340	Non et puis c'est vrai qu'il y a leur place
395340	397460	Si on pouvait en finir un poil plus tôt
397460	398740	En vrai techniquement
398740	400460	Si t'es vieux et que ta vie est nulle
400460	401480	Faut calculer que
401480	402480	Bon allez
402480	403880	Si tu fais vraiment le compte
403880	405220	T'as une chance sur deux de le choper
405220	405760	Après
405760	408080	T'as 20% de chance de mourir
408080	409000	Ça reste un peu plus
409020	409940	Ça reste pas du 100%
409940	410300	Je veux dire
410300	412040	C'est des dés que tu peux jouer quoi
412040	412460	Enfin je veux dire
412460	413280	Si j'étais obligé de jouer
413280	413960	A la roulette russe
413960	416480	Avec un coup à 9 balles
416480	416980	Bon bah
416980	418200	C'est un coup à 9 balles
418200	419160	Ouais ouais ouais
419160	420140	Ça reste quand même 8 balles
420140	420720	T'as rien du tout
420720	422040	Et est-ce que ce serait pas
422040	422980	La liberté actuellement
422980	423800	De se dire bah
423800	425560	C'est moi qui décide quoi
425560	426300	Parce que les vieux
426300	427280	On peut pas leur dire
427280	428880	Ah et protéger les gens
428880	429420	On est pas à risque
429420	430160	Ils sont à risque
430160	431000	Donc ils disent juste
431000	431520	Bah gros
431520	433560	Je prends mon risque
433560	434620	Je t'emmerde
434620	436060	Ouais bon écoute
436060	437800	Je suis pas encore
437800	439000	J'en suis pas encore
439020	439460	Là donc
439460	440740	Je reste confiné
440740	441420	Ah non non
441420	441700	Pas nous
441700	442000	Pas nous
442000	442320	Pas nous
442320	442880	Non bah nous
442880	443200	Nous non
443200	443520	Nous non
443520	443860	C'est sûr
443860	444320	Mais je me demande
444320	446260	Si dans la dérogation
446260	446900	De ma croix
446900	447740	Il y avait pas
447740	448360	Une petite case
448360	448740	Marquée
448740	449300	Je suis vieux
449300	449940	Et je t'emmerde
449940	450960	Je fais ce que je veux
450960	451920	Non juste
451920	452760	Je veux en finir
452760	454080	Je veux en finir
454080	455400	Je veux en finir
455400	456700	Tous ces mois dessus
456700	458780	Alors ouais
458780	459420	J'ai lu des trucs
459420	460440	Un peu flippants
460440	461280	Qui disaient que ça y est
461280	462400	Maintenant qu'on était enfermés
462400	463700	Les gens contaminés
463700	464200	Le sont déjà
464200	464960	Donc peut-être qu'on a
464960	465540	Le truc sur nous
465540	466560	Et on ne sait pas
466560	468060	Ça va se développer ou pas
468060	468740	Mais en tout cas
468740	469760	À partir du jour
469760	471020	Contamination 1
471020	472440	Moi j'estime que c'est celui
472440	474220	De samedi
474220	474980	Quoi que je suis sorti
474980	475620	Faire les courses
475620	476600	On va dire
476600	477940	On est à 2-3 jours là
477940	479860	Donc faut compter
479860	481300	Bientôt on saura
481300	482200	Moi je compte
482200	483640	J'avais peur
483640	484360	Des premiers symptômes
484360	484540	Hier
484540	484920	J'avais peur
484920	485580	Du mal de gorge
485580	486340	Je ne l'ai pas eu
486340	487320	Ouais
487320	488080	Tu continues à prendre
488080	488940	Ta température
488940	490520	De manière régulière
490520	491960	Non je ne la prends pas trop
491960	493400	Parce que je me dis
493400	494420	Que le mal de gorge
494420	494780	Ou le mal
494780	495740	Arrivera un peu avant
495740	496060	Quand même
496060	496940	Ah ouais
496940	497360	C'est sûr
497360	498040	Je le sentirai
498060	498900	Si je ne me sentais pas bien
498900	499420	Je la prendrai
499420	501500	Oui moi aussi
501500	502040	Je calcule
502040	503220	Alors j'ai fait les courses dimanche
503220	504180	Mais ça me ferait vraiment chier
504180	505080	De l'avoir chopé dimanche
505080	505780	Bon j'étais à côté
505780	506680	Il y avait plein de monde
506680	507140	Putain
507140	507940	Ouais
507940	509380	Là ça me ferait chier
509380	510300	De l'avoir chopé dimanche
510300	510900	Mais sinon
510900	511940	Oui moi aussi
511940	512440	Je calcule
512440	512960	Et là je me dis
512960	513700	Que dans 2-3 jours
513700	514380	Je peux me considérer
514380	514800	Comme bon
514800	515960	Bon
515960	516500	Bah écoute
516500	518100	Il nous reste une minute
518100	519680	Qu'est-ce que tu veux dire
519680	521440	J'aimerais dire aux gens
521440	523540	Merci de leur soutien
523540	524600	J'aimerais dire aux gens
524600	526460	Qu'on va essayer
526460	527280	Qu'on n'aura jamais été
527280	527840	Aussi régulier
527840	528280	Finalement
528280	528660	Mais bon
528660	529360	Deuxième jour
529360	529760	En vrai
529760	530260	En vrai
530260	532020	J'y crois pas une seule seconde
532020	533240	A un épisode tous les jours
533240	534160	Pendant 45 jours
534160	535340	Mais on va faire
535340	537020	Le mieux possible
537020	537100	On fait déjà
537100	538340	On fait des vidéos
538340	539160	Sur Topito tous les jours
539160	539920	Moi je me suis engagé
539920	541300	A faire un journal de bord personnel
541300	542140	Si vous voulez le suivre
542140	542720	Sur Instagram
542720	543600	Ou sur mon Facebook
543600	544740	Aussi
544740	545400	Donc voilà
545400	546500	J'espère que je vais tenir
546500	547480	On n'a pas d'excuses
547480	548060	Pour pas le faire
548060	548260	Mais
548260	549360	En fait c'est ça le problème
549360	550300	On n'a pas d'excuses
550300	551560	Mais je sens qu'on va pas le faire
551560	552320	Quand même
552320	553660	Après
553660	555120	En termes de bouffe
555120	555840	Qu'est-ce que tu
555840	556800	Parce que ce soir
556800	557320	Moi tu vois
557320	558080	Attends
558080	559240	Il ne reste que 20 secondes
559240	559860	Désolé
559860	560800	Je vais improviser
560800	561720	Un Christophe Sieber
561720	563420	J'étais
563420	564720	Attention
564720	565400	La première phrase
565400	567960	Ces putes
567960	569260	M'amusèrent un temps
569260	571960	Puis je les butais toutes
571960	573380	Non c'est pas
573380	574300	Va falloir bosser
574300	574800	Ouais
574800	575960	Va falloir bosser ton Sieber
575960	576060	5
576060	576980	4
576980	577880	3
577880	578420	Salut
578420	578620	2
578620	579000	18
579000	580380	Au revoir
580380	582140	Au revoir la France
582140	583060	10 minutes pile
583060	583580	Salut
583580	585280	Au revoir
585280	587200	Dites au revoir aux gens
587200	587300	Au revoir
587300	587320	Au revoir aux gens
587320	587580	Au revoir
587580	588320	Au revoir les gens
588320	588680	Au revoir
588680	589460	A demain les gens
589460	590560	C'était plutôt
590560	591540	Plutôt confiné
591540	594560	Plutôt confiné
594560	595360	On grossit
595360	596160	On est malade
596160	596860	On est plutôt confiné
596860	598040	Plutôt confiné
598040	598880	Allez salut
598880	599740	Bye bye
