start	end	text
0	16000	Allez, on va appeler l'autre tête, l'autre tête de l'art, tête de l'art, celui-là, une vraie tête de l'art, mais bon on l'aime bien, on l'aime bien la grande gigue.
20600	23000	Qu'est-ce qu'il dit la grande gigue ?
23000	26760	Allo ?
26760	34040	Allo, Paris 20 ici, Paris 18, ceci est une imitation scandaleuse de personnes efféminées.
35720	36440	Ah bon ?
36440	43120	Oui, c'était pas parti comme ça, mais maintenant autant dire ça parce que c'est mieux, je préfère être méchant que ce soit ma vraie voix.
44180	46580	C'était pas super bien fait.
46920	52120	Bah oui parce qu'en fait c'était ma vraie voix mais je me rends compte que j'ai une petite voix fluette et ça m'agace donc je préfère être cancel.
52400	52980	Une voix totale.
53000	54580	De femme forte peut-être ?
54580	58920	De femme, de femme forte en fait, oui c'est ça en fait, je sais pas pourquoi, oui oui de femme, de femme.
59940	61060	Pourquoi je cherche ?
61060	63000	Moi j'aime les femmes, qu'en ont ?
64860	67180	Des auvers, des auvers, des auvers.
67820	70500	Et encore, j'apprécie les femmes qui n'ont pas d'auvers.
70900	74000	J'ai moi-même été une femme il y a longtemps donc vraiment...
75240	75680	Saison 1.
76220	77360	Saison 1, ouais ouais.
77640	78140	Saison 1.
78400	80660	Ça pourrait revenir, une petite touche féminine.
80680	81080	Forte.
81080	82080	Il y a peut-être besoin d'une touche...
83000	84240	Féminine !
84240	85340	Dans tout ce bordel.
85860	87000	J'ai envie d'apporter...
88180	90500	Tu comprends ça ?
90500	92000	J'ai envie d'apporter...
92000	94140	Ta petite patte, ta petite touche de...
94140	98000	Tu comprends que j'ai envie d'apporter du clito dans ce monde de burnes ?
102000	107920	C'est quand je ris que je me rends compte que j'ai peut-être le coronavirus.
108540	111000	Parce que ça vous fait quoi ?
111820	112900	Que vous avez comme ça.
113000	114660	Parce que ça saoule, ça.
116400	120280	Il paraît que le test, c'est de retenir sa respiration 10 secondes et si on ne tousse pas, ça va.
123320	124240	C'est vrai ?
125200	128300	C'est un truc que les urgentistes font.
130820	131980	J'ai lu pas mal de merde.
132400	133660	J'ai lu qu'il fallait boire de l'eau chaude.
133660	142860	J'étais imaginé avec la coupe de cheveux de Raoult et son petit bouc en train de dire...
143000	145000	Vous savez qu'il suffit de retenir sa respiration.
145540	150000	Il faut absolument qu'on demande à un de nos monteurs de nous faire des montages de moi en Raoult.
151000	152620	En fait, c'est obligé.
152820	155540	On n'a jamais trop évoqué ce personnage encore.
156640	158200	Moi, je l'ai évoqué dans des vidéos personnelles.
158200	159260	Tu vois, est-ce que...
159260	160220	Où tu te places, toi ?
160220	161080	Ah ben moi, il me fascine.
161680	163780	Non, moi, en fait, à la base, j'avais mal compris.
164480	168100	En fait, j'aurais été vraiment heureux...
168840	170520	J'ai fait une vidéo dédiée à ça.
170920	172800	Du fait, s'il avait été le sauveur...
172800	175460	Mais en fait, un, il ne va pas l'être.
175660	177040	La chloroquine, c'est sûrement de la merde.
177160	179420	Et deux, les Chinois le font déjà depuis longtemps.
179980	182040	Il n'avait rien inventé, en fait.
182340	186100	Moi, ce qui me fait rire, c'est que le mec, ce n'est quand même pas un peintre.
186200	189520	Il est directeur de son centre d'épidémiologie à Marseille et tout.
190020	194460	Mais ça a lancé une guerre entre des combats d'infirmes.
194580	197100	C'est-à-dire que tu as Michel Cymes, qui, je ne sais pas ce qu'il faut,
197180	200020	au lieu d'être en train d'aider dans les hôpitaux,
200020	202720	enfin, sur tous les plateaux, dire que Raoult est une merde.
203100	206020	À côté de ça, il y a des gens qui disent, bon, j'ai bossé avec Raoult.
207960	209000	Cymes, c'est contre Raoult.
209020	211020	Il y en a qui disent, je te dis...
211020	212940	Ah non, mais il dit juste...
212940	216860	Tu vois, lui, il fait le tour des plateaux pour dire prudence, il n'y a pas de test.
217340	219500	Ce qui est normal, tu vois, c'est normal aussi.
220060	221920	Mais ce qui me fait rire, c'est que ça a déclenché une guerre.
222020	224260	Tu as l'impression que c'est uniquement les Gilets jaunes
224260	227500	qui ont décidé de soutenir Raoult.
227500	232160	C'est pour ça que ça devient très compliqué de soutenir ce petit bonhomme.
232800	234860	Tu as l'impression que c'est le docteur jaune.
235180	235780	Mais c'est ça, en fait.
235860	239000	Ça devient le gars qui a trouvé le remède pas cher.
239180	242640	Et le complot, c'est que Macron veut le remède qui fait de l'argent.
243200	244680	Est-ce que c'est aussi simple que ça ? Je ne sais pas.
244780	245320	Mais c'est vrai que ça fait une bonne guerre.
245320	249720	Aujourd'hui, c'est parti là-dessus, tu vois.
249780	250500	Mais moi...
250500	253560	Avec tous les relents antisémites qui sont sortis.
253720	257140	J'ai vu des caricatures d'Agnès Buzyn avec un écrochu
257140	259380	en disant que son mari bosse dans un labo.
260060	262780	Il y a des problèmes avec son mari.
262800	265860	Il s'est engueulé avec Raoult.
266160	267260	Et du coup, il bloque son truc.
267440	268180	C'est incroyable.
268480	269620	Tout est ressorti.
269700	271420	Mon pharmacien m'a déjà parlé de Woody Allen.
271760	273140	Est-ce qu'il faudrait...
273140	273620	Bon, voilà.
274260	275560	Je sens faire de...
275560	275720	Bon.
276040	276600	Mais enfin, quand même.
277200	277360	Voilà.
278520	279360	Ah, quand même.
279520	279980	Oui, quand même.
280120	280340	Quand même.
280520	280840	Quand même.
281040	281340	Quand même.
281720	282980	C'est venu sur le tapis, quoi.
283080	283420	Oui, oui.
284400	286000	Non, ce que je voulais dire, c'est que
286000	291280	cours d'argumentation pour les gens qui veulent battre
291280	292780	les gens pro-Raoult,
292800	294800	il suffit de dire...
295780	296560	Parce que là, on dit
296560	297540	on sait pas encore.
297860	300600	Mais il faut dire les risques
300600	302000	et il faut que ces risques soient graves.
302420	304020	Si vous dites on sait pas encore,
304160	304620	les gens vont dire
304620	305900	mais oui, mais les gens meurent du coronavirus,
306120	307340	donc même si ça fait des séquelles,
307400	307880	on s'en branle.
307980	309100	On veut savoir la nature des séquelles.
309720	311020	Sortez une étude bidon qui dit
311020	311820	qu'on sait pas encore.
311920	313460	Dans certains cas, ça propose des crises cardiaques.
313580	314360	Et bam, c'est terminé.
314460	315340	Là, on pourra être prudent.
315720	317280	Mais tu peux pas faire accroire à quelqu'un
317280	318780	qu'il faut être prudent
318780	320780	si tu lui fais pas plus peur
320780	322700	que le truc qui fait peur à la base.
322700	322760	C'est ça.
322760	322780	C'est ça.
322800	324100	Tu vois ce que je veux te dire ?
324100	325080	Donc il faut très vite qu'il dise
325080	326300	que la chloroquine...
326300	328920	Sinon, ils perdront tout le temps.
329340	330180	Sinon, les gens leur diront
330180	332020	bah oui, mais c'est quoi les effets secondaires ?
332020	334220	C'est des effets secondaires plus forts que mourir ?
334220	334940	Bon, bah alors non.
336240	336420	Voilà.
337460	338580	C'est mon conseil.
338580	338960	Et ça devient compliqué
338960	339900	quand tu te rends compte
339900	342240	que si tu fais un diagramme,
342280	344200	tu vois que c'est souvent les anti-vaccins
344200	346140	qui se retrouvent à vouloir de la chloroquine.
346580	348300	C'est-à-dire que le truc a fait un tour entier
348300	350060	et les mecs qui disaient
350060	351440	moi, les vaccins, j'ai pas trop confiance,
351560	352080	c'est les labos,
352080	352760	ils se disent que la chloroquine,
352760	354840	la chloroquine, c'est fait pas par des gros labos,
354900	356620	mais par un petit mec dans sa cave,
356680	358780	un artisan, tu vois, à petit guerre,
358840	360460	je sais pas ce qu'il s'imagine, mais...
360460	361740	Non, mais c'est vrai que c'est toujours bien.
361760	362720	C'est quand même particulier.
362900	364100	C'est toujours bien pour le monde
364100	366040	quand on ne croit plus les médecins,
366040	368220	mais les mecs, ils font des singes à quatre culs.
368660	370080	Souvent, ça va dans le bon sens.
370640	372640	Mais bon, en vrai,
372780	375300	si j'étais en danger
375300	376880	ou si quelqu'un de proche était en danger,
377080	378260	si vraiment ça sentait la merde,
379060	380520	moi, je suis prêt à tout essayer, en vrai.
380760	381560	Donc moi, si on me dit
381560	382740	que je peux prendre de la chloroquine,
382760	383700	j'en prends, je m'en bats le cou.
383700	384780	Toi, t'en voudrais, de la chloroquine.
384860	385360	Bah, de ouf.
386180	386560	De ouf.
387340	388080	Non, mais c'est sûr.
388500	389860	Non, mais quand c'est foutu pour foutu,
389940	390820	t'es là, tu respires plus,
391120	391940	on essaye, quoi.
392500	393480	Qu'est-ce que tu veux qu'il y ait de pire,
393540	394480	de toute façon ?
394480	395820	Moi, tu m'injectes du...
395820	397180	Oui, mais là, c'est ce qui se passe.
397640	398600	C'est déjà ce qui se passe.
398780	399980	Tu me dis que le mazout, ça marche.
400220	401120	Oui, par contre, j'ai entendu
401120	402880	que c'était un peu comme lourde.
402980	405060	Il y a des malades qui vont devant l'hosto
405060	406660	pour l'attendre comme le Messie, quoi.
406660	408480	Et lui, il distribue des pastilles.
408680	409400	Enfin, il y a vraiment des gens
409400	411060	qui attendent devant l'hosto
411060	412460	pour voir Maître Raoult, quoi.
412980	414600	C'est vrai qu'il a vraiment
414600	415640	une bonne tête de gourou, en tout cas.
415640	417760	Comme si on avait un gourou Raoult.
418700	419660	Un gourou Raoult ?
420700	420940	Ouais.
422160	423320	C'est ça, c'est ce que je viens de dire.
423940	425080	Non, t'as dit un gourou Raoult,
425160	426040	mais moi, je dis un gourou Raoult.
428520	429060	Oui, c'est ça.
429540	430100	Mais tu vois,
430460	433900	tu te rends compte que ça peut vite basculer, quoi,
434000	435320	avec des gens qui le suivent,
435320	436440	des fanatiques,
436660	439280	on est toujours dans des trucs un peu irréels, quand même.
439520	440160	C'est ce que j'allais dire.
440180	441720	Ce mec-là est sorti de nulle part,
441820	442800	on dirait un personnage de série.
444020	445540	Alors, il y a bien sûr des gens
445540	446920	qui retrouvent,
447420	448660	comme dans toutes les bonnes séries,
449060	450220	ils ont retrouvé des vidéos de lui
450220	452420	il y a 10, 15 ans, sans barbe, cheveux courts,
452740	454580	quand le personnage n'était pas encore terminé,
454700	455420	en mode préquel,
456040	457940	où en fait, il a toujours dit...
457940	460860	Donc, maintenant, t'as les vidéos
460860	462560	Raoult, le visionnaire,
462560	463940	Raoult avait vu avant tout le monde.
464960	466440	En final, moi, je peux aller dans
466440	468100	les plateaux de télé et dire, vous allez voir,
468260	470260	un jour, il va se passer une catastrophe et on n'est pas prêt.
470760	472300	Bon, j'ai quand même pas mal de chance.
472380	474420	Oui, enfin, lui, c'est quand même lui qui a dit,
475120	475700	lui, il a dit,
476240	477600	il y a un mois, il a dit,
478020	480240	si on s'énervait à chaque fois qu'un virus partait de Chine,
480900	482480	non, non, c'est absurde, il n'y a aucun risque.
484300	485140	Il a dit ça aussi.
485420	486140	Il est entre les deux,
486400	487980	parce que je l'ai aussi vu dans une interview,
488100	490620	où il dit, le pic de mort
490620	492960	d'habitude, en fait, lui, il veut toujours dire
492960	494380	qu'on a...
494380	496300	Ce qu'il veut dire, c'est qu'on n'a jamais été prêt pour les trucs,
496440	498500	saisonnier. Celui-là, il est dur, mais en fait,
498560	500800	tous les ans, il dit, les gars, il y a 15 000 personnes qui meurent
500800	502620	et pour l'instant, en vrai, on est dans les chiffres.
502980	504680	Pour l'instant, on n'a pas vraiment monté.
505640	505760	Oui.
506520	508300	Bon, ben... En tout cas,
508340	510260	il est une bonne dégaine, ça, c'est sûr. Et puis, il est marseillais,
510340	512160	ça serait drôle. C'est pour ça qu'au début, j'avais...
512160	514080	En tout cas, j'ai hâte de le voir. Je trouve ça dommage.
515320	516460	On ne l'a pas trop vu invité
516460	518700	sur des plateaux. J'aimerais bien un petit débat,
518700	520580	l'entendre parler, ou un combat, tu vois,
520720	522520	par exemple. Un combat contre Cymes,
522520	524700	dans une arène, ou, tu vois, avec...
525600	528700	Un petit truc sur BFM, tu vois, où ils se battent.
529580	530720	Ben, ouais, et...
530720	532440	Où est Zemmour, là-dedans ? Alors,
532520	534760	Zemmour, il est pro-chloroquine, parce qu'il a un public
534760	536480	de gilets jaunes, Zemmour. Alors, qu'est-ce qu'il doit dire ?
536480	538660	Lui, il est anti-arabe,
538720	540440	quoi, mais je veux dire, là, ça devient compliqué.
541820	542780	C'est très compliqué
542780	544540	de mettre ça sur le dos de l'islam, en ce moment, quoi.
544540	546620	Est-ce que t'as vu cette vidéo de lui, qui est tout seul
546620	548040	dans la rue, et il y a un mec qui lui fait
548040	551420	« Ça va ? C'est pas trop dur sans l'islam ? »
551420	552340	Une bonne vidéo
552340	554560	de... Et ma vidéo
554560	556600	très bête, préférée, j'espère
556600	558820	que c'est pas un fake, mais ça doit être un fake,
559360	560180	c'est le mec
560180	561980	qui hurle à un autre mec
561980	564320	sans lui demander comment il s'appelle,
565060	566340	et qui dit « Joe »,
566340	568540	et qui lui répond « Nique ta mère, Joe ».
569240	570260	Elle est bête,
570620	571360	mais elle fait rire, quand même.
572740	573560	Alors, pour moi,
573660	575340	c'était fake, mais peut-être que...
575340	577540	Peut-être que je me trompe et que, tu vois,
577620	578660	je doute de tout, maintenant.
578860	581140	Même avec le fake... Pour moi, c'est faux.
581380	582320	Comment il hurle son...
582340	584360	« Nique ta mère, Joe ».
584360	586960	Il y a un petit plus. C'est au moins dans mon top 20
586960	589100	des vidéos. Top 1, J.J.G.
589900	590820	Bon, Urbain,
591120	592440	Urbain, je suis désolé,
592780	593880	je suis désolé, mon gars.
596180	597480	On est totalement...
597480	598860	Je vais devoir t'interrompre, parce qu'il se passe
598860	600980	quelque chose de très grave, et je sens que tu veux
600980	601460	pas en parler.
604580	605100	Il y a eu
605100	605760	une réponse, il y a.
606940	607720	Il y a eu une réponse.
607860	609620	Ah oui, excuse-moi.
609620	611220	Quand tu t'es...
611220	612100	Oui.
612340	613100	Oui.
614320	615940	La réponse à une étoile.
618300	618980	Eh bien, écoute,
619260	621500	on est vachement décalé, là. Je crois que c'est de ma faute,
621560	623380	parce que j'ai acheté un VPN, et que là,
623520	625520	je suis actuellement aux États-Unis, ce qui est complètement con.
626340	627660	Mais je vais répondre...
627660	628760	C'est pour ça. Mais c'est bien.
629120	630960	C'est un épisode transatlantique, c'est bien.
631060	632340	C'est ça. Mais alors,
633300	634800	dans un premier temps, oui,
635140	636720	j'aurais dû en parler.
637800	639820	La personne s'est excusée
639820	642100	platement, a compris ce qu'on voulait dire.
642340	643340	Euh...
643340	644560	Je...
644560	646840	A dit que, bon,
646900	649220	mes méthodes étaient un peu compliquées, que c'est toi qui l'avais convaincu,
649280	650780	donc on lui a fait un good cop, bad cop.
651120	652920	Elle a enlevé le commentaire. Il y a depuis
652920	654660	trois commentaires en plus, cinq étoiles.
655120	656980	Donc, voilà, on est vraiment
656980	659120	sur quelqu'un qui a compris le message, qui s'est pas
659120	661340	vexé. On n'est pas sur un Alberto.
661680	663000	Voilà, en tout cas.
663460	664800	Et je la remercie beaucoup.
665080	666240	Ok. Je suis sûr qu'il y a eu très bon de toi.
666660	668980	Et aussi, aujourd'hui, j'ai fait un achat débile.
668980	670640	J'ai acheté un VPN sur trois ans.
671000	671880	Ça ne sert à rien.
672340	674500	130 balles dans mon cul. Je suis un idiot.
674800	674920	Voilà.
677320	678420	Pourquoi faire ?
678420	681340	Pourquoi faire ? Je me disais que ça pourrait être intéressant
681340	683000	pour des sécurités,
683200	684780	pour plein de trucs, d'avoir un VPN
684780	686380	pour pouvoir aller sur les sites américains.
686840	689080	Et au final, ça galère
689080	690780	vachement avec Netflix. C'est assez pourri.
691160	693180	Et là, tout de suite, je ne l'ai pas enlevé
693180	695040	à cause de Netflix et j'ai l'impression de vous appeler
695040	696660	des Etats-Unis et du coup, ça ne marche pas.
696820	698580	Donc, c'était une erreur. C'est 130 euros
698580	700100	vraiment perdus. Et voilà.
702340	705400	Bon, écoutez, c'est déjà
705400	707760	le premier épisode VPN
707760	708920	de Plutôt Confiné.
709040	711020	Peut-être pas à refaire, mais ça donne.
711300	712960	C'est vrai. Ce petit côté
712960	714980	correspondant de guerre, j'ai l'impression que tu es loin
714980	715920	et c'est assez kiffant.
716180	718640	Demain, je serai en France, pas de problème, ou en Birmanie,
718740	719980	histoire de s'entendre encore moins.
720120	722040	C'est possible, avec ces 130 euros
722040	723380	que j'ai pris dans le cul.
724760	727540	Bon, c'est un petit épisode un peu court.
728200	729120	Je vous fais des gros poutous.
729500	730300	Des gros poutous partout.
730600	731680	Des gros poutous tout doux.
731680	731780	Et à la prochaine.
732340	732820	Et je m'en vais.
735420	737220	Moi aussi, bien sûr.
737420	737740	Tout doux.
740700	741500	Allez, salut.
742160	743120	Allez, salut, mon gars.
743940	744520	Et bonne route.
745540	746060	Fini forme.
761680	761900	Sous-titrage Société Radio-Canada
