start	end	text
0	5080	Allez, c'est parti, on appelle l'amigos.
10080	12240	Va-t-il répondre ?
12240	14000	Chagallère !
15460	17020	Oui, alors ?
17020	20180	Paris, 20ème !
20180	22680	Alors attendez deux secondes, deux secondes.
24520	25200	Putain.
25460	28000	Ça enregistre, j'en ai rien à foutre, je peux pas monter.
28000	30160	Oui, mais c'est une histoire de...
30160	33700	C'est bon, là je vous ai dans le casque, je vous avais pas dans le casque.
33740	35520	D'accord, Paris, 20ème, ça va.
35660	39780	Bon, Paris, 18ème, écoutez, journée du doute, aujourd'hui.
41260	43280	Du doute sur votre maladie ?
43280	50700	Non, du doute quand je vois toutes les personnes, surtout là, à 19h,
50820	54300	toutes les personnes dans ma rue, comme une soirée d'été normale,
54440	56640	et pas que des joggers, des gens qui marchent,
56640	57800	je me dis...
57800	63240	Est-ce que je suis pas un connard à être enfermé depuis 5 jours sans foutre le pied dehors ?
63240	65960	Ah non, non, non, faut pas commencer à douter parce qu'il y a des plus cons.
66540	69220	Oui, bien sûr, il fait beau, donc les gens ne comprennent rien,
70060	74820	mais clairement, vous êtes pas un connard.
74900	80420	Mais par contre, ce qui est sûr, c'est qu'on est partis pour 3 mois de confinement
80420	82640	si ces cons-là ne comprennent pas que...
83320	87360	Là, je te jure, c'est soirée d'été, c'est pas une rue touristique,
87440	87640	mais les mecs...
87800	90180	Ils font leur petite balade du soir, à 2 ou à 3,
90780	92920	il y a plein de gens, des gens qui courent, ils descendent,
92980	96080	ils touchent les rampes, les escaliers, je comprends pas.
96260	97660	Mais qui sont ces gens ?
97660	98800	Je sais pas.
99840	101820	Ça me dépasse un peu, alors tu vois, je me dis,
101880	104060	peut-être qu'en fait, on en fait trop,
104260	108840	peut-être que je pourrais juste aller me balader, faire un tour, tu vois.
109960	112800	Tout seul, en étant très, très...
113580	116400	Normalement, même tout seul, tu vois, sur ta dispense,
116400	117440	tu mets pas...
117440	118920	Tu vois, je fais un petit tour.
120100	124600	Non, non, mais moi, je pense que ces gens, ça s'appelle des connards, tout simplement.
124740	125920	Il y en a énormément.
126700	130180	Ouais, ouais, mais écoutez, quand j'avais fait mon espèce de sketch,
130180	131720	il y a deux mois, au tout début du coronavirus,
132580	134820	mes blagues étaient principalement sur le fait que
134820	137240	si ça arrive en France, ça va être une catastrophe
137240	139140	parce qu'on n'est pas capable d'écouter des consignes.
139800	142400	Et c'est bien triste, mais il y a des situations
142400	146180	où le côté dictature, ça marche mieux que...
147440	149420	À France, où effectivement...
149420	151240	Voilà, c'est pas étonnant que ce soit en Italie et en France
151240	152060	que ça part en couille.
152200	153740	Alors, tant mieux, c'est l'avantage de notre pays.
153740	154480	Et en Espagne, oui.
154860	157160	Et en Espagne, c'est nos pays, c'est nos pays cools, quoi.
157440	158260	Et c'est la vie.
158440	158920	Mais là...
158920	159900	Qu'est-ce que tu veux ?
159900	161780	Je suis latin, je suis comme ça, je suis grande gueule.
161980	162860	Moi, je dis ce que je pense.
163140	165040	Et puis, on va pas m'interdire de rester chez moi.
165480	168160	Putain, la palpe des gros cons de l'année,
168380	170020	c'est vraiment les gens du Spring Break.
170520	171680	Là, parce qu'en plus, ils sont...
171680	174060	Ah oui, on est sur des énormes tanches.
174900	175960	Ils sont là...
175960	177160	C'est vraiment les...
177160	179180	Non seulement, il y a une connasse qui sort,
179300	181320	mais en plus, elle se plaint que tout est fermé.
182080	184580	Et puis après, c'est tous des gros tchads.
184700	185640	Ils sont tous musclés.
185840	187440	Ils disent, j'avais pas peur d'un virus.
187840	188720	Ils sont tous dans l'eau.
189040	191020	C'est incroyable.
191440	193020	Le tweet qu'avait partagé la vidéo,
193160	193940	le mec disait,
194340	195840	tout le monde a l'air malade sur cette vidéo.
196040	196440	Et c'est vrai.
196760	199000	Ils ont l'air déjà rouges, dégueux.
199000	200380	Au bout de leur...
200380	201400	Ah, ils sont sales.
201780	202700	Non, mais c'est abusé.
202760	203780	Mais en même temps, bon, voilà.
204220	205860	Faut pas oublier que derrière le stade 3,
206460	208500	il y a le stade 4 qui est très dangereux,
208900	209640	mais qui est en mode,
209960	211860	bon, on a fait les calculs.
212100	214680	5% des gens, on y va.
215000	217080	C'est parce qu'ils sont pas assez intelligents
217080	220160	pour l'analyser comme ça,
220320	221620	pour dire que c'est leur truc,
221720	223620	de dire, bon, c'est pas grave.
224160	225780	Mais moi, encore une fois,
225780	227780	c'est la seule solution que...
229180	231060	Enfin, j'aimerais que ces gars-là assument,
231240	232880	qu'ils arrêtent de dire c'est pas grave
232880	233600	parce que c'est pas vrai,
233700	234820	mais qu'ils disent, bon,
234820	238120	on va pas tout sacrifier pour 5% de connards
238120	239660	vu qu'on va tous l'avoir, on s'en fout.
240460	242060	Ouais, mais je sais pas.
242200	243020	Je sais pas parce qu'en fait,
243880	246500	le truc, c'est que c'est pas en plus...
246500	247440	C'est pas si vrai que ça.
247960	250100	C'est-à-dire qu'il y a beaucoup de complications.
250220	251860	Tu sais, il y a eu ce truc des Anglais
251860	254080	qui disaient que leur technique,
254240	255420	c'était on laisse le truc,
255520	256380	on laisse le truc prendre
256380	257960	et puis une fois que tout le monde l'a eu,
258020	259760	ça ira, l'immunologie,
259920	261200	tu vois, l'immunité de groupe.
261720	263240	Mais ça marche pas parce que ça compte
263240	264800	plusieurs centaines de milliers de morts.
264800	265580	Dans le process.
266280	266640	Bref.
267080	268480	Non, mais ça va pas.
269340	270300	Toujours est-il que,
270300	271140	toujours est-il que,
271200	272000	voilà, ça m'a saoulé,
272140	272800	il fait beau
272800	273840	et je vois plein de gens dehors,
273900	274180	ça me saoule.
274900	275800	Ben moi, ça me donne pas...
276520	277160	Encore une fois,
277340	278640	j'ai jamais eu envie de foutre la pièce.
278760	279020	Il y a...
279020	280420	Voilà, j'aimerais bien faire une pétanque.
281160	281780	Voilà, mais c'est tout.
281780	282800	Allô, Paris 18 ?
283480	283760	Oui.
284900	285600	Paris 18.
285920	286160	Merde.
286780	287100	Non.
287980	288840	Ah, je vous entendais pas.
288940	289520	Je vous entendais plus.
289540	290100	Tout marchait bien.
290640	291560	Ne gâchez pas tout.
292040	292900	Je vous entendais plus.
293200	294040	Vous disiez quoi ?
294040	294620	Vous disiez quoi ?
294620	295680	Je disais que...
295680	297940	C'est vrai que j'ai envie d'une petite pétanque,
298060	298680	mais c'est tout.
299120	300100	Ah ouais, ben ouais.
301200	302380	Ben là, là, là, là,
302380	303560	c'est sûr que...
303560	304320	J'ai un ami,
304540	304920	il m'a dit,
305060	305560	bon, ben moi,
305620	306580	j'ai eu un message,
306980	308520	son père joue à la pétanque seul.
310340	311160	Mais je comprends ça.
311180	311340	C'est très triste.
311520	312100	On en est là.
312240	313200	Les Français en sont là.
313540	314680	Non, non, mais ça, je comprends.
314820	315780	Pour s'entraîner à Caro,
315900	316560	moi, régulièrement,
316720	317480	je joue seul.
317880	318720	C'est ce que je lui ai dit.
318820	319820	Imagine que c'est un entraînement,
319940	320520	c'est moins triste.
321200	322560	Je regarde régulièrement
322560	324060	des vidéos de mecs qui...
324060	324960	Moi, je regarde des vidéos
324960	325960	de mecs qui jouent seuls,
326040	326840	donc pour te dire.
326940	327900	Ben, ah oui.
329580	329900	Carrément.
330640	330960	Carrément.
331140	332240	Là, vous, vous êtes un esthète.
333180	333840	J'adore la pétanque.
334680	335400	En termes de...
335400	336440	On n'en a pas trop parlé.
336560	338160	En termes de culture,
338720	339340	qu'est-ce qu'on regarde
339340	340460	en film et en série
340460	341400	en temps de pandémie ?
341400	342040	C'est marrant.
342260	343820	J'arrive à rien voir, en fait.
343900	345120	Je suis tellement sur des petits trucs
345120	346000	de réseaux sociaux
346000	346640	et j'en bouffe tellement
346640	347240	toute la journée
347240	348660	qu'au final,
349280	349960	je me suis fait
349960	351360	quelques films
351360	352020	mais je n'arrive pas
352020	352540	à regarder des trucs
352540	353120	longs, quoi.
353500	354060	Je comprends.
354300	355120	C'est fou,
355220	356160	mais je voulais
356160	357580	en profiter,
357680	358380	ça va être bizarre,
358480	359660	pour lire des très bons bouquins.
359820	360020	Ouais.
360240	361420	C'est très, très dur de...
361420	362460	Je me force à me poser
362460	363500	au moins une heure pour lire
363500	365620	mais je suis, en fait,
365880	366420	étant donné que
366420	367720	toutes les relations sociales
367720	369220	sont via une caméra
369220	370320	sur des hangouts et tout,
370420	371680	je suis épuisé
371680	373620	de tout ça.
374000	374300	Je suis conscient
374300	374960	de parler énormément.
375520	376320	Bon, moi, j'ai relu
376320	377940	mes deux classiques.
378260	378820	Donc, j'ai relu
378820	379660	Tintin,
380580	381380	Coq en stock
381380	382520	et...
382540	383180	Mein Kampf.
383700	384400	Voilà, je me suis fait
384400	384840	les deux.
385000	385580	C'est les deux.
385880	386520	Vous, il y a
386520	387440	une île déserte,
387520	387980	il y a d'autres bouquins,
388040	388900	c'est ça ?
388900	390460	Ben, euh...
390460	391880	Pour moi,
391960	392800	c'est le cas de tout le monde
392800	395180	mais c'est un mauvais Tintin.
395260	395920	Ah ben, attention,
396080	396700	Coq en stock
396700	397820	n'a pas plu à tout le monde.
399240	400580	C'est même pas un bon...
400580	401100	Putain, vous,
401140	402000	vous êtes un Tintinos.
402340	403740	Je me suis fait...
403740	404180	Ah, j'adore.
404440	405300	Moi, je suis Tintin.
405680	406920	Celui que vous devez aimer
406920	407660	qui est en Écosse
407660	408780	mais il est nul, en fait.
408940	409360	Il est nul.
409360	409940	Ah, c'est pas...
409940	411220	Non, non, non, il est pas ouf.
411340	412300	L'île Noire.
412520	413260	Mais franchement,
413580	414620	c'est la pire intrigue
414620	415180	d'un Tintin.
415580	416660	Il va en Écosse...
416660	416680	Ah, ouais,
416680	417460	le faux monnayeur
417460	418760	avec un gorille dans un château,
418820	419460	ça n'a aucun intérêt.
419640	420580	Putain, je l'ai vu
420580	421420	en dessin animé,
421500	422320	la version longue,
422400	422960	mais c'est...
422960	423860	Putain, ça m'a...
423860	424460	Ah non, mais je suis d'accord,
424580	425840	il y a bien mieux
425840	427040	dans Tintin.
427780	428300	Bien mieux.
429800	430160	En...
430160	431400	Il y a le dessin animé
431400	431860	sur Netflix,
431960	432540	j'aime bien m'en faire
432540	432980	de temps en temps,
433040	433680	le dimanche soir
433680	434180	pour déprimer.
434180	435080	Ah, ils sont très sympas.
435320	436000	Ils sont très sympas.
437040	438080	Lequel, vous pensez,
438120	439580	le mieux adapté ?
439580	440620	Oh, je sais pas.
440900	442320	Moi, je les aime tous,
442440	443220	mais ça dépend
443220	443900	de ce que vous aimez.
444260	444860	Il peut y avoir
444860	445660	un peu bagarre,
445760	446380	un peu coup d'État
446380	447440	en Amérique latine,
447940	449760	un peu exploration-aventure,
450200	451280	un peu de racisme
451280	451720	en Afrique.
451940	452620	C'est à vous de choisir,
452660	453340	il y a vraiment de tout.
455300	456520	Ah, mais le Congo,
456620	457100	ils l'ont adapté
457100	457900	en dessin animé ?
457900	458080	Non.
458160	459200	Non, c'est le seul.
459440	460340	Ouais, bah, ils se sont dit
460340	461000	parce qu'ils allaient
461000	462020	devoir faire l'accent,
462260	463080	donc ça va être dur.
463120	463460	Ah bah ouais,
463460	464220	non, non, ils ont dit
464220	464920	non, non, celui-là,
465000	466620	on peut pas se permettre.
466900	467900	Mousdiouf n'était pas libre.
468860	471280	Mousdiouf étant décédé.
472300	473140	Non, mais attends,
473880	475180	tu sais que dans Astérix,
475300	475820	même celui,
475960	476780	Monsieur Cléopâtre,
477020	478300	ils ont mis Mousdiouf
478300	479380	et je crois qu'il fait
479380	480380	un peu un accent scandaleux.
480440	481740	Non, je sais pas s'ils l'ont.
481740	482320	Ah, je sais plus.
482400	483360	Dans le premier, peut-être.
484080	485160	Bon, mais t'as pas été foutu
485160	486800	de regarder un film ?
486800	487540	Si, je te dis,
487720	488340	j'ai vraiment vu
488340	489380	Prends l'oseille et tire-toi
489380	490480	le premier Woody Allen
490480	492300	qui était vraiment bien,
492380	492640	en plus.
493260	493440	Et j'ai vraiment vu
493440	495800	Ah si, Bride Maids,
496020	496760	ça avait longtemps
496760	497680	que je voulais le voir.
499200	500300	Il est vraiment bien.
500540	500880	Non, mais...
500880	501420	Ah oui,
501940	503120	c'est que je me souviens
503120	505380	de scènes d'anthologie.
505820	507020	Alors, il y a des scènes de caca,
507140	507560	mais tout le monde
507560	509960	parle de cette scène de caca,
510160	510700	mais en vrai...
510700	511500	Elle est odieuse.
511700	513440	Non, mais si j'ai une recommandation
513440	514440	pour des gens qui pensent
514440	515300	que c'est une comédie
515300	517060	de meuf un peu nulle...
517060	517860	Ah oui, non, non, non.
518080	518840	C'est un...
518840	520000	Mais Kirsten Wigg,
520120	522560	je la mets au niveau
522560	523300	de Tiff Carell.
523440	524840	La première demi-heure,
525700	526620	chaque fois qu'elle parle,
526720	528100	chaque fois qu'elle fait une mimique...
528100	528760	Non, mais vraiment,
528840	529520	j'étais sur le cul.
529640	530380	En termes de mimique,
530500	531460	elle est incroyable.
531720	532480	C'est silence,
532700	533200	c'est mou.
533500	534860	Elle est géniale.
534980	536340	La puissance comique du film,
536560	537140	je...
537140	538760	La fin est un peu moins bien
538760	539360	parce que...
539360	541740	Mais le début, c'est...
541740	542800	Bon, alors,
542940	544580	on a un Discord, ça y est.
545180	545620	Il y a des gens
545620	546360	qui parlent dessus.
546960	547740	C'est très bien.
547880	548160	Ils disent
548160	549480	il faut que vous modériez,
549540	550660	que vous nommiez des modérateurs.
551020	551780	Je vais peut-être le faire,
551880	552420	mais j'aime bien l'idée
552420	553240	que ce soit un peu le chaos
553240	554340	dans ce Discord.
554480	555520	Plutôt caustique, c'est libre.
556420	557220	Ouais, voilà, c'est ça.
557560	558400	Donc, ça a commencé,
558520	559240	il y a un connard qui a dit
559240	560280	tu préfères Urbain ou Clément,
560380	561280	j'ai supprimé son message.
561400	561980	Donc, ils ont compris
561980	563160	où ils avaient foutu les pieds.
564720	565220	Alors, oui,
565300	566980	on ne modérera pas,
567080	567980	mais sans le dire,
568060	569240	on supprimera des messages.
569640	570500	Ah ouais, ça, c'est certain.
570580	571300	Ce qui s'appelle
571300	572480	de la modération, finalement.
572700	573660	Quitte à bannir des gens,
573740	574900	des gens sans leur dire.
576140	577160	On pourrait supprimer
577160	578180	une personne aléatoirement,
578380	579140	même si elle n'a rien fait.
579380	580520	Tiens, excellent.
580780	581240	Je vais faire ça.
581240	582800	Non, mais c'est drôle
582800	584020	de voir les causticots
584020	585280	se vivre entre eux.
586040	587840	Ouais, c'est assez sympa.
588380	589420	Plutôt une bonne communauté.
589740	590240	Je ne pense pas
590240	590820	qu'il faudrait faire
590820	591720	10 000 catégories,
591820	592400	mais c'est vrai que
592400	593720	un sur Cluzet,
593860	594580	un sur Siebert,
594740	595780	un sur Lecoq.
595920	596520	Voilà, voilà.
597420	598340	C'est ce qui ressortait
598340	600140	principalement du truc.
601020	602420	Il nous reste 10 secondes.
602540	603480	C'est passé très, très vite.
604400	605100	Qu'est-ce qu'on fait ?
605100	605940	On chante ?
605940	607440	Plutôt,
607620	610600	plutôt contaminé.
610960	612620	On est plutôt
612620	612780	contaminé.
612800	614240	On est trop contaminé,
614360	616100	mais on est responsable.
616240	617780	Alors, on reste chez nous.
620260	621480	Salut les connards.
621720	622720	Salut Paris 18.
622880	623140	À demain.
623460	624120	Salut Paris 20.
