start	end	text
0	6600	Allez, on appelle Paris 20, petit rituel du soir.
8620	10000	On va voir si...
11560	17140	Oui, allô ?
17140	19580	Allô ? Ah ben on vous entend mal, pour changer.
20520	21020	Quoi ?
21020	23000	On vous entend pas très bien pour changer, mais ça va là.
23840	27060	Ah merde, ben moi je suis 4G comme d'hab, mon casque...
27060	28000	T'es 4G ? T'es full bar ?
28000	31380	Moi je suis... Non, non, non, je suis 2 bar, c'est pas facile.
31820	33080	Non, non, mais ça ira bien.
34160	35620	Bon, comment ça va ?
35620	41180	Ça va, ça va, un peu dans le dur aujourd'hui, un peu rien branlé, mais ça va.
41920	44160	D'accord, et en termes de santé ?
44160	50000	La santé ça va, la santé ça va, je crois que je suis juste un peu fatigué, mais ça va.
50740	53620	C'est normal de tousser du sang ?
53620	57980	Ah oui, oui, oui, moi j'en suis là aussi, avec quand même en plus...
58000	58680	Le nez qui brûle.
59680	62180	Ah, le nez qui brûle ? C'est pas bon ça le nez qui brûle ?
62180	63180	Ah ben non, je pense pas.
64060	65060	Surtout s'il y a du sang.
65740	68880	Ah ouais ? Bon après le sang, c'est le rouge, c'est l'espoir aussi.
69500	69860	Pas du tout.
69900	71220	C'est la vie, c'est des indiens.
71540	72640	C'est pas du tout l'espoir.
73200	75620	C'est vraiment le contraire de l'espoir, c'est le danger en fait.
75760	76460	C'est connu comme ça.
76780	78580	C'est pas drôle d'ailleurs, attends, attends.
79060	83660	C'est pas fou que le rouge, ça soit le danger, le rouge du sang, tout part du sang en fait.
84460	84660	Ouais.
85540	87220	Vas-y, vas-y, vas-y, creuse, creuse.
88000	93080	Du coup, le vert, c'est dégueu, genre le mucus, c'est le pu, et c'est quand même censé être cool.
93300	94100	Donc elle marche pas mon avis.
94100	97260	Ouais, parce que la nature, non ça marche pas trop, ça marche pas trop.
98080	98500	Ça marche pas trop.
98500	100420	Après, ça tombe bien, c'est que t'es pas médecin.
100900	106700	Ouais, parce qu'en plus, sortir du sang de toi, pas bon.
107060	109720	Sortir du pu ou de la morve de toi, plutôt bon.
109720	111680	Bon, bon, bon, il faut, il faut.
111760	113280	Signe que pas bon, mais vaut mieux sortir.
114000	115080	Bien sûr, bien sûr, bien sûr.
115140	117160	Ça fait longtemps que j'appelle ça un gros bouton vert.
117160	118540	Ça me manque, j'aime bien.
119240	120300	Ah, j'ai pas trop ça, moi.
120580	122300	Ah, moi j'adore éclater des bons furoncles.
123040	126540	Ouais, mais j'ai eu cette chance, tu vois, j'ai jamais trop eu...
126540	128480	Je suis pas passé par cette étape.
128820	131860	Ah ouais, moi quand j'étais petit, j'avais une petite fascination quand même pour les furoncles, un petit peu.
132620	133860	Et t'en as eu ?
133860	135660	Oui, oui, j'en ai eu un...
135660	137880	Ah oui, je vous ai pas raconté le pire été de ma vie.
138800	141260	J'ai eu, surtout le pire été de mon père.
141940	146400	J'étais en vacances dans le sud, on avait une maison dans le sud,
146400	147000	parce qu'on est...
147000	147040	Ah, c'est bon.
147040	147060	C'est bon.
147160	149260	On a un maximum de choses.
149800	153100	Non, parce que mon grand-père a eu du pif, voyez-vous, que maintenant ça vaut de la thune,
153180	156680	mais ça, on valait pas à l'époque, donc on peut pas se reprocher d'avoir eu du pif.
157040	160160	Et vous n'avez pas à vous justifier d'être un hanty ?
160880	165500	De fait, je le suis, donc voilà, mais je tiens à dire que c'est pas genre on est blindé dans la famille.
165640	166260	Il était pas blindé.
166380	169160	Ouais, mais ça c'est typiquement français d'avoir un problème avec l'argent.
169620	173640	Ouais, bah écoute, annoncez votre salaire, et puis on verra.
175220	176360	Vous ne pouvez pas...
177040	177120	Quoi ?
177120	177140	Quoi ?
177140	177160	Quoi ?
177160	177720	C'est trois.
177800	178340	Bah oui, c'est trois.
178400	179140	Moi aussi, c'est trois.
179400	179740	Moi aussi.
179840	180260	Trois briques.
181500	184460	Trois briques de farine.
185300	185580	C'est ça.
186060	187300	Plus grosso modo, quoi.
188060	189260	Oui, bah des fois, un verre d'eau.
190220	190700	Voilà, voilà.
191280	192400	Et alors, quoi d'autre ?
192400	193800	Donc, ouais, la maison, ouais.
193920	199940	On se baigne à la Méditerranée, la Méditerranée qui est aussi propre qu'un verre rempli de mégots à la fin d'une soirée.
201800	203120	Ça me dégoûte déjà.
203440	206280	Je chope des furoncles au cul.
206280	206480	Ah.
206480	207620	Oh non.
208540	211460	Mais genre, je peux pas m'asseoir.
212060	214080	Ah, mais est-ce que c'est lié à la Méditerranée ?
214080	215140	Bah, je pense, oui.
215280	216440	L'eau qui était dégueu, quoi.
216980	221820	Et du coup, il fallait que je prenne un médicament horrible qui s'appelle la piostacine.
222380	223820	Très violent, très amer.
224280	226880	Il fallait vraiment noyer dans une danette pour pas la sentir.
227540	233920	Et surtout, il fallait que mon père médecin régulièrement me perce tous les boutons du cul.
235120	235580	Oh non.
235940	236440	Quel âge ?
236440	238340	Genre, 8-9 ans.
238640	242360	En plus, j'étais un petit enfant obèse, on peut le dire.
244980	246220	Avec un bon boule.
246460	247960	On peut parler d'un bon boule.
248140	249080	N'ayant pas peur des mots.
249080	249480	Ouais, ouais, ouais.
249500	250080	Disons que si...
250940	251200	Ouais, ouais.
251200	251280	Ouais, ouais.
252280	255080	Ouais, bah, un bon boule, un bon boule de...
255080	257780	Comme si quelqu'un était musclé, mais qu'il l'était pas.
262180	264380	Ah, et alors à la main ?
264380	265380	Ou à l'aiguille ?
265380	265400	Alors à la main.
265400	266340	Mais lui, il est médecin.
266440	266980	Il a vu d'autres.
267080	268320	Et puis, il voyait son gamin souffrir et tout.
268380	269860	Mais quand même, il a...
269860	271100	Et voilà, donc c'est le genre de sacré...
271100	276720	Ah, mais après, les parents vont te dire, quand c'est ton gosse, tu fais pas gaffe, tu changes les couches, tu mets pas le vomi.
276940	277400	Mais d'ailleurs...
277400	280520	Mais éclater des furonques de cul, je crois que c'est la limite, peut-être.
280520	280600	Ouais.
281540	283660	D'ailleurs, il disait, tu sais, moi, je serais capable de l'aspirer.
283740	284580	Mais je dis, bah, fais-le, bâtard.
284820	286120	Oh, non, non, non.
286140	286500	Et il l'a fait.
286820	287180	Et c'était...
287180	288180	Non !
288180	288580	C'était ouf.
290640	292360	J'ai l'impression qu'on est dans un cyber.
296440	298440	D'aspirer des furonques de cul.
298600	299100	Ah, voilà.
299120	299640	C'est ça ?
299640	300760	Nous aussi, on peut être dégueux.
301040	302120	Nous aussi, on peut être chinois.
302720	303180	Petit joueur.
303360	305080	Je t'en ai écrit 14, moi, des romans.
305220	307380	Tiens, le curé pué de la bite.
307520	308740	Voilà, allez, bam, un roman.
309220	310740	Tiens, tu l'as écrit, celui-là ?
310740	311560	Je comprends pas.
311620	315020	En vrai, je comprends pas comment Christophe peut apprécier ce podcast.
316200	321640	Le mec se fait chier, il écrit bien, il a des bouquins qui partent dans tous les sens, de la SF et tout.
321900	325420	Alors, le curé qui pue de la bite, Christophe, tu l'as pas écrit, enculé ?
325420	326420	Voilà, mon bon curé.
326440	329560	Le curé qui pue de la bite, c'est...
329560	331500	Tu le fais bien, c'est Paul Ward.
331680	333580	C'est Paul Ward dans un...
333580	334040	Comment c'était ?
334040	334420	C'est Manhattan.
334600	338640	C'est Manhattan, qui est en enterrement et qui raconte des blagues à un enterrement.
338660	339680	Bon an, mal an.
339760	342600	Bon an, mal an, mon curé qui puait de la bite.
345000	346560	Ah ouais, non, tu l'as, c'est pas mal.
346660	347440	Ah oui, bah ça...
348560	350420	Paul Ward, c'est Paul Ward.
351760	352640	Bon, écoute le drame.
352720	354700	Est-ce qu'il est meilleur que dans Manhattan ?
354700	355960	Non, c'est un régime très chèvre.
355960	356200	Oh.
356440	358820	Et en interview, c'est là où il est le meilleur, en fait.
359400	360060	Qu'est-ce qu'il...
360060	361320	Oui, non, après, il faut reconnaître que...
361320	363480	Mais il est bon en humour, parce que je trouvais qu'il était...
363480	364840	Si, si, alors je l'ai trouvé...
364840	366200	En sérieux, il est excellent aussi.
366600	371120	Je l'ai trouvé excellent dans le film avec Depardieu dans Saint-Amant.
371180	372440	Saint-Amant, ouais, il est énorme dedans.
372520	375060	Parce que là, il est plus sérieux, pathétique, mais il est génial.
375740	377460	Ouais, non, mais je l'ai vraiment trouvé incroyable.
378920	380920	Aujourd'hui, je suis sorti, Urbain.
381000	381440	Oh !
382020	383960	Je suis sorti pour la première fois depuis huit jours.
384840	385960	Donc, la veille...
385960	389140	Un petit atelier couture, on s'était fait nos propres masques, on était peinards.
389220	389480	C'est vrai ?
389480	390300	On va faire des courses.
390460	393220	Ah ouais, j'ai fait des masques couture, ça nous a pris deux heures.
393400	394120	Ils sont sympas.
394320	396220	Mais attends, tu crois qu'ils protègent ?
396220	397900	Bon, un minimum, oui, c'est mieux que rien.
398340	398720	D'accord.
399060	401440	Au cas où la caissière a décidé de me pousser dans la gueule.
401520	406480	Et puis même moi, si je l'ai, ce qui est possible aussi, tu vois, ça m'évitera de contaminer les vieux.
406680	407000	C'est ça.
407080	407820	Qui vont faire leurs courses.
408480	410940	Et du coup, j'y vais, on prend tout.
411480	412020	Tout ce qu'il faut.
412240	412740	Tout, tout.
412740	413900	Je reviens, j'ai oublié la bière.
414740	415060	Merde.
415760	416620	J'ai oublié la bière.
418000	424700	J'avais tout, j'avais ma dispense écrite à la main, le passeport, j'ai du PQ, j'ai tout.
425300	426880	On a du parmesan, on a tout.
426880	428100	Il ne manque rien ?
428100	429000	Dans le supermarché ?
429000	429680	Dans les rayons, oui.
429740	430420	Parce que moi, c'est marrant.
430420	430880	Rien du tout.
431420	432120	Rien du tout.
432300	433680	Aucun oeuf, la dernière fois que j'y suis allé.
433900	434180	Aucun.
436620	437720	Non, on en a acheté aussi.
437880	438300	Non, non, rien.
438880	441360	Après, je pense qu'ils étaient en train de faire le réassort le mardi matin.
441680	441960	Ok.
442200	442720	Tout était là.
442740	442780	Oui, tout était là.
443820	445720	Sans exception, a priori, non.
445820	446340	Même le vin.
446660	447920	Non, vraiment, tout était là.
448240	450740	Et du coup, vous avez pris zéro alcool ou juste pas la bière ?
451480	455080	Alors, j'ai déjà du vin, j'ai du whisky, j'ai oublié la bière.
455260	457760	En vrai, la bière, je ne suis pas sûr que ce soit le meilleur alcool de rationnement
457760	459740	parce que c'est lourd, ça ne bourre pas trop la gueule.
460580	464660	Je veux dire, le vin, tu vois, mon QB, il est encore là, il fait son taf, il commence
464660	465400	à queener un peu.
466080	470660	Oui, mais je t'avoue qu'à chaque Pluto confiné, j'avais pris l'habitude de me boire
470660	472000	une petite bière et c'était assez quand même.
472140	472580	Oui, oui.
472740	473740	J'avoue, ça peut...
474420	478460	Donc là, je suis un peu en détresse parce que si je refais un mot et que je sors et
478460	480900	que je me fais choper, ce n'est pas première nécessité, la bière.
481320	482180	Donc, ils vont me défoncer.
482560	486540	Donc, il faudrait que je rachète du PQ, tu vois, pour justifier l'achat de la bière.
486680	488260	Ça dépend du flic sur lequel tu tombes.
488380	491380	À mon avis, tu mets première nécessité, bière, il va dire, pas de problème, monsieur.
491560	493620	Il va dire, pourquoi vous êtes accent du sud, vous êtes dans le 20e.
493640	493940	Ah oui ?
493940	494920	Oui, mais j'aime la bière.
495500	498020	C'est la bière qui m'a tout donné, il va te dire ça.
498020	500540	Mais ça boit quoi comme bière, un flic ?
500540	502000	Ça boit ce qu'il y a, garçon.
502180	502740	Ce qu'il y a.
503400	503760	Ah, OK.
503920	507360	Non, mais moi, je pensais qu'on était plus sur quelque chose d'anisé, un peu estival,
508140	509140	du rougeau, tu vois.
509560	510600	Oui, mais ça boit de tout.
510780	511620	Non, mais en plus, c'est faux.
512440	513460	Il faudrait calculer.
514000	515380	C'est des statistiques qu'on ne peut pas faire.
516580	520020	Mais le nombre d'alcooliques par profession, tu crois que c'est...
520020	521660	Quelle est la profession la plus touchée ?
521660	522900	En pourcentage, en pourcentage.
525340	525620	Les...
525620	526540	Je sais exactement.
526540	527860	Moi, je pense que ce serait les gars...
527860	528440	C'est les représentants.
528980	529600	Les représentants.
530540	531180	Ah, peut-être, oui.
531680	534380	Tu sais, il y a eu un problème récemment où ils sont pleins.
535300	540320	Ils parlaient surtout de leur taf, les représentants de Pernod Ricard, il y a quelques années,
540400	542020	où en gros, on les oblige à boire.
542980	543760	Ah oui, c'est chaud, ça.
543860	544880	Moi, je connais un mec...
544880	545700	Et c'était horrible pour eux.
545840	547200	Qui m'a dit...
548220	552660	Il faisait souvent des rendez-vous dans le même resto du Cantal, et il faisait souvent
552660	554600	des rendez-vous avec des clients.
554920	557600	Et il me disait qu'il avait avec son...
558340	560520	Le patron le connaissait bien et il lui servait des faux Ricard, en fait.
560540	561920	Il lui servait des faux trucs.
561920	562420	Ah !
562420	563300	Il avait tout le...
563300	563860	Genre Blanis.
564120	565820	Il avait tous les trucs pour faire des faux...
565820	567080	Il bourrait la gueule au client.
567300	567940	Lui, il faisait...
567940	569840	Le gars, ouais, je bois et tout, je suis là.
570620	571980	Et en fait, il ne buvait pas du tout.
572340	573780	Ah, mais il y a des techniques comme ça.
574180	579680	J'avais appris ça dans un vieux film de merde d'une petite meuf de campagne aux Etats-Unis
579680	582580	qui devient serveuse dans un bar.
582800	583500	Merde, je ne sais plus.
583580	584460	Les barmans, en fait.
584660	585000	On est cons.
585320	586200	Enfin, quoi que les barmans.
586560	590520	Et en fait, elle, elle a une technique où, quand on te paye un shot, tu...
590540	594760	Tu bois tout de suite une gorgée de bière derrière et tu recraches le shot dans la
594760	595700	bière en faisant semblant de boire.
595880	596600	Tu vois le délire ?
596600	597400	Ah, ouais.
597520	598000	Bien joué.
598480	601140	C'est une bonne technique aussi en soirée si tu veux coucher quelqu'un.
601800	603860	C'est que tu prends ton shot et tu le recraches dans ta bière.
604140	605940	De se gâcher, donc je ne conseille pas, mais...
605940	606560	Bien joué.
606700	608320	Et puis, il faut alcooliser les gens pour leur faire l'amour.
608540	608800	Bravo.
609520	610040	Ah, non, non, non.
610120	610520	Je peux...
610520	612540	Je parlais d'un défi viriliste pour...
613180	613480	Ah, d'accord.
613480	614360	C'est un truc que tu...
614360	615500	Ah, oui, parce que vous baisez des hommes.
615640	615880	Bravo.
615880	616000	Bravo.
616000	619860	Moi aussi, je baisse des hommes, mon pote.
621400	621840	Tout de suite.
622600	623140	Je suis actuel.
624900	628500	Alors, Urbain, tu sais qu'on fatigue.
629100	631160	Là, on est à J9.
631440	632080	Bout de course.
632380	632880	Bout de course.
632980	634920	Aujourd'hui, je te jure, je me suis levé.
636260	636660	8h20.
637480	638280	Ouais, 8h25.
638640	639040	Déjà, petit test.
639040	640000	Je suis allé prendre une bouche.
640180	640560	Petit test.
640620	641680	Quel jour on est ?
641680	641900	Vite.
643100	643540	Lundi.
643720	644080	Mardi.
644080	644360	Mardi.
644360	644420	Mardi.
644420	644620	Mardi.
644620	644640	Mardi.
644940	645180	Mardi.
645400	645740	Tu vois ?
645740	645980	Putain.
646000	646140	T'es pas bien.
646340	646780	T'es pas bien.
646880	647000	Non.
647560	648920	Bon, la douche, 8h25.
649080	649780	Déjà, j'étais content.
649900	651880	Qui est président de la République ?
651880	652760	Emmanuel Macron.
653900	654220	Faux.
654560	655200	C'est le peuple.
655480	655640	Macron.
655980	656520	C'est dégage.
656520	656820	Putain.
657600	657960	Rik.
659060	659420	Obligatoire.
661580	661940	Lagda.
664160	665620	Comment on fait le mât ?
665620	669380	Et donc, après cette douche, on se dit, allons faire les courses vite, avant qu'il y ait
669380	669700	du monde.
670520	671400	On va faire les courses.
671940	672440	On revient.
672440	675360	Et je me dis, eh bien, tiens, j'en profite.
675560	675960	J'ai le temps.
676000	677080	Je vais prendre une douche.
677580	678980	Je ne sais même plus comment ça s'est passé.
679360	682540	Eh bien, j'avais oublié que j'avais pris ma douche le matin.
682680	683560	J'ai repris une douche.
683720	687780	Et en rentrant dans la douche, je me suis dit, mais c'est du déjà vu ou quoi ?
687780	688940	Je réfléchisais.
689440	692800	Et j'ai pris deux douches en l'espace de 4 heures parce que j'avais oublié.
692860	696560	Putain, mais j'ai cru, mon gars, qu'en rentrant dans la douche, tu t'es dit, ah ouais,
696600	697520	mais je l'ai déjà fait, en fait.
697880	698120	Mais OK.
698900	702740	Oui, mais je me suis dit, là, t'es dedans à poil pendant ta douche, quoi.
703600	704860	Mais t'imagines la détresse ?
704860	705760	Ouais, ouais, c'est chaud, là.
706360	706740	C'est chaud.
706960	710140	J'en ai profité pour me faire un petit shampoing, ce que je n'avais pas fait la première fois.
710320	710480	Bon, tu vois.
710940	712060	Voilà, on se débrouille.
712300	712720	Mais quand même.
712900	713980	J'ai ça avec manger.
714420	715220	Il est 19h.
715360	716420	Je suis à mon huitième repas.
716540	717080	C'est un enfer.
717540	718460	Ça ne s'arrête pas.
718900	720380	Je gurgite en permanence.
720620	724360	Ah, d'ailleurs, sur le Discord, beaucoup de monde voulait avoir des nouvelles de ton
724360	725080	stock de bouffe.
725340	726760	Où en en est ? Comment ça se passe ?
726760	730260	En fait, maintenant, j'ai niqué toutes les...
730260	731480	T'es sorti, toi, ou pas, d'ailleurs ?
731480	732300	Je suis sorti dimanche.
732300	734620	Mais le problème, c'est que moi, j'écoute.
734620	737020	Même si les gens continuent à ouvrir les marchés, moi, je n'y vais pas.
737580	739080	Et du coup, il ne me reste que de...
739080	744680	Tu sais, la première semaine, j'avais vraiment du bon fromage, du bon sauce bag, tout du
744680	746760	bon, des bons légumes, du marché.
747280	750920	Mais là, maintenant, je n'ai que de la bouffe de Carrefour Market et je m'amuse moins.
751140	751780	C'est vachement moins bon.
751780	753800	On n'est pas sur quelque chose de très sympa.
754040	756420	Oui, toute la bonne bouffe est partie, en fait.
756700	757480	Donc, c'est un peu chiant.
757560	758900	Et je n'ai plus de pain aussi.
759160	759660	C'est chiant, ça.
759760	760300	Quoi ?
760300	760460	Oui.
761420	762480	Ah oui, non, ça, ce n'est pas possible.
762480	764560	En fait, j'ai du pain, mais j'ai attendu tellement.
764620	767900	En même temps, j'avais une espèce de pain à houmous, tu vois, et il commençait à
767900	769000	avoir des petites moisissures dessus.
769300	770120	Et ça, c'est drôle.
770240	771800	Je vois tout à fait le genre.
771960	776300	Hier, je voulais bouffer mon pain à houmous avec mon Stilton, un bleu anglais délicieux
776300	776600	qui n'est...
776600	777800	J'adore, j'adore le Stilton.
778040	778900	Que de la moisissure.
779120	782020	Et j'étais là, il y avait une toute petite moisissure un peu sur mon pain.
782680	784420	Et alors que le Stilton, c'est que ça.
784540	786640	Et j'ai dit, je n'ai quand même pas utilisé ce truc-là, c'est dégueulasse.
787160	791560	Souvent, je me demande, tu vois, est-ce qu'elle est pire ? Est-ce qu'elle est moins bonne ?
791560	792120	Est-ce qu'elle est...
792120	793300	Je me suis dit, c'est complètement con.
793380	795240	C'est une mini tache grisâtre.
795340	796920	Et j'ai dit, ouais, franchement, le pain, il faut le dégager.
797080	797660	Et derrière, j'ai...
797660	799340	Non, mais moi, je comprends, je comprends.
799440	801200	C'est infamie, donc ça n'a pas de sens.
801220	801740	Non, mais c'est normal.
801880	802820	Tu ne sais pas, tu ne sais pas.
802900	803980	C'est peut-être un mauvais champignon.
804520	805840	Tous les champignons ne sont pas bons, tu vois.
806520	806940	C'est vrai.
807800	808960	Eh bien, écoutez, 13 minutes.
809220	809580	Eh bien, voilà.
810340	810580	Parfait.
810580	814520	Eh bien, écoutez, Paris 18, je vous souhaite quand même que vous n'allez pas manger quand
814520	814680	même.
814680	817280	Oui, oui, oui, non, non, bien sûr que non.
817720	819480	Et faites du pain, faites du pain maison, sinon.
819960	824120	Je n'ai pas de machine à pain, je n'ai pas de farine et je ne lis pas de Guillaume Musso.
824780	826000	Il n'y a pas besoin de machine à pain.
826220	827820	Il faut farine, levure et puis c'est bon.
828020	829880	Oui, il faut aussi avoir oublié sa dignité.
830600	835200	Donc, écoutez, on verra, on verra quand tu seras là à mendier pour une miche.
835200	840800	Et on verra quand vous aurez des tapis indiens au mur, parce que c'est ça.
841100	842100	Jamais, mais jamais.
842720	844500	C'est ça qui vous pend au pif.
844960	846800	Ah, mais vous confondez, vous confondez tout.
847140	850220	On n'y est plus, c'est fini le plateau des milieux, c'est fini tout ça.
850620	857340	Là, on est sur comment survivre après la fin de notre société consumée.
857360	859860	Vous irez voir des biennales, c'est ça que vous allez faire.
860260	861240	Jamais, plutôt crever.
861540	863040	Plutôt crever ?
863040	864300	Vous m'entendez Paris 18 ?
864300	865680	Je vais raccrocher Paris 18.
865720	866560	Vous me dégoûtez.
866820	867980	Jamais on n'ira voir une biennale.
868100	872580	Et s'il y a une personne qui allait voir une biennale de photo, ça dégage.
873280	873660	Arrête.
873780	874660	Biennale, ça me fait penser.
874680	875160	Je vais aller manger ça à la bière.
875600	876200	Ah, pardon.
876940	877140	Pardon.
877960	878180	Bon.
878620	879220	Allez, à demain.
879700	880860	Allez, à demain Paris 18.
881040	881280	Salut.
886060	888400	Eh ben, un épisode de merde, comme d'hab.
888580	888720	Voilà.
889120	890680	Tiens, je ne vais même pas le monter cette cérémonie.
890820	892880	C'est vraiment le mec insupportable.
893620	895180	Le mec me dégoûte, quoi.
895360	896400	Physiquement, sa gueule.
896460	896980	C'est sa gueule.
897240	898680	C'est la gueule du mec.
899000	900300	C'est ça qui me dégoûte, en fait.
