start	end	text
0	7060	Allez hop ! On reprend le turban.
9160	17120	Pour ceux qui disent que ma voix est main forte, c'est normal, celle de Clément est captée directement dans l'ordinateur et moi c'est le micro de l'ordinateur.
17300	17840	C'est aussi ça.
18120	19380	Oui allô ?
19380	22380	Oh là là, je le sens désespéré, je le sens, je le sens.
22520	24040	Oh non, oh non, toujours vaillant.
24400	25400	Toujours ?
25400	26460	Ah bah toujours, écoutez.
26460	30460	C'est le quatrième lundi de Plutôt Confiné, tu crois ça ?
31680	32720	Déjà ?
32720	32960	Ouais.
34160	39520	On est à combien d'épisodes ? Je suis perdu, moi les jours se mélangent, tout est un...
39520	41620	Mais on a commencé, ouais, je crois que c'est bien ça.
42960	46400	Qui l'aurait cru ? Déjà pas les gens qui nous écoutent généralement.
46520	47120	Ça c'est sûr.
47680	53620	Après il faut savoir que les gars, si vous voulez des podcasts plus souvent, il suffit de ne pas les monter.
55200	56240	Ouais, oui.
56460	62540	Il suffit que vous mangiez une chauve-souris ou un pangolin et peut-être du coup déclenchiez une pandémie.
62760	65800	Dans ce cas-là, nous, on fait ce qu'il faut faire.
66060	70100	Non mais je trouve ça quand même, je trouve ça très faible ce qu'on produit.
70340	70960	Très très faible.
71460	73260	Tu veux dire dans le contenu ?
73260	74480	Dans le contenu c'est...
74480	77240	Ah oui, c'est faiblard.
77700	79720	Il voulait du régulier, bon bah ok.
81280	86420	Après on peut se poser la question, est-ce que c'est forcément mieux sur les épisodes d'une heure ?
86420	86440	Oui.
86440	86900	C'est ce qu'on fait d'habitude.
87160	87900	Non, non, même...
87900	89200	C'est pas sûr non plus.
89600	92900	C'est forcément moins bien même que le reste des podcasts mondiaux.
93380	94040	Ouais, ouais.
94220	95120	Même pas sûr, hein.
95160	96440	Non, non, c'est globalement...
97420	98300	Ouais, à chier, ouais.
98840	99820	Nous on est à chier.
100100	101700	Bon, ok, on admet.
102500	105660	Mais globalement, pas mal de trucs sont à chier.
106120	106460	C'est vrai.
106940	112200	C'est vrai, alors après nous c'est à chier et en même temps nous on en a conscience.
112340	114980	Donc c'est peut-être finalement, c'est peut-être notre point fort.
115320	116080	Ah, c'est deux.
116440	117840	Notre point fort, c'est notre seul point fort.
118660	126220	Ça et des sources claires, des sources fiables et de la régularité.
126440	127140	Voilà, ça, ça.
127140	133360	Voilà, ça c'est devenu finalement les deux jambes sur lesquelles le colosse plutôt caustique se repose.
133540	133920	C'est ça.
134340	139020	On marche sur la régularité et des sources, des sources, des sources, des chiffres.
139040	139600	Des sources fiables.
140000	140460	Des stats.
141660	146420	D'ailleurs, avec vos sources fiables, vous êtes en train de dire à tout le monde, mimez.
146440	147560	Les gars, c'est du mimez.
148400	152960	Ah, moi je suis, ouais, alors j'ai des sources, elles sont ce qu'elles sont, moi je ne suis pas non plus.
153560	154080	Elles sont fiables.
154840	157360	Je ne peux pas vous les citer, mais c'est sûr, elles sont fiables.
157540	157820	D'accord.
158860	160680	Ouais, voilà, mimez, fin mai.
161180	164020	Donc vous, si vous deviez parier, vous seriez un gars du mimez.
164740	168220	Je dis qu'à partir du mimez, on commence un déconfinement progressif.
168560	171160	Ah d'accord, donc rien avant mimez.
171940	172660	Rien avant mimez.
172660	175000	Eh bien moi, là, c'est là et on verra.
175320	176020	Bah, de toute façon.
176440	181020	Le temps sera témoin, comme il sera témoin de tout, de nos forces de finir.
181100	183400	Il nous emportera, il nous emportera.
184120	187080	Vous ne les prendrez pas dans vos tombes, les milliards, monsieur Pourcin.
187340	188860	Vous ne les prendrez pas dans vos tombes.
190740	193400	Non, du coup, je ne sais plus ce que je voulais dire.
195060	195620	Qu'est-ce que tu disais ?
195620	196860	Tu disais mimez, mimez.
197080	197980	Oui, non, mais non, non.
198480	201040	Si c'est du progressif, ce sera avant mimez.
201440	202400	Il y aura, ça bougera.
202400	205680	Ah oui, mais je parle pour le tout-venant, pour nous, pour les gens lambda.
205920	206360	Non, non, mais...
206360	209480	S'ils rouvrent, tu vois, certains commerces ou certains trucs avant, ça ne compte pas.
210380	211100	Non, mais, ouais.
212320	213040	Moi, je te parle de nous.
213260	214640	De toute façon, en France, il n'y a qu'un truc qui compte.
215240	216720	Quand est-ce que les bars vont rouvrir ?
216720	217560	C'est ça qui va tout changer.
217660	220280	S'il y a des bars et qu'il fait beau, alors c'est l'apocalypse.
220280	223000	Je pense qu'ils laisseront sortir des gens avant de rouvrir les bars.
223520	224360	Ça me paraît très logique.
224880	226100	T'imagines si tout est rouvé.
227460	232680	Si un jour, alors que le virus continue, ils ouvrent tout d'un coup, c'est la fin.
232920	233320	C'est terminé.
233340	234760	Non, mais il n'y a que les bars qui comptent, en vrai.
234960	235720	Ils ouvrent les bars.
236360	237880	Et c'est sûr que c'est terminé.
238000	239080	S'ils ouvrent...
239080	240080	Ouvrez les musées, les gars.
240520	241620	Ouvrez les musées, vous pouvez y aller.
242300	248280	Mais là, s'ils font ça, je pense qu'il y a une recrudescence des cas et on repasse devant les États-Unis.
249620	250460	C'est pas possible.
251160	251480	Oui, oui.
252020	254040	Non, moi, je n'arrive pas à comprendre ce truc de...
254040	256980	C'est bon, on a passé le kick, le pic, maintenant ça descend.
257200	257420	Non.
258780	260060	Non, je ne comprends pas.
260180	261420	Il faudrait m'expliquer, mais...
261420	261800	Ah non, non.
262020	266280	T'as un pic et t'as encore...
266360	269340	Plusieurs jours avec un nombre de cas très, très élevé.
269560	275920	Les gens pensent que si on te dit qu'il y a 10 cas de plus que la veille, ils pensent qu'il n'y a que 10 cas.
276060	276800	Mais ce n'est pas ça.
277060	279440	C'est les 700 habituels plus 10, tu vois.
279920	280300	Oui, oui.
280300	282720	C'est ce que je disais aujourd'hui dans mon journal de bord.
283600	285200	La une du...
285200	291880	Enfin, pas la une, mais la première page du site du Monde, c'était une photo d'infirmiers qui s'applaudissent.
292340	295560	Et c'est marqué que 687 morts en espérance.
296360	298700	Et donc, la photo...
298700	298900	Allez.
298900	299240	Oui, bien.
300420	301060	Pas mal.
301460	304440	Non, mais bon, en gros, ils sont contents parce que c'est le quatrième jour où les
304440	306860	nombres de morts descendent, mais ça reste 637 morts.
307100	307400	C'est beaucoup.
307400	307680	Oui, oui.
307820	312720	Mais a priori, quand même, c'est bien parti pour descendre et en Italie et en Espagne.
313680	315280	Et dans l'Est aussi, je crois, de la France.
316640	317500	Donc, voilà.
317640	324400	Après, si tu te calques sur la durée de leur confinement en Chine...
326360	329400	Oui, mais c'est pour ça que si tu te calques sur l'Italie, on ne serait pas à mi-mai.
329480	330720	Ils ont commencé deux semaines avant nous.
332640	333660	Ben oui, mais ils y sont encore.
334040	336740	Non, mais ils y sont encore, mais ils n'y sont pas encore pour un mois.
337260	337820	Ah ben, si.
338500	340460	Enfin, au moins deux semaines, je pense.
342240	343240	Ouais, deux semaines.
343340	343640	Ben, c'est ça.
343720	345240	Deux semaines pour nous, deux semaines de plus.
345560	346020	Donc, début mai.
346120	349200	De toute façon, ce qui ne serait pas mal, c'est fin du confinement le 1er mai.
349360	350040	Comme ça, on peut en sortir.
350180	350820	Comme ça, on est tranquille.
351760	352560	Ah, attendez.
353120	354600	Alors, j'ai un petit problème de...
354600	356040	Vous prenez votre température en...
356040	356200	Non.
356200	356240	Non.
356360	356880	Enregistrement ?
356880	357200	Non, non.
358200	359520	Oui, ben, il n'y a pas la caméra.
359600	360220	Oh, merde, il y a la caméra.
362080	363580	Non, il n'y a pas de...
363580	364220	Il faut...
364220	365860	Il va falloir meubler pendant 10 secondes.
366360	366600	OK.
366780	366980	Voilà.
367360	367640	Meubler.
368160	368460	Vas-y.
372560	372880	Bon.
373200	376320	Alors, ma bière n'est pas assez vide pour que je puisse vous faire un petit air d'ocarina.
377340	379220	Vous m'en voyez fâché.
380480	384820	Alors là, bon, ça fait plus de 10 secondes, mais moi, je suis sur mon balcon, un ciel
384820	385260	de traîne.
385260	386260	Un des nuages.
386360	390200	Un des nuages de traîne, en rapport aux averses qu'on a eus en journée.
390940	392480	Ça sent la forêt.
392600	393680	Ça sent le sol mouillé.
393920	395180	Ça sent la terre humide.
396860	397820	Alors, je suis de retour.
398000	398960	Alors, qu'est-ce que tu fais ?
398960	399520	Tu cuisines ?
399520	400280	Je n'ai rien entendu.
400600	402860	Vous avez parlé de quoi ?
402860	403660	Bon, ben, t'écouteras.
403840	407700	Écoute, en tout cas, mes sources, c'était béton.
408080	409200	Ah, bon ?
409200	409700	Ah, béton.
409820	410580	Il n'y a que ça qui compte.
410880	411600	Il n'y a que ça qui compte.
413600	416200	Oui, alors, eh ben, c'est en fin de jour de la blanquerie.
416200	417820	Voilà, je fais péter le bocal.
417920	418200	Pardon ?
418200	420100	Et du coup, c'est en fin de jour de la blanquette.
421240	421640	Oh, dis donc.
422500	424600	Ouais, ouais, ça aurait dû être hier, mais ça m'a fait chier.
424880	426980	Et puis, aujourd'hui, j'ai faim.
427620	430180	Mais là, on est d'accord qu'il suffit de la réchauffer ?
430180	432300	Oui, oui, mais c'est du coup au bain-marie.
432740	433140	Et du coup, ça fait 40 minutes.
433140	433580	Ah oui, d'accord.
433860	435380	Il y a une petite installation, quoi.
435560	437840	Voilà, et du coup, là, ça faisait 30 minutes.
438000	439720	Et j'ai juste le temps de mettre le riz en même temps.
439960	442440	Et normalement, à la fin du podcast, paf !
442440	443400	Oh là, le loup gourmet.
443760	444120	Dis donc.
444120	444240	Ah, ouais.
446200	446760	C'est bien, ça.
446840	447340	Non, mais c'est bien.
447460	447900	T'as raison.
448320	450200	Attends, on va pas se laisser abattre, mais...
450200	452480	Je t'avoue que là, les produits du marché, ça manque.
453240	455480	Les petits pâtés en croûte, les petits trucs, moi, ça manque.
456760	460220	Là, la bouffe de supermarché depuis quoi ?
460220	460960	Quatre semaines ?
460960	461080	Ouais.
461620	462000	C'est dur.
462300	465440	Eh ben, moi, j'ai une épicerie fine qui reste ouverte.
465500	466640	Et donc, je suis allé les voir vendredi.
466700	467280	J'ai fait un carnage.
468200	469300	Ouais, mais je...
469300	474260	Les mecs ne vont pas voir la différence entre confinement ou pas.
474720	475320	Grâce à toi.
475480	476180	Grâce à ta radio.
476200	479000	Ah, ben là, les mecs...
479000	479820	Le mec, il pleurait.
479960	480880	Ils vont tout manger.
481140	481360	Tout.
481940	483200	Ah, ben oui, mais...
483200	484960	C'est pas comme dans Astérix.
485460	486380	Le gars, il est pas dégoûté.
486480	487240	Là, je paye.
487740	489020	Non, à la fin...
489020	491040	Je sais pas ce que ça voulait dire, mais il pleurait.
491360	494540	Et son enfant est venu me donner mes huit sacs.
494680	495620	Et il me disait merci.
496180	497960	Il me disait merci dans toutes les langues.
498220	500680	Là, il y a plein d'enfants qui se tenaient la main.
501000	502440	De toutes les langues du monde.
502720	503360	Il y a une ronde.
503560	504280	Ouais, une ronde.
504440	505480	Et ils ont dit...
505480	506120	I love you.
506200	506980	Dans toutes les langues.
507240	507800	J'ai pas compris.
507960	508860	J'ai pas trop compris pourquoi.
509180	509660	Bon, voilà.
509780	511360	Ils m'ont donné un saucisson en plus.
511520	511980	Moi, j'ai essayé.
512100	512820	Bon, ben...
512820	513860	Oh, dis donc, oui.
514140	514640	Tiens, j'ai...
514640	515760	Alors, si, quand même.
515980	517640	J'ai un petit sifflet qui sèche.
517720	519580	J'ai mon pain tout chaud qui vient de sortir de la machine.
520160	520760	Je suis pas à plaindre.
521440	522660	Mais je t'avoue que ouais.
522800	525600	Là, une petite blanquette d'imprimeur.
525800	528480	Des petits fruits et légumes d'imprimeur, ça, ça me...
528480	529300	J'ai un petit fouette.
529540	531160	J'ai un petit fouette, là, qui est pas dégueu.
531660	532760	C'est quoi ? C'est corse ?
532760	533980	Non, c'est espagnol, le fouette.
534100	534540	C'est espagnol ?
534540	535740	Tu sais, c'est une espèce de saucisse.
535880	536960	Enfin, un saucisson, mais...
536960	539480	Ouais, je pensais qu'ils disaient que c'était corse.
540140	541620	Ah, mais le saucisson...
541620	542200	Vous êtes très...
542200	542760	C'est marrant.
543060	546060	Parce que vous, vous êtes beaucoup plus charcuterie que fromage, j'ai l'impression.
546200	548000	Alors que moi, vraiment...
548000	549480	Ah, euh...
549480	550840	Comment...
550840	551900	Disons, disons.
552000	553000	C'est le débat d'une vie, hein.
553420	554500	Ah, alors, c'est le débat d'une vie.
554580	560700	Mais disons que le fromage, moi, je ne l'aime que si je peux en faire un repas entier.
561560	562620	Donc, tu vois, une bonne...
562760	564040	Une bonne bouteille et plein de...
564040	565540	Un plateau de fromage et du bon pain.
565960	566940	Et là, je me fais un repas.
567120	567740	Et une chiasse.
568060	569040	C'est le quatrième...
569040	570600	C'est le quatrième...
570600	571820	Enfin, une constipation, quoi.
573340	575580	Alors, oui, on n'a pas tous le même...
575580	577500	Même système digestif, mais...
577500	580660	Oui, non, on n'est pas tous égaux du système digestif, mais enfin, plus on vieillit...
580660	581180	C'est ce que je veux dire.
581220	583860	Plus on se rend compte qu'il y a un repas que de fromage, d'une façon ou d'une autre,
583920	584440	il va mal passer.
584580	585100	Il y aura des dégâts.
585120	585740	Ben, je ne sais pas, non.
585820	588800	Ben, tu vois, un repas que de charcuterie, ce n'est pas forcément mieux.
588800	593120	Mais, tu vois, la charcuterie, je peux la prendre comme ça, en entrée, en apéro,
593660	594220	avant de manger.
594580	598740	J'ai du mal, après un gros repas, à manger du fromage.
598940	600620	Donc, ce qui fait que, de fait, j'en mange un peu moins.
601060	601500	Ah, oui, oui.
601840	605420	Ah, non, moi, j'avoue qu'il m'arrive de...
605420	608060	Oui, en fait, ce que je fais maintenant, c'est qu'effectivement, je le mange au début,
608560	611940	parce que sinon, en fait, je ne mange pas pendant le repas, juste pour déglinguer le...
611940	613560	Ah, ben voilà, dans ces cas-là, d'accord.
613940	616520	Mais s'il y a un bon repas, tu vois, tu as une bonne blanquette avant,
617080	618380	tu peux être sûr que je ne prendrais pas de fromage.
618600	618720	Ah.
618800	624140	Un fidèle auditeur, un ami à moi, professeur qu'on salue, qui s'appelle Hugo,
624880	626740	avait une...
626740	629000	Il m'a raconté souvent cette anecdote de son père,
629640	632100	qui, je crois, est allé dans un resto,
632280	635560	un resto un peu cher, et puis les mecs leur avaient mal parlé.
636500	637520	Tu vois, ils avaient pris...
637520	640120	Je ne sais plus ce que c'est l'histoire, mais en gros, ils l'avaient peut-être pris de haut,
640120	641680	ou c'était très cher, c'était pas très bon.
642220	645100	En gros, ils voulaient se venger, et du coup, ils se sont dit,
645200	647760	bon, c'est cher, ils nous ont fait chier,
648040	648780	ils ne sont pas sympas.
648800	653380	Et à la fin, erreur totale à ne pas faire sur un mec qui vient d'Auvergne,
653780	654420	il y a un plateau.
654640	655800	Mais tu sais, un plateau de...
656540	657000	Ce n'est pas...
657000	659360	On t'amène une assiette avec trois fromages.
659540	662580	Tu sais, tu peux couper ce que tu veux, tu dis au mec tant que tu veux.
662600	662920	D'accord.
663640	665800	Et là, ils se sont dit, on se venge de manière fromagère.
666540	668120	Genre, on va récupérer notre argent.
669980	675400	Et ils ont fait un scandale auquel tu ne peux rien faire.
675500	677800	Donc, si on vous emmerde dans un resto qui a un plateau de fromage...
677800	678300	Très bien.
678300	678600	Très bien.
678600	678940	Très bien.
679120	680100	Mais c'est bon.
680320	681520	Prenez-leur la paix, c'est un mois.
682000	683400	Ben ouais, mais qu'est-ce que tu veux qu'ils fassent ?
683400	685300	Tu prends des parts énormes, tu les bouffes,
685700	688880	et tu en demandes dix fois, et puis voilà, c'est le jeu.
689240	690640	C'est le jeu du buffet, ils l'ont perdu.
691420	692060	Ouais, ouais, ouais.
692160	693140	Mais alors, tu vois, pareil.
693560	695720	Un bon buffet de fromage, c'est seul.
696460	698500	Si, alors après, je ne dis pas non.
698680	701160	Après, un bourre-pas, une petite tranche de Roquefort.
701360	702020	Ça, j'avoue.
702220	703280	Putain, mais j'avoue, moi.
703280	704600	Mais tu vois, le chariot...
705180	706580	Non, mais arrête, je rêve, je rêve, là.
706580	712980	Je pense, c'est rare, mais quand le chariot du fromage arrive, quoi.
713380	714380	Putain, mais comment c'est rare.
714720	715140	C'est un moment...
715140	718080	Avec ses petites roulettes, et puis tu le sens venir, tu le sens arriver, quoi.
718160	721500	Le mec, il jauge, et puis dès le premier truc que tu demandes,
721600	722740	il sait si t'es un vrai ou pas.
722980	723320	Tu vois ce que je veux dire ?
723320	723880	Ben oui, bien sûr.
724240	726800	Si tu lui dis, vous avez du gruyère, bon.
726960	727920	Non, tu ne dis pas, vous avez, oui.
728640	729980	Déjà, il ne faut pas lui dire, c'est quoi ça.
730060	732580	Mais si tu lui sors direct, en pointant...
734080	736400	Dis donc, c'est un petit brie truffé que vous avez là ?
736400	736560	Je ne sais pas.
736580	739460	Ben pas, tu le demandes, tu dis, je vais prendre un bout des poisses,
739720	741340	et toi, bam, le gars, il sait.
741620	743480	Là, le gars se dit, tiens, tiens.
743720	744100	Un connaisseur.
744120	745700	Est-ce que j'ai un fromage hausse ? Un fromage hausse.
745860	750060	Et là, il balance le premier chariot qui était pour les toccards,
750240	755580	et il te ramène dans la deuxième pièce, et là, on s'amuse.
755660	758640	Alors là, il y a déjà deux, trois mecs, des vrais fromage hausse
758640	762440	qui sont arrivés au début du repas, qui sont là, ils te regardent,
762800	764740	vous vous reconnaissez, pas besoin de parler, un regard,
765220	766400	ils se disent, lui...
766400	767420	C'est un fromage hausse.
767800	772460	Tu t'installes, la nappe est impeccable, d'une blancheur immaculée,
772680	774640	il y a quoi ? Il y a trois couteaux ?
774640	776780	Un couteau pour les crémeux, un couteau pour les pâtes dures,
776860	779020	et puis le dernier pour le beurre, si jamais tu prends du beurre avec.
780460	783540	Et puis là, il y a un reblochon laitier, ou lait cru,
784420	785940	qui est arrivé devant toi, comme ça, qui se pose.
785960	788000	De toute façon, moi, c'est sûr...
788000	788560	Tu le tâtes ?
788560	790780	Des fois, j'ai envie d'être condamné à mort,
790900	792340	juste pour pouvoir faire le dernier pas.
794240	795040	À mort !
795040	798240	J'ai un petit tips, tu n'as pas besoin d'être condamné à mort.
798400	800840	Dis-toi que demain, tu es condamné à mort, et fais-toi ton plateau.
800980	803740	Oui, tu peux, mais de toute façon, vu ce que je vais manger,
803860	804880	je suis condamné à mort.
805520	807120	C'est-à-dire que ce qui se passe après...
807120	808480	Ça marche dans l'autre sens.
809780	811180	De toute façon, c'est terminé.
814180	818020	Je crois que tu prends moins de risques avec le fromage que la charcuterie.
818680	821900	La charcuterie, il y a un vrai truc de bouton, je crois.
822680	824460	Oui, ça, c'est connu, par contre.
825040	827920	Je me souviens de petites sessions en Corrèze, à la campagne,
828000	829920	où au bout de deux semaines, vraiment...
829920	834380	Si tu ne manges que ça, il y a un vrai problème de sébum.
834680	835460	Je ne sais pas ce qui se passe.
835800	837260	Tu n'es plus vraiment la même personne.
839660	842500	Tu peux te faire ta propre charcuterie avec tes joues, au bout d'un moment.
842980	843560	Il y a un vrai problème.
844160	849060	Mais j'avoue que moi, tu vois, le bon pâté de lapin,
849460	852140	le pâté forestier, le pâté en croûte...
852140	854240	Ah oui, mais ça, c'est sûr, tes charcuteries.
854240	855020	Toi, je le sais.
855600	858400	Avec un flingue sur la tempe, tu dirais charcuterie.
858560	858880	Charcuterie.
859040	859520	Ça, je suis sûr.
859520	859760	Oui, oui.
861360	862820	Comme quoi, il n'est pas si dur, ce débat.
862940	864220	On a tous notre...
864220	866720	Non, il n'est pas si dur, mais disons que quand tu m'as posé la question,
866840	871660	tu vois, me priver d'un maroilles bien fait, d'un Roquefort,
871820	874740	ou même juste d'un peu de tombe truffée, ça m'a fait mal.
875080	875300	Oui.
875980	876560	Tu vois ?
876560	877140	Ça m'a fait mal.
877520	880040	Je pense qu'un terme de fromage dans la vie est plus important quand même.
880400	882200	On n'est peut-être pas prêts pour l'effondrement.
882200	883080	Non.
884240	884960	Ah ouais.
885420	887380	S'il n'y a plus de maroilles, je me dézingue.
887740	889600	Comment vous voulez dire ?
889600	891360	Dans votre bunker, il n'y a pas de maroilles, mais je ressors.
892020	893420	Laissez-moi sortir immédiatement.
894580	896540	Je ne peux pas durer trop longtemps ce soir.
897220	898740	Donc, est-ce que tu as un dernier sujet ?
898740	899960	On va faire un petit quart d'heure.
900820	904120	Alors, écoute, moi, je vais peut-être plomber l'ambiance.
904440	905680	Je vais peut-être être un peu sérieux.
906460	907800	C'est ton rôle aussi, mon grand.
907960	909240	C'est mon rôle aussi, c'est vrai.
909240	912980	Et puis, tu vois, je ne vais pas me retenir de parler.
913140	913240	Parce qu'ici...
914240	916780	Je sais que ce qu'on aime, c'est les gens qui sont cash.
917100	919040	Les gens franco de pain.
919200	919900	Franco de pain.
920400	922440	Et donc, je voyais...
922440	923040	Vous n'avez pas ?
923040	925740	Je suis très pas.
925860	926240	D'accord.
927560	928940	Et vous ?
928940	930700	Plutôt pas ?
930700	931580	Extrêmement pas.
931820	932440	Extrêmement pas.
933320	934360	C'est important.
935420	939360	Je voyais la première ministre écossaise,
939360	940380	la chef du gouvernement écossaise,
940460	942360	qui, tous les jours, fait un point hyper technique,
942500	943300	répond à des questions,
943300	944740	et gère la crise comme ça.
945220	947100	Et à côté, je voyais notre président,
947640	949020	chef de guerre jupitérien,
949140	951080	qui prend le ton de Independence Day,
951340	952540	en disant, nous sommes en guerre.
953040	954360	Et je me suis dit que, vraiment,
954520	955580	on était un vieux pays,
955900	957300	où il est au milieu de ces dorures,
957400	958380	alors qu'il y a des écrans,
958480	958980	elle a un iPad,
959140	959860	elle balance des trucs.
960040	960680	Et on est en Écosse,
960800	961640	on n'est pas en Suède.
961640	964800	Et t'as vu le mec du Guatemala ?
964800	965020	Non.
965500	965960	Ah, il est bien.
966720	968500	En gros, il explique que, déjà,
968980	970740	il n'y a pas de facture d'eau et d'électricité
970740	971360	pendant trois mois,
971740	972560	et que le premier,
972560	974560	chef d'entreprise riche,
975680	976560	qui vient péter les couilles
976560	978100	parce qu'il va perdre 10% cette année,
979080	981020	personnellement, il le foutra en prison.
981720	984460	Et en gros, il est vraiment...
984460	986840	Là, toi, tu me parles des décisions,
986940	988440	mais moi, je te parlais même juste de la forme.
988660	989020	Ah oui.
989740	991220	Tu vois, t'as vraiment l'impression,
991640	994960	de ce côté d'appartenir à,
995180	995700	ce qui est le cas,
995760	996680	à une sorte de vieux pays,
996800	997480	d'un vieil empire
997480	998720	qui s'accroche à ses dorures.
998900	1000260	Et à côté, il y a les autres
1000260	1001740	qui sont des techniciens,
1002560	1003620	qui répondent à des questions
1003620	1004540	sur un écran.
1004660	1005580	C'est ce que je te disais il y a quelques jours.
1005600	1006560	C'est de la forme impure.
1006780	1009320	Ce truc-là montre que la France
1009320	1011380	est clairement dans le...
1011380	1013280	descend du top 10 des pays
1013280	1016320	au niveau de la modernité
1016320	1019420	et va très tranquillement
1019420	1021800	dans top 20, top 30.
1022080	1023160	Voilà, c'est sûr.
1023180	1025740	Il y a plusieurs facteurs, bien sûr.
1026000	1027440	Mais on a encore une belle armée,
1027580	1028520	un beau défilé militaire.
1029520	1031080	On vend quand même pas mal d'armes.
1031520	1032260	Ça, c'est pas mal.
1032560	1034680	On est premier chez les gens
1034680	1036200	qui se tuent avec des antidépresseurs,
1036260	1036860	quand même.
1037520	1039400	Quand même, merci de le reconnaître.
1039540	1041020	Bon, il nous reste toujours
1041020	1042660	8 millions de fromages, je crois.
1043440	1044840	Je crois qu'on est passé à 10
1044840	1046160	depuis la semaine dernière.
1046940	1049100	Il y a un gars qui en a répondu 2-3.
1049380	1052100	D'ailleurs, j'ai bien réussi...
1052100	1054720	Je te parlais de ce documentaire
1054720	1055880	sur la vie d'Edouard Philippe
1055880	1056420	qui s'appelait...
1056420	1058140	J'ai retrouvé Edouard, mon pote de droite,
1058420	1059780	qui est un mec qui traînait
1059780	1061160	avec Edouard Philippe
1061160	1062020	quand il était jeune.
1062260	1062340	Oui.
1062560	1063900	Qui est un gauchiste,
1064000	1064660	qui est écharpé.
1065620	1066580	Donc voilà, il le suit.
1066740	1068060	Donc il y a deux épisodes.
1068800	1069700	Il y a un épisode
1069700	1071060	où il gagne la mairie du Havre
1071060	1071540	et un épisode
1071540	1073260	où il fait les primaires avec Juppé.
1073700	1073980	Après...
1073980	1075620	Et il y aurait un autre épisode
1075620	1077040	où il est avec Macron.
1077480	1077960	Mais du coup,
1078340	1081100	j'ai vu que le 2
1081100	1082060	que j'ai pu télécharger
1082060	1085060	parce que le truc est passé...
1085060	1085220	Introuvable.
1085540	1085860	Introuvable.
1085980	1086680	Et je comprends pourquoi.
1086840	1088060	En vrai, c'est ouf.
1088240	1088980	Il balance des...
1088980	1090060	Déjà, on le voit faire de la boxe
1090060	1090360	tout le temps.
1090640	1091140	C'est sourd.
1092560	1093680	Non, mais il y a que...
1093680	1094400	Il est incroyable.
1094620	1095360	Et il faut que je te l'envoie.
1095500	1095920	Mais surtout,
1096120	1097080	je cherche activement
1097080	1097780	le premier épisode
1097780	1098740	s'il y a des gens qui ont ça
1098740	1100300	parce qu'il est introuvable
1100300	1101280	sur les sites de Torrent.
1101440	1102240	Et vraiment,
1102600	1103240	si vous voulez comprendre
1103240	1103860	Edouard Philippe
1103860	1105020	et c'est ce que je te disais
1105020	1105920	comment il me fait peur,
1106580	1107020	regarde ça.
1107320	1107880	C'est ouf.
1107920	1108820	Je te l'enverrai d'ailleurs.
1109000	1109820	OK, OK, OK.
1110180	1110980	Écoute, je suis...
1110980	1111600	Ouais, je suis preneur.
1111940	1112980	Ça reste un mystère,
1113060	1113960	ce petit bonhomme pour moi.
1114060	1114260	Ah oui.
1114580	1115700	Il annonce totalement
1115700	1117080	que Macron a zéro chance.
1117380	1118460	Il annonce totalement...
1118460	1119520	Il a tellement de trucs.
1119880	1120680	Il est vraiment en roue libre.
1120860	1121800	Il n'est pas du tout connu
1121800	1122100	à l'époque.
1122300	1122600	Donc en fait,
1122660	1124100	il parle vraiment comme un gars...
1124100	1125120	C'est un strip-thick, le truc.
1126060	1126880	Et il faut le voir.
1127120	1127480	Vraiment.
1128240	1129260	Et si quelqu'un l'a,
1129540	1130700	qu'il l'a enregistré à la télé,
1130880	1131720	le premier épisode,
1132020	1132840	ça a l'air exceptionnel.
1133900	1135540	Écoutez, le message est passé.
1135980	1137660	On espère que les causticots
1137660	1138520	sont retrouvés...
1138520	1139520	Edouard, mon pote de droite.
1139520	1140100	Edouard, mon pote de droite.
1140220	1140940	Un documentaire.
1141660	1143120	Le riz est cuit ?
1143120	1143840	Je pense, là.
1143920	1144940	Il est peut-être même mou.
1145180	1146240	Mais alors, je vais devoir vous laisser.
1146240	1147320	Eh bien, écoutez,
1147380	1148440	je vous souhaite une bonne blanquette
1148440	1149240	par les 18.
1149260	1149360	Merci beaucoup.
1150040	1151560	Et puis, je vous dis à demain.
1151980	1152780	À demain, comme toujours,
1152860	1153280	Fidel Opas.
1153300	1153920	Bonne soirée.
1154180	1154920	Salut, mon vieux.
1159920	1160860	Si j'attends deux jours,
1160920	1161720	je peux encaisser le mec.
1162600	1163480	Deux jours, hop,
1163660	1164520	je me prends un petit quart d'heure.
1164660	1164840	Ça va.
1165180	1166000	Demain, ça va être dur.
