start	end	text
0	8240	J'appelle Paris 20, en direct.
20380	22980	Allô Paris 18, est-ce que ça enregistre ?
22980	26220	Paris 20, ça enregistre, je confirme, depuis 22 secondes.
26220	32080	Bon, alors, il semblerait que notre épisode jour 3 n'est pas enregistré.
34000	35280	Donc il faut qu'on le refasse.
35760	36120	C'est ça.
37480	41300	Et les aléas du confinement, j'ai envie de dire, c'est pas grave.
43060	45400	Finalement, c'est pas très grave, on n'avait rien dit d'intéressant.
45840	48060	Alors, on avait dit pas mal de choses, quand même.
48620	49920	Les choses cruciales.
50200	51220	Quand même !
51220	51920	Quand même !
51920	52720	Quand même !
52720	54840	Les choses cruciales qu'on a dites.
55480	55720	C'est...
56220	59440	L'impression d'être un correspondant de guerre à l'autre bout du monde,
59560	61520	quand on parle avec les gens depuis le début du confinement.
63120	63900	Tout à fait.
64120	65440	Vous confirmez qu'on a dit ça.
66720	68060	Je vous le confirme en plateau.
68580	68820	Voilà.
69020	74480	Nous avons également émis l'hypothèse que nous étions deux petites putes.
76660	79960	Effectivement, la somme, le groupe...
79960	80180	Oui.
80600	82420	Plutôt Caustic étant un groupe de petites putes,
82420	86200	nous avons voulu savoir s'il était constitué de deux petites putes.
86220	87020	C'est une pute individuelle.
87200	89400	Et selon la dépêche AFP, c'est sûr.
89900	90320	C'est sûr.
90500	90600	Voilà.
90760	91460	Donc ça, c'est sûr.
91980	94840	Et enfin, parce qu'on ne va pas refaire non plus le même épisode,
94980	96100	tant pis, vous l'avez raté.
96320	96620	C'est ça.
96700	100160	On a parlé un peu peut-être de notre routine sport.
100360	102580	Alors, j'avais prévu d'en faire tous les matins.
102800	105200	Finalement, j'en profite pour dormir un peu plus.
105960	107760	Le midi, j'avais prévu d'en faire.
108380	110200	Finalement, je regarde des séries avec ma moitié.
110840	112480	Et le soir, j'avais prévu d'en faire,
112640	114620	mais je mange du saucisson en buvant de la bière.
115060	116100	Donc, au final, on est sur...
116100	116180	On est sur...
116180	116200	On est sur...
116220	119340	On est sur une routine sport plutôt ratée.
119600	121140	Oui, c'est rassurant,
121260	124060	puisque vous faites exactement comme quand vous avez une journée de travail.
124220	125660	C'est-à-dire que vous travaillez bien
125660	128340	et que finalement, le quotidien n'a pas tellement changé que ça.
128720	131420	On a l'impression de ne plus avoir de temps pour soi quand on télétravaille.
131940	132320	Exactement.
132480	135140	Mais je fais plus de sport en temps normal qu'en télétravail.
135960	139000	C'est vrai qu'il n'y a même pas lu la course dans le métro.
141760	142420	C'est certain.
142540	145200	Et même la petite séance de sport quand je rentre du travail.
145200	146520	Là, non.
146920	147600	Là, ça n'arrive pas.
147740	150880	Il va falloir que je fasse quelque chose pour changer ça, je pense.
152700	153360	Quoi d'autre ?
153360	157780	Oui, nous avions aussi parlé de ces gens qui nous ont demandé sur Twitter de faire un Discord.
158560	158760	Oui.
159360	161200	Alors, le Discord, ce qu'on disait, c'est que...
162800	164200	Je comparais ça...
164780	167500	Alors, c'est vrai que c'était il y a cinq minutes, mais qu'est-ce que je me suis fait rire.
168060	168380	C'est vrai.
168800	173200	Je comparais ça au MSN Messenger de notre génération.
173200	174520	Ha, ha, ha.
175200	178200	Si vous voulez qu'on fasse un Discord, on fera un Discord.
179440	182000	Moi, j'avoue que je ne m'en suis jamais servi.
182320	184380	Je sais que c'est normalement animé par les communautés.
185200	189020	Donc, si vous voulez animer ça, une sorte de petit forum plutôt caustique, faites-le.
189440	192520	Je pense que c'est un bon moment en plein confinement pour le lancer.
192680	194220	Donc, je vais lancer ça ce soir.
194520	194960	Je vais regarder.
195460	196280	Voilà, je vais m'y pencher.
196840	197480	Très bien.
199700	201360	Quoi d'autre ?
201360	202360	Alors, quoi d'autre ?
202360	203360	On avait également...
204460	205040	On a parlé...
205040	205160	On a parlé...
205160	205180	On a parlé...
205200	207380	On a parlé de l'idée de l'ingénieur...
207380	208220	Voilà, voilà.
209640	210000	Urbain.
210320	210980	Urbain, oui, oui.
211080	211760	Voilà, pour ne pas le nommer.
212020	217180	Qui a eu l'idée pour combattre tous ces gens qui sont encore dehors de...
217180	217800	Pardon, excusez-moi.
217860	218700	J'ai vraiment envie de tousser en plus.
218820	218980	S'amuser.
220780	221380	Bah, faites, faites.
221540	222860	Eh, ça fait partie du...
222860	224380	Ça fait partie de plutôt confiner la tour.
226020	228400	Ah, d'ailleurs, est-ce que vous avez fait un point température aujourd'hui ?
228400	228840	Pas du tout.
229040	230060	Et là, j'ai très peur.
230720	231060	D'accord.
231060	232260	Bon, tenez-moi au courant quand même.
232400	234240	Est-ce que c'est avant tout pour ça qu'on s'appelle ?
234240	234620	C'est vrai.
234620	236180	Mais comment va votre santé ?
236180	236700	Ça touche ?
236700	237120	Ça a chaud ?
237120	237540	Ça allait bien.
238260	240600	Là, j'ai juste un petit chat dans la gorge, je crois.
240640	240940	D'accord.
241560	242840	Mais ça va.
243400	243720	Très bien.
244000	245600	À part ça, non, vraiment, aujourd'hui, au top.
245860	246340	J'ai même...
246340	247820	Je me suis levé de mon lit, j'ai fait une soupe.
247920	248260	Tout va bien.
248380	248760	Ah, c'est bien.
248960	250320	Alors, votre idée ?
250320	253440	Mon idée, pour combattre les gens qui sont dehors et qui font chier, on peut le dire.
253460	254320	Oui, c'est sûr, c'est certain.
255300	259960	On pourrait se servir des geeks qui sont forcément chez eux et qui ont forcément des drones
259960	264420	pour piloter des drones armés de petites bombes avec du caca dedans.
264420	264580	Alors...
264580	268500	Alors, pas du caca d'humain, du caca d'animaux, parce que le caca d'humain peut transporter
268500	268840	le virus.
269060	269380	Donc...
269380	271060	Et donc, je rajouterais...
271060	272140	Ha ha !
272140	273460	Pas du caca de pangolin.
274240	277340	Et pas du caca de pangolin, effectivement, puisque...
277340	278040	Oui, parce que...
278040	278760	Oui, je pense que...
278760	279480	Voilà, voilà.
280180	282400	Parce que c'est contre-productif.
283140	285520	Écoutez, moi, je pense que c'est une excellente idée.
285700	286480	Je vous l'ai déjà dit.
286720	287800	Pour moi, c'est parfait.
288020	291960	Eh oui, parce qu'on pourrait faire ça sur Twitch, choisir nos victimes, évidemment...
291960	292640	Nature !
292640	293820	Éviter les SDF.
293820	294380	Il faudrait vraiment prendre...
294380	298740	Il faudrait vraiment prendre des gens qui sont dehors parce que c'est des cons.
299060	299340	Donc là, on pourrait...
299340	300140	Oui, oui, bien sûr, bien sûr.
300460	303220	Un peu les observer, voir si c'est des cons, s'ils font vraiment...
303220	304520	Et là, bam !
304520	305320	Une bombe au caca.
305840	306360	Par exemple...
306360	307540	Avec un petit mot, rentre chez toi, connard.
307940	310600	En temps de confinement comme ça, qu'est-ce qui définit un con dehors ?
310600	314440	C'est un touriste, par exemple, un mec qui prend des photos, un mec qui se balade en groupe,
314600	314960	comme...
314960	316280	Oui, ah bah des gens...
316280	319000	Déjà, n'importe qui qui a plusieurs bombes au caca.
319280	320360	En plus, c'est plus facile pour viser.
320740	321580	OK, c'est vrai, c'est vrai.
321580	323620	Tu l'as sur le groupe, ça explose très très bien.
324380	324700	Voilà.
326120	328460	Les vieux aussi qui sortent pour faire leur con.
328460	329980	Non, non, non, j'ai besoin de me nourrir.
330080	331140	Non, bombe au pipi, direct.
331320	331860	Bombe au pipi.
332080	335460	Oui, mais alors les vieux, à la limite, est-ce qu'on peut pas dire, ils font ce qu'ils veulent ?
336600	337800	Il y a un petit côté, ils font ce qu'ils veulent.
337880	338280	OK, OK.
339180	340840	Parce que finalement, on se confine pour eux.
342020	343640	C'est vrai qu'on se confine un peu pour eux.
346220	348340	Bombe au caca, bombe au pipi, je sais pas moi.
349040	351460	Si on voit, par exemple, trois gars...
351580	354740	Ils sont en train de boire une bière, pas en terrasse, mais genre dans un parc.
354880	356580	Ça part en chiasse de...
357100	358540	Je sais pas, chiasse de chat.
358660	359680	Une litière sur leur gueule.
359780	360940	Bombe à la chiasse, je pense.
361260	361480	Ouais, ouais, ouais.
362340	363660	Non, non, non, c'est certain.
364160	366080	Mais je suis sûr que les...
366080	368280	Alors, je sais que c'est interdit de conduire un drone en ville, tout ça.
368340	370060	Mais là, les forces de l'ordre, c'est plus de notre côté.
370800	374120	En fait, en Espagne, ils utilisent ça pour dire aux gens de rentrer chez eux.
374740	378040	Les gens ont l'air de s'en foutre parce qu'ils n'ont pas la bomba des cacas
378040	380580	que toi, tu pourrais imaginer.
380580	381320	Il y a déjà...
381580	381960	Ah, OK.
382240	385820	Il y a déjà des drones, mais pas de bomba des cacas.
386220	389840	Eh ben, moi, je pense que si les drones étaient armés de bomba des cacas...
391560	393920	Seguro, claro, claro que sí, claro que sí.
393980	397840	Disons que je suis un peu comme un Américain avec les...
398440	400480	Si on avait des armes, ça se passerait pas comme ça.
400620	401980	Mais c'est des armes qui ne tuent pas.
402100	403900	Moi, c'est des armes qui puent, principalement.
404300	407040	Oh, on est quand même sur de l'arme bactériologique.
408300	409240	Ouais, j'espère que c'est...
409240	411440	Non, non, à la base, c'est juste pour que les gars puent.
411580	412860	C'est ce qu'on appelle...
412860	414980	C'est juste, moi, je suis dans le quipu.
415400	416300	D'accord, d'accord.
417260	417540	Voilà.
417700	418980	Parce que c'est une bombe sale, quoi.
419100	420240	C'est ce qu'on appelle une bombe sale.
420760	423640	Une bombe sale, oui, mais...
423640	425120	Sadamusen en a utilisé, hein.
425160	428260	Vous êtes à deux doigts de verser dans le sadamisme.
428980	430880	Je suis dans le sadamisme du caca, c'est sûr.
431620	432400	Mais j'y crois.
433080	433700	Je crois que...
433700	436480	Non, mais en vrai, ça me ferait quand même bien rire
436480	438040	de voir des gars qui traînent dehors comme des cons
438040	440500	prendre des bombes au pipi, piloter par des drones,
440640	441320	tout ça sur Twitch.
441580	442220	C'est vrai.
442540	445640	Ok, écoutez, avis à nos amis inventeurs,
445720	446900	si vous avez ça sous la main,
447600	448800	peut-être qu'il est temps de le lancer.
449160	450880	Ça me paraîtrait peut-être une bonne idée.
451060	452180	Parlons-en sur le Discord,
452320	454580	s'il y a sûrement des gens,
454640	455840	des gens pourraient commencer sur Paris,
456060	457140	forcément un gars qui a un drone,
457380	458120	un gars qui...
458120	463240	Est-ce que c'est facile d'actionner à distance
463240	465740	le relâchage de quelque chose par drone ?
465740	466260	Je ne sais pas.
469020	471360	Je ne suis pas spécialiste.
471580	471860	Tout à fait.
473920	475340	Vous buvez, là ?
475340	480840	J'ai un petit rot de lèf triple fermentation.
482720	483940	Eh bien, on ne s'embête pas.
484480	485780	Alors, c'était ma dernière bière.
486880	489180	Alors, est-ce que vous buvez plus depuis le confinement ?
491840	494420	Je bois deux verres de vin par jour.
495340	495600	En vrai.
495620	495860	Ok.
496520	498180	Dont un pour mes vidéos que je fais.
500700	501140	Donc,
501580	502580	en gros, c'est un,
502680	503260	parce que mes vidéos,
503340	504340	je les fais avant le repas du midi.
505080	506360	Donc, un repas du midi
506360	507420	et un repas du soir.
507540	508360	Alors, après, bien sûr,
508760	509840	je n'ai pas dit la taille du verre.
511180	512260	D'accord, mais c'est raisonnable.
512640	514960	Votre verre, il ne fait pas deux litres ?
514960	517160	Non, mais il se calcule en litres.
517460	518740	Non, j'ai un cubit de trois litres
518740	521020	que j'ai acheté samedi
521020	524320	et je pense qu'il peut me faire les cinq semaines.
524760	526140	Oui, moi aussi, c'est quoi ?
526140	526920	Moi, c'est un petit Bordeaux.
527240	530020	Moi, c'est un amontanage de l'Uberon.
530520	530860	Très bien.
531580	533120	Ah oui, vous l'avez vraiment sous le coude.
533540	534780	Oui, juste là.
535400	537580	Et le...
538680	539720	Pourquoi je suis filmé ?
539720	540980	Vous me voyez, là ?
540980	541700	Non, pas du tout.
543120	544460	Parce qu'effectivement, je viens de le prendre.
544700	545500	En plus, je suis dans mon lit.
545780	549280	Il est vraiment sur l'armoire derrière, dans mon lit.
549360	550720	Parce que je le mets là pour les vidéos.
551620	552600	Quand je suis allé l'acheter,
553220	553820	j'ai dit au gars,
554420	556120	ça prend bien une semaine.
556680	557640	Et puis, je rigolais un peu.
557640	559380	En même temps, je disais, pourquoi pas ?
559380	560140	Non, en fait, non.
560400	561120	Non, mais ce n'est pas ça.
561580	562600	Il m'a jugé.
562780	564420	Le mec, son métier, c'est de vendre de l'alcool.
565320	567160	Et il m'a fait, ouais, j'espère bien.
567380	568020	Et tout, j'ai fait...
568020	568760	Tu vois, j'étais...
568760	569500	Carrément ?
569500	570160	Ouais, je te jure.
571360	572560	Le mec m'a vraiment jugé
572560	573800	alors qu'il venait d'ouvrir son magasin.
573800	575520	On est sur un très, très mauvais caviste.
576360	577600	Ouais, c'est bizarre quand même.
577800	578340	Il était là.
578820	580920	Genre, il me juge que je bois du vin.
581620	582700	Caviste responsable ?
582700	583000	Non, merci.
583680	586380	Ça, c'est les cavistes bobos du 18e.
586380	588200	On est quand même sur une routine, tu vois.
588500	590540	Petite bière, petit vin en mangeant,
590620	591540	un petit whisky avant de dormir.
591640	594340	Moi, je vais finir si rosé, je pense.
595040	595500	Ah ouais ?
595500	597360	Moi, c'est ce que tout le monde me dit
597360	598520	vu la gueule que je fais dans les vidéos.
598660	600240	Mais finalement, pas plus que d'habitude.
601020	603080	Bon, il nous reste 15 secondes.
603080	605380	Qu'est-ce qu'on avait dit sur l'épisode
605380	607140	qu'on n'a pas réussi à enregistrer ?
607140	609360	On avait dit...
609360	610740	Salut la France !
610740	611400	C'est vrai ?
611400	612860	C'est vrai, on a dit ça ?
612860	614100	J'ai dit salut Paris 18.
614520	617600	5, 4, 3, 2, 1.
618000	619200	Salut la France !
619200	620540	Salut la France !
620540	621080	À demain !
621580	622380	À demain !
625640	626220	Sous-titrage ST' 501
